#include "webui_assets.h"

#ifdef ESP_PLATFORM
const unsigned char webui_index_html[] = {
    0x1f, 0x8b, 0x08, 0x00, 0x00, 0x00, 0x00, 0x00, 0x02, 0xff, 0xd5, 0x7d,
    0xed, 0x72, 0xdb, 0x48, 0x92, 0xe0, 0x7f, 0x3f, 0x45, 0x99, 0x9e, 0x16,
    0xc8, 0x15, 0x09, 0xf1, 0x43, 0x92, 0x65, 0x52, 0xa0, 0xc6, 0xed, 0x76,
    0x6f, 0x7b, 0xb7, 0xdb, 0x76, 0x58, 0xee, 0xe9, 0xdd, 0xd0, 0x69, 0x15,
    0x20, 0x51, 0x14, 0x31, 0x22, 0x01, 0x34, 0x00, 0x4a, 0x56, 0x53, 0x8c,
    0xd8, 0x5f, 0xfb, 0x04, 0xfb, 0x0c, 0xfb, 0x0a, 0xf7, 0xe3, 0xfe, 0xdd,
    0xa3, 0xcc, 0x93, 0x5c, 0x66, 0xd6, 0x07, 0xaa, 0x00, 0x90, 0x92, 0xbd,
    0x73, 0x11, 0x77, 0x11, 0x33, 0x16, 0x51, 0xa8, 0xca, 0xca, 0xca, 0xef,
    0xcc, 0xaa, 0x42, 0x9f, 0x3e, 0x0f, 0xe2, 0x69, 0x7e, 0x9f, 0x70, 0x36,
    0xcf, 0x97, 0x8b, 0xf1, 0x29, 0xfe, 0xcb, 0x16, 0x7e, 0x74, 0xed, 0x35,
    0x78, 0xd4, 0x80, 0x67, 0xee, 0x07, 0xe3, 0xd3, 0x25, 0xcf, 0x7d, 0x36,
    0x9d, 0xfb, 0x69, 0xc6, 0x73, 0xaf, 0xb1, 0xca, 0x67, 0x9d, 0x93, 0x86,
    0x6c, 0x8d, 0xfc, 0x25, 0xf7, 0x1a, 0xb7, 0x21, 0xbf, 0x4b, 0xe2, 0x34,
    0x6f, 0xb0, 0x69, 0x1c, 0xe5, 0x3c, 0x82, 0x5e, 0x77, 0x61, 0x90, 0xcf,
    0xbd, 0x80, 0xdf, 0x86, 0x53, 0xde, 0xa1, 0x87, 0x76, 0x18, 0x85, 0x79,
    0xe8, 0x2f, 0x3a, 0xd9, 0xd4, 0x5f, 0x70, 0xaf, 0x07, 0x20, 0xf2, 0x30,
    0x5f, 0xf0, 0xf1, 0x79, 0x1e, 0x4e, 0x6f, 0xce, 0x07, 0xec, 0xf5, 0x2a,
    0x8f, 0x97, 0x7e, 0x1e, 0xc6, 0x51, 0x76, 0x7a, 0x20, 0x5e, 0x9d, 0x66,
    0xf9, 0x3d, 0xfc, 0xf9, 0x87, 0xf5, 0x24, 0xfe, 0xd2, 0xc9, 0xc2, 0x3f,
    0xc2, 0xe8, 0x7a, 0x38, 0x89, 0xd3, 0x80, 0xa7, 0x1d, 0x68, 0xd9, 0x4c,
    0xe2, 0xe0, 0x7e, 0x3d, 0x8d, 0x17, 0x71, 0x0a, 0x40, 0xe7, 0x7c, 0xc9,
    0x87, 0x81, 0x9f, 0xde, 0x8c, 0xe2, 0x5b, 0x9e, 0xce, 0x16, 0xf1, 0x5d,
    0xe7, 0x2e, 0xf5, 0x93, 0xa1, 0x1f, 0xdd, 0xdf, 0xcd, 0x79, 0xca, 0x47,
    0x4b, 0x3f, 0xbd, 0x0e, 0xa3, 0x61, 0x77, 0x34, 0xf1, 0xa7, 0x37, 0xd7,
    0x69, 0xbc, 0x8a, 0x82, 0xe1, 0x8b, 0x5e, 0xb7, 0x77, 0xdc, 0x7b, 0x35,
    0x22, 0x20, 0xc3, 0x17, 0xfc, 0x84, 0xf3, 0x59, 0x77, 0x34, 0x83, 0x55,
    0x0c, 0x7b, 0x29, 0x5f, 0x1e, 0xf4, 0xdc, 0x23, 0x96, 0xdd, 0x67, 0x39,
    0x5f, 0x76, 0x56, 0x61, 0xbb, 0xe3, 0x27, 0xc9, 0x82, 0x77, 0x44, 0x43,
    0xfb, 0x9c, 0x5f, 0xc7, 0x9c, 0xfd, 0xfa, 0xae, 0x9d, 0xf9, 0x51, 0xd6,
    0xc9, 0x78, 0x1a, 0xce, 0x36, 0xbe, 0x40, 0x67, 0x18, 0x46, 0x30, 0x65,
    0x98, 0x8f, 0x72, 0xfe, 0x25, 0xef, 0x04, 0x7c, 0x1a, 0xa7, 0xb4, 0xb0,
    0x61, 0x14, 0x47, 0x7c, 0x33, 0x59, 0xe5, 0x79, 0x1c, 0x01, 0x3d, 0x92,
    0x55, 0xde, 0xce, 0xf8, 0x82, 0x4f, 0xf3, 0x36, 0x76, 0xf4, 0x53, 0xee,
    0xaf, 0x69, 0x6e, 0x39, 0x7c, 0x73, 0x31, 0x0f, 0x83, 0x80, 0x47, 0x97,
    0xeb, 0x20, 0xcc, 0x92, 0x85, 0x7f, 0x4f, 0xe3, 0x9f, 0x87, 0x4b, 0x24,
    0xb6, 0x1f, 0xe5, 0x0a, 0x92, 0x5f, 0x0f, 0xab, 0x9d, 0xad, 0x96, 0xb0,
    0xe8, 0xfb, 0x75, 0xbc, 0xca, 0x17, 0x61, 0xc4, 0x3b, 0xf1, 0x6c, 0x06,
    0x2c, 0x1c, 0x1e, 0x26, 0x5f, 0x36, 0xc3, 0x59, 0x3c, 0x5d, 0x65, 0x9d,
    0xdb, 0x30, 0x0b, 0x27, 0x0b, 0xae, 0x7a, 0x0c, 0xfb, 0xc9, 0x17, 0x96,
    0xc5, 0x8b, 0x30, 0x60, 0x2f, 0xfc, 0x80, 0x9f, 0x4c, 0x83, 0x8d, 0x9b,
    0xfa, 0xe1, 0x62, 0x9d, 0xc4, 0x59, 0x48, 0x0b, 0x98, 0x85, 0x5f, 0x78,
    0x30, 0x0a, 0x23, 0x84, 0xd3, 0x65, 0x3e, 0xb0, 0x8c, 0x75, 0x59, 0x77,
    0x44, 0x1c, 0x1e, 0xf6, 0x06, 0x40, 0x33, 0x9b, 0xbc, 0x47, 0x3d, 0xde,
    0xef, 0x8f, 0x24, 0xcf, 0xd2, 0xf0, 0x7a, 0x0e, 0x84, 0x2d, 0xe6, 0xe8,
    0xfb, 0x83, 0x93, 0x01, 0x1f, 0x25, 0x7e, 0x10, 0x20, 0x6b, 0xfb, 0x30,
    0x9c, 0x21, 0xdd, 0x47, 0x6a, 0xbd, 0xb3, 0x05, 0xff, 0x32, 0xc2, 0x7f,
    0x3a, 0x41, 0x98, 0xc2, 0xda, 0x10, 0x05, 0xa0, 0xf0, 0x6a, 0x19, 0x6d,
    0xdc, 0x49, 0xea, 0x47, 0xc1, 0x5a, 0xcc, 0x7c, 0x08, 0x6b, 0x1a, 0xcd,
    0x39, 0xc1, 0xa7, 0xdf, 0x8a, 0xd9, 0xcc, 0x3d, 0x41, 0xa0, 0x08, 0x99,
    0xd8, 0x8a, 0x52, 0xc4, 0x6d, 0x19, 0x98, 0x82, 0xc0, 0xf2, 0xf4, 0xa0,
    0x0f, 0xc3, 0x58, 0x14, 0x77, 0x52, 0x9e, 0x70, 0x3f, 0x67, 0xab, 0x74,
    0xd1, 0x74, 0x02, 0x3f, 0xf7, 0x87, 0xe1, 0xd2, 0xbf, 0xe6, 0x07, 0xd9,
    0xed, 0xf5, 0xfe, 0x97, 0xe5, 0xa2, 0xfd, 0xdd, 0xe0, 0x0d, 0xfc, 0x64,
    0xf0, 0x33, 0xca, 0xbc, 0xc6, 0x3c, 0xcf, 0x93, 0xe1, 0xc1, 0xc1, 0xdd,
    0xdd, 0x9d, 0x7b, 0x37, 0x70, 0xe3, 0xf4, 0xfa, 0xa0, 0xdf, 0xed, 0x76,
    0xb1, 0x73, 0x83, 0xa1, 0x56, 0x7c, 0x1f, 0x7f, 0xf1, 0x1a, 0x40, 0x20,
    0xd6, 0x3f, 0x84, 0xff, 0x35, 0xd8, 0x2c, 0x5c, 0x2c, 0xbc, 0x06, 0x72,
    0xb1, 0xc1, 0xb2, 0x3c, 0x8d, 0x6f, 0x40, 0x7b, 0xbe, 0xeb, 0x0f, 0x04,
    0xad, 0x55, 0x93, 0xd0, 0x17, 0xaf, 0x01, 0xc2, 0xd7, 0xf8, 0x6e, 0xf0,
    0x16, 0x66, 0x4c, 0xfc, 0x7c, 0xce, 0x02, 0xaf, 0xb1, 0xec, 0x0d, 0x58,
    0xbf, 0xf3, 0x8a, 0xf5, 0xfa, 0xf3, 0x97, 0x8b, 0x4e, 0x8f, 0x9d, 0xfc,
    0xdc, 0xef, 0xb2, 0x57, 0xf3, 0xce, 0xcb, 0x3f, 0x1a, 0x07, 0xa2, 0x27,
    0x4e, 0x0d, 0xbf, 0x9c, 0x96, 0xa4, 0x0f, 0xcb, 0x12, 0x3f, 0xb2, 0xc4,
    0x47, 0x70, 0x14, 0x34, 0xf7, 0x56, 0x37, 0x5f, 0xa7, 0x61, 0x30, 0xba,
    0x06, 0x5d, 0x71, 0x0f, 0x81, 0x4e, 0x45, 0x07, 0xe6, 0xaf, 0x15, 0x6b,
    0x04, 0x19, 0x89, 0x37, 0x8a, 0x99, 0x7e, 0x10, 0xae, 0x32, 0x31, 0x44,
    0xe9, 0x8f, 0xcf, 0x27, 0xb3, 0xe9, 0xb1, 0x09, 0x60, 0x38, 0x47, 0x6d,
    0x5c, 0x9b, 0x32, 0xd1, 0xef, 0x0e, 0xba, 0x83, 0x97, 0x66, 0xa7, 0x0b,
    0x3f, 0x0d, 0xfd, 0xce, 0x74, 0x95, 0xa6, 0xc0, 0x8a, 0x4b, 0xbb, 0xf3,
    0xd1, 0xc0, 0x1f, 0x0c, 0x14, 0xfc, 0x49, 0x6f, 0xd6, 0x0b, 0xb4, 0x38,
    0x2d, 0xf8, 0x2c, 0x1f, 0x0e, 0x2a, 0x12, 0xbb, 0xf4, 0xc3, 0x68, 0x2d,
    0xf8, 0x2f, 0xba, 0x08, 0xb1, 0xb4, 0x84, 0x0c, 0x5b, 0x36, 0x68, 0xdd,
    0x78, 0xda, 0x76, 0x33, 0x21, 0x58, 0x1d, 0x7c, 0x6e, 0xbb, 0x3e, 0x3d,
    0x64, 0x6b, 0x4b, 0x04, 0xfd, 0x45, 0x78, 0x1d, 0x75, 0x42, 0x50, 0xfb,
    0x4c, 0xca, 0xcb, 0xe8, 0xaf, 0xab, 0x2c, 0x0f, 0x67, 0xf7, 0x1d, 0x69,
    0xf2, 0x86, 0x40, 0x68, 0x30, 0x75, 0x13, 0x9e, 0xdf, 0x71, 0x1e, 0x11,
    0x35, 0x7b, 0xc5, 0x24, 0x0a, 0x9f, 0x49, 0x0c, 0x0a, 0xbb, 0x1c, 0x02,
    0x67, 0x49, 0x20, 0x51, 0xb0, 0xc9, 0x48, 0xe1, 0x3f, 0x9b, 0x79, 0x6f,
    0x5d, 0x88, 0x28, 0x49, 0xec, 0x82, 0xe7, 0x30, 0x55, 0x07, 0x41, 0x23,
    0xea, 0x1d, 0xb7, 0x7b, 0x08, 0xad, 0x52, 0xb6, 0xdd, 0x3e, 0x02, 0x61,
    0xdd, 0xcd, 0xbc, 0x6f, 0x8c, 0xeb, 0xb9, 0xbd, 0xa3, 0xfa, 0xa1, 0xfd,
    0x62, 0x28, 0x4a, 0xa4, 0x7b, 0x8c, 0xe8, 0x25, 0x6b, 0x8b, 0x75, 0x1a,
    0xf6, 0x21, 0x81, 0x66, 0x3d, 0xb7, 0xa4, 0x39, 0xee, 0xc9, 0xcb, 0x23,
    0x92, 0x11, 0x7e, 0xcf, 0x27, 0x69, 0x7c, 0x67, 0xcc, 0xec, 0xbe, 0xac,
    0x9b, 0xd8, 0xed, 0x19, 0xe2, 0x31, 0x98, 0xbc, 0x9a, 0x74, 0x37, 0x6e,
    0x02, 0x5a, 0x50, 0x48, 0xd6, 0x80, 0x96, 0xe1, 0x1e, 0x1f, 0x15, 0xc2,
    0x65, 0xda, 0x88, 0xc3, 0xc3, 0xa3, 0xa3, 0x23, 0x5e, 0x92, 0xba, 0xbe,
    0x21, 0x74, 0xd3, 0xde, 0x74, 0x16, 0x1c, 0x8d, 0x2a, 0x88, 0xdc, 0xcd,
    0x81, 0x5f, 0x84, 0x07, 0x07, 0xc1, 0x27, 0x0a, 0xbb, 0x53, 0x3f, 0x0d,
    0x2c, 0xf9, 0xea, 0xbd, 0xea, 0x0f, 0xfa, 0x27, 0x35, 0xd3, 0xf6, 0xf9,
    0x20, 0x38, 0x3c, 0x2c, 0x0b, 0xbb, 0x40, 0x52, 0xa1, 0x2e, 0xd9, 0x58,
    0xe6, 0x6d, 0x9f, 0x08, 0x64, 0x4a, 0x55, 0x99, 0xfd, 0x95, 0x0e, 0x2c,
    0x29, 0x75, 0x01, 0x2a, 0x09, 0x3b, 0x97, 0x95, 0xb4, 0x14, 0xfe, 0xe9,
    0x80, 0x18, 0x42, 0x0b, 0x2c, 0x4e, 0x76, 0x19, 0x2e, 0xc3, 0x68, 0xe9,
    0x7f, 0x69, 0x76, 0xdb, 0x3d, 0xf7, 0x70, 0x96, 0xb6, 0x58, 0xf1, 0x0c,
    0x4f, 0x42, 0x16, 0x25, 0x56, 0x72, 0x04, 0x13, 0x94, 0x80, 0x7e, 0xc2,
    0xd8, 0xe0, 0x7c, 0x4a, 0xf0, 0xcb, 0x82, 0x4d, 0x52, 0x9a, 0x81, 0x47,
    0xc9, 0x4b, 0x02, 0x2b, 0x4c, 0x06, 0x89, 0x91, 0xbb, 0x8a, 0x16, 0xf1,
    0xf4, 0xe6, 0x29, 0xb8, 0x02, 0x4a, 0x0c, 0xfe, 0x2f, 0xb1, 0x32, 0x98,
    0xde, 0x91, 0xfc, 0x3c, 0x9c, 0x1c, 0x1f, 0x1d, 0xbd, 0x52, 0x20, 0xeb,
    0x28, 0x23, 0xdf, 0x90, 0xd3, 0x33, 0xd7, 0x40, 0xf8, 0x0d, 0x7b, 0xca,
    0x1b, 0x75, 0x0d, 0xcc, 0x20, 0xaa, 0x99, 0xf0, 0x45, 0x09, 0x94, 0x3b,
    0x90, 0x34, 0x89, 0xc0, 0xee, 0x2e, 0x32, 0x2d, 0x92, 0x5d, 0x23, 0x56,
    0x10, 0x82, 0x01, 0x2d, 0x06, 0xa9, 0x04, 0x2c, 0xb5, 0xd6, 0x09, 0xc2,
    0xaf, 0xaa, 0x88, 0x16, 0xcf, 0xa3, 0xa0, 0x1f, 0x9c, 0x98, 0x9a, 0x47,
    0xec, 0xaf, 0xf7, 0xfe, 0x0a, 0xf3, 0xee, 0x77, 0x4a, 0xaa, 0xf2, 0x58,
    0x9a, 0x65, 0x2d, 0x75, 0xee, 0x4b, 0xd2, 0x97, 0x13, 0x63, 0x0e, 0x19,
    0xb7, 0x94, 0x02, 0x9b, 0x57, 0x3d, 0x5e, 0xa7, 0x4f, 0x03, 0xd0, 0xa7,
    0x59, 0xad, 0x15, 0xc7, 0x35, 0x4a, 0x27, 0xda, 0x27, 0xf8, 0x16, 0x96,
    0x6b, 0x0a, 0x66, 0xc8, 0x12, 0x4a, 0x1b, 0x28, 0x5e, 0x0f, 0x87, 0x40,
    0x86, 0x29, 0x9f, 0xc7, 0x0b, 0xb4, 0xa6, 0x6a, 0x29, 0x56, 0xab, 0x32,
    0x32, 0x27, 0x93, 0x57, 0x33, 0xff, 0xd5, 0x46, 0x2f, 0xd7, 0x98, 0xb0,
    0xa7, 0x0d, 0x8d, 0x22, 0x20, 0x04, 0x5f, 0xc7, 0x6c, 0x15, 0x76, 0x96,
    0x71, 0x14, 0x93, 0x16, 0xb7, 0xf5, 0xaf, 0x51, 0xca, 0x89, 0xd4, 0xe0,
    0x5a, 0x20, 0x78, 0xf4, 0x17, 0x9b, 0x6c, 0xe9, 0x2f, 0x76, 0x70, 0xc4,
    0x62, 0x88, 0x65, 0xe9, 0x04, 0x7d, 0x07, 0xc2, 0xa6, 0x41, 0x0c, 0x69,
    0xc8, 0x30, 0x19, 0x7e, 0x12, 0xf1, 0x23, 0x1a, 0x5e, 0xe3, 0x03, 0x4c,
    0x73, 0x7a, 0xb2, 0xd5, 0xe6, 0x20, 0x54, 0x29, 0xac, 0x92, 0xbf, 0x2e,
    0x39, 0x52, 0xb5, 0x72, 0xf1, 0x64, 0xd0, 0xc2, 0x90, 0x3f, 0x7f, 0x8a,
    0x53, 0x29, 0xd5, 0x90, 0x1e, 0x4e, 0x84, 0x7d, 0x85, 0x05, 0x25, 0xab,
    0x64, 0x3a, 0x67, 0x83, 0xdf, 0x39, 0x44, 0x01, 0x80, 0x0f, 0x7a, 0xd6,
    0x5a, 0x9e, 0x9b, 0x32, 0x23, 0xc0, 0x2b, 0x3a, 0xf5, 0xba, 0xfd, 0xa3,
    0xde, 0xb4, 0x46, 0xb0, 0xa9, 0xe5, 0x4e, 0xa0, 0x7a, 0xdc, 0xed, 0x8e,
    0xc0, 0x71, 0x67, 0x30, 0x20, 0x89, 0x43, 0x41, 0x14, 0x53, 0x8a, 0x84,
    0xb7, 0x10, 0x08, 0xcb, 0x58, 0x00, 0x62, 0x20, 0xe8, 0x36, 0x9c, 0x50,
    0x34, 0x18, 0xf1, 0x2c, 0x6b, 0x02, 0x05, 0x5a, 0xb2, 0x0f, 0x5a, 0xc5,
    0x38, 0x0a, 0x30, 0x6a, 0xb5, 0xc2, 0x80, 0xc1, 0xa0, 0x3f, 0x78, 0x55,
    0x36, 0x14, 0x42, 0x92, 0xe5, 0x53, 0xe0, 0xf3, 0x23, 0x3e, 0x51, 0x60,
    0x02, 0x48, 0x62, 0xec, 0xb8, 0xa3, 0x86, 0x10, 0x2a, 0xaa, 0x38, 0x3a,
    0x9e, 0xbe, 0xec, 0x29, 0x38, 0xb3, 0xd9, 0xe4, 0xe5, 0x44, 0xc1, 0x19,
    0x82, 0x30, 0xf8, 0x10, 0x20, 0x07, 0xeb, 0x18, 0xfd, 0x59, 0x7e, 0x0f,
    0xc2, 0xa0, 0xd6, 0x1b, 0xf0, 0x99, 0xbf, 0x5a, 0xe4, 0x1b, 0x37, 0xf7,
    0x27, 0x59, 0x8d, 0xd4, 0x1c, 0xa6, 0xb6, 0xc3, 0x95, 0xbe, 0x54, 0xe7,
    0x2f, 0xc2, 0x15, 0x54, 0x3c, 0x8e, 0xe4, 0xaa, 0xb6, 0x51, 0xc2, 0xbe,
    0xe2, 0x1c, 0x4c, 0xf2, 0x7d, 0xcb, 0xa2, 0x94, 0x8c, 0x4c, 0x41, 0xbc,
    0x5f, 0xca, 0x11, 0xae, 0x50, 0x5d, 0xc0, 0xbf, 0x14, 0x41, 0x55, 0x42,
    0xac, 0x8d, 0x7b, 0x73, 0xfb, 0x14, 0xf3, 0x4d, 0xc6, 0xa7, 0xea, 0x5f,
    0x84, 0x8e, 0x08, 0x19, 0xac, 0x89, 0x16, 0x6e, 0x6e, 0xd9, 0x64, 0x6d,
    0xca, 0xcd, 0x21, 0xca, 0x8d, 0x40, 0xe9, 0x15, 0x9f, 0x0c, 0x26, 0x01,
    0xf5, 0xa1, 0x60, 0xb5, 0x3e, 0x7d, 0x03, 0x7f, 0xe9, 0xdf, 0xc2, 0x3a,
    0x1e, 0xcf, 0x0c, 0x2c, 0x45, 0x2d, 0x9c, 0x97, 0x04, 0xc0, 0x20, 0x5a,
    0x32, 0x55, 0x1f, 0xc9, 0x3b, 0xda, 0x36, 0x65, 0x10, 0xde, 0x86, 0x68,
    0xbe, 0x24, 0xcf, 0x70, 0x80, 0xc1, 0xb0, 0xc1, 0xe0, 0xf0, 0xf8, 0x90,
    0x9b, 0x86, 0xa4, 0x27, 0xac, 0x80, 0x62, 0x21, 0x35, 0x91, 0x59, 0xd0,
    0x66, 0x1d, 0xc2, 0x72, 0x3f, 0x8a, 0x00, 0x64, 0x4d, 0x60, 0x5d, 0x17,
    0x47, 0xd4, 0xea, 0x6c, 0x55, 0x25, 0x4b, 0xf1, 0xf5, 0x60, 0x30, 0x29,
    0xa2, 0x23, 0xde, 0xe3, 0x5c, 0x4d, 0xeb, 0xc6, 0x37, 0xe5, 0x58, 0xfc,
    0xa4, 0xcf, 0xed, 0xf0, 0x5a, 0xf7, 0xe5, 0xa9, 0x1d, 0xb8, 0x1f, 0xf6,
    0xfa, 0x27, 0xfd, 0x69, 0x49, 0x4f, 0x54, 0xe7, 0x3b, 0x3f, 0xb5, 0x24,
    0xf3, 0xc5, 0x60, 0x3a, 0x38, 0xec, 0x0f, 0x8a, 0xde, 0xbc, 0xeb, 0x9f,
    0xa8, 0xde, 0x43, 0x90, 0xaa, 0xfc, 0xde, 0x4e, 0x4b, 0x02, 0x9e, 0x43,
    0x42, 0x90, 0xed, 0xa6, 0x75, 0x85, 0xb2, 0x26, 0xf1, 0x51, 0xd2, 0x54,
    0xca, 0x5b, 0xb2, 0x49, 0xb6, 0x2f, 0xae, 0x0a, 0xa8, 0x9c, 0xfc, 0x22,
    0x4e, 0x20, 0xdb, 0x1e, 0x2b, 0x20, 0xb5, 0x51, 0x5b, 0xee, 0xe7, 0xab,
    0x6c, 0x6d, 0x1a, 0xfa, 0x24, 0xe5, 0x24, 0x38, 0xdb, 0x0a, 0x0f, 0xaa,
    0x79, 0x88, 0xe9, 0x32, 0x60, 0xfc, 0x45, 0x9b, 0xc7, 0xae, 0x15, 0x4d,
    0x56, 0x92, 0x67, 0xd3, 0x85, 0xd7, 0xe6, 0x5b, 0x93, 0x97, 0xd3, 0x49,
    0x70, 0xa8, 0xbc, 0xe6, 0x6e, 0x9f, 0xb9, 0x71, 0x23, 0xc8, 0x4d, 0xe2,
    0xf4, 0xa6, 0x83, 0x61, 0xbb, 0xed, 0x2a, 0x8d, 0xb0, 0xc3, 0x70, 0xf2,
    0x98, 0x3c, 0x8d, 0x6a, 0xac, 0xb0, 0x32, 0xb8, 0x3d, 0x7e, 0x14, 0x4c,
    0x4b, 0x52, 0x2b, 0xd0, 0xdb, 0xa2, 0x4f, 0x2f, 0xee, 0xc2, 0x59, 0x78,
    0x25, 0xd1, 0xc8, 0xd6, 0x06, 0x25, 0x7a, 0xd6, 0x30, 0x45, 0xa8, 0x2a,
    0xf5, 0x81, 0x3f, 0xa2, 0x92, 0xb2, 0xb6, 0xb4, 0x4e, 0x18, 0x99, 0xec,
    0x26, 0x4c, 0x40, 0x96, 0xf2, 0xa6, 0x28, 0x6e, 0xb4, 0x8a, 0xaa, 0x05,
    0x98, 0x42, 0x30, 0x0d, 0x39, 0x57, 0x0b, 0x2d, 0x8a, 0x05, 0xf8, 0x53,
    0x4f, 0x2b, 0xaa, 0x2d, 0xa3, 0xe9, 0x22, 0x4c, 0x3a, 0x98, 0x72, 0x0f,
    0xa9, 0xce, 0xd1, 0x3c, 0xea, 0x7e, 0xd7, 0x92, 0xd0, 0x09, 0x70, 0x89,
    0x78, 0xdb, 0xf9, 0x47, 0xb9, 0xc5, 0xe6, 0xcf, 0x4b, 0x1e, 0x84, 0x7e,
    0x13, 0x57, 0xab, 0xe9, 0xdc, 0x4d, 0xbe, 0xb4, 0xd6, 0x94, 0xa8, 0xda,
    0xb9, 0x84, 0x2c, 0xb7, 0xc8, 0x7e, 0xb4, 0xe6, 0x6a, 0x3a, 0xdb, 0x33,
    0x23, 0xf9, 0xb6, 0x0a, 0xbd, 0xb7, 0x46, 0xdb, 0xa5, 0x54, 0xa4, 0x94,
    0x74, 0x8a, 0x19, 0xc7, 0xb2, 0x92, 0xf4, 0x02, 0xf2, 0xf1, 0xab, 0x3c,
    0xbe, 0xbe, 0x5e, 0x70, 0x5b, 0x3b, 0x2b, 0x8b, 0x38, 0x3e, 0xa2, 0x35,
    0x08, 0x7c, 0xcd, 0xae, 0xd5, 0xe2, 0x90, 0x0e, 0x66, 0xc4, 0x48, 0x70,
    0x1e, 0xcd, 0x1e, 0x0a, 0x6b, 0xfb, 0xe4, 0xe8, 0xf6, 0xae, 0xa5, 0x39,
    0xd1, 0xed, 0x06, 0xb7, 0xf3, 0x12, 0x35, 0x55, 0xf4, 0xbd, 0xad, 0x80,
    0x64, 0x87, 0x00, 0x32, 0x0c, 0xb6, 0xc5, 0x88, 0x5c, 0xe4, 0x2c, 0x4e,
    0x97, 0xc2, 0x59, 0x22, 0x75, 0xfe, 0xa5, 0xd9, 0x41, 0x59, 0x6f, 0x89,
    0x77, 0x42, 0x44, 0x74, 0x37, 0xe6, 0xf6, 0x0f, 0x33, 0xc6, 0xfd, 0x8c,
    0xb7, 0xe5, 0xb2, 0x44, 0x0b, 0x04, 0x98, 0x20, 0xd0, 0xd0, 0x34, 0x4d,
    0x79, 0xce, 0xdb, 0x38, 0xc9, 0x96, 0x77, 0x82, 0xa4, 0x60, 0x7b, 0x12,
    0xec, 0xd4, 0x41, 0x9b, 0x62, 0xbb, 0xad, 0x5a, 0x94, 0xba, 0xad, 0xcd,
    0x9f, 0xc9, 0x51, 0xa1, 0x7d, 0xa3, 0xba, 0xe7, 0xba, 0x06, 0xce, 0x8e,
    0xd5, 0xd8, 0xac, 0xb4, 0x85, 0xd4, 0x7a, 0x75, 0x21, 0x21, 0xc2, 0x64,
    0xd7, 0x3c, 0xbf, 0xac, 0x51, 0x13, 0x41, 0x67, 0x19, 0x36, 0x6b, 0xdb,
    0x2a, 0xd0, 0x19, 0xa2, 0x88, 0x07, 0x69, 0x9c, 0x58, 0xd6, 0x1e, 0x44,
    0xfa, 0xd5, 0x48, 0xc5, 0x48, 0x5d, 0x93, 0xb0, 0xb2, 0x91, 0x08, 0xf5,
    0x77, 0xa4, 0xa8, 0x81, 0x87, 0x9a, 0xb6, 0xf7, 0x04, 0x02, 0xd6, 0x0c,
    0xeb, 0x6e, 0x6a, 0x2b, 0x5e, 0xe5, 0xa0, 0x7c, 0x50, 0x2a, 0x8d, 0x95,
    0x8b, 0x56, 0x3b, 0x6b, 0x52, 0x75, 0x7a, 0x25, 0x18, 0x63, 0xa8, 0x37,
    0xd0, 0xcd, 0x9c, 0x5c, 0x95, 0x8e, 0x74, 0x96, 0xbd, 0x2d, 0xb0, 0x11,
    0xfd, 0xc6, 0x10, 0xac, 0x0c, 0x67, 0x61, 0x9a, 0xe5, 0x9d, 0x78, 0xd6,
    0xc1, 0xa2, 0xfe, 0x5a, 0xa6, 0xc3, 0x66, 0xea, 0x2a, 0x61, 0x16, 0x46,
    0x40, 0x64, 0x29, 0xe5, 0xa8, 0xb3, 0xf7, 0x84, 0x48, 0x55, 0xc2, 0x62,
    0xba, 0x70, 0x80, 0x88, 0x76, 0xed, 0x2a, 0x56, 0x4f, 0xa6, 0x56, 0xc6,
    0xfa, 0xdb, 0x2f, 0x52, 0x3e, 0x83, 0xfc, 0x6d, 0xde, 0xde, 0x29, 0x93,
    0x3a, 0x15, 0x37, 0x0a, 0xbc, 0xc5, 0x42, 0xaa, 0xf5, 0xde, 0x82, 0x51,
    0xf4, 0xbc, 0x33, 0xf0, 0x1f, 0x76, 0xb7, 0x06, 0x04, 0x5d, 0x13, 0xd5,
    0xe1, 0x84, 0x83, 0xaa, 0xf1, 0x5d, 0x88, 0xca, 0x2e, 0x6b, 0x55, 0x2c,
    0x71, 0x9c, 0x51, 0x9d, 0x6b, 0xed, 0x1b, 0xf8, 0xf6, 0x8d, 0xfa, 0x34,
    0x59, 0xa8, 0xff, 0xb7, 0x6a, 0xd1, 0x82, 0x24, 0x8f, 0xd7, 0xa2, 0x7f,
    0x39, 0x64, 0xc7, 0xf3, 0xde, 0x31, 0xfc, 0xe9, 0xf5, 0xe5, 0xdf, 0x13,
    0xf8, 0x5b, 0x2d, 0x44, 0x2b, 0x7e, 0x97, 0x49, 0xd5, 0xf8, 0xdb, 0x7f,
    0xfc, 0xaf, 0xc6, 0xc8, 0x94, 0x95, 0x63, 0xad, 0x62, 0xe3, 0x17, 0xd0,
    0x2b, 0x12, 0x6e, 0xeb, 0x8a, 0xca, 0x85, 0x86, 0xbf, 0x17, 0x44, 0x53,
    0x9c, 0x2c, 0xca, 0x22, 0xa2, 0x1c, 0x3a, 0x2a, 0x7c, 0xd4, 0xd4, 0x5f,
    0x4c, 0x9b, 0x68, 0x1b, 0x59, 0x87, 0x1d, 0x1d, 0x83, 0xbb, 0x2a, 0xe5,
    0xe7, 0xe9, 0xd2, 0x5f, 0xa8, 0xf9, 0x90, 0x59, 0x57, 0x62, 0xbf, 0xaa,
    0xc6, 0x20, 0xda, 0x75, 0x5b, 0xe9, 0x86, 0x8a, 0xc8, 0xbe, 0x22, 0x8e,
    0x85, 0xf8, 0x6a, 0x3c, 0x1f, 0xd9, 0x7d, 0xe8, 0xff, 0x7f, 0xc0, 0xf1,
    0x97, 0xac, 0xd7, 0xfd, 0xcb, 0x4b, 0xff, 0x88, 0x1d, 0x31, 0x4a, 0x68,
    0xe1, 0x91, 0x75, 0x6f, 0x07, 0xbf, 0x1c, 0xc1, 0x8f, 0x79, 0xef, 0xf0,
    0xb6, 0xd7, 0xfb, 0xe9, 0xa8, 0x6e, 0x27, 0x82, 0x6a, 0x8d, 0x96, 0x69,
    0x13, 0x39, 0x73, 0x29, 0x14, 0xc1, 0x0c, 0xb4, 0x3e, 0x8a, 0x39, 0x22,
    0xba, 0xdb, 0x69, 0xe7, 0x66, 0x03, 0x01, 0xc9, 0x22, 0xbe, 0x5e, 0x17,
    0x51, 0xc5, 0x11, 0x45, 0x15, 0xaf, 0x28, 0xaa, 0x30, 0x82, 0xcb, 0x57,
    0x5d, 0x33, 0xae, 0x70, 0x8f, 0x6a, 0xe2, 0xec, 0xea, 0x1e, 0xe0, 0x53,
    0x0b, 0x67, 0xa2, 0x22, 0x6c, 0x85, 0x1c, 0x12, 0xb1, 0xed, 0x9e, 0xd2,
    0xdf, 0xb8, 0x8b, 0x10, 0xec, 0xb4, 0xd8, 0x70, 0x48, 0x57, 0x0b, 0x6e,
    0xc5, 0xe4, 0x4f, 0x29, 0xf4, 0xf6, 0xed, 0x32, 0xaf, 0x3b, 0xa8, 0x7b,
    0x3e, 0xde, 0x52, 0xb6, 0xd2, 0x9b, 0x13, 0x05, 0x1a, 0xb6, 0xdb, 0xb3,
    0x32, 0xf3, 0x6a, 0x21, 0x6d, 0xab, 0x63, 0x10, 0x59, 0xda, 0xa6, 0x58,
    0xd2, 0xae, 0xc4, 0xc2, 0xa2, 0x63, 0xf7, 0x31, 0xa0, 0xa3, 0xdd, 0x55,
    0x0f, 0xc9, 0xb5, 0x82, 0xcb, 0xfd, 0x52, 0x3d, 0xa2, 0xa8, 0x3b, 0x14,
    0xe8, 0xd5, 0x6c, 0x4e, 0xc9, 0x98, 0x5d, 0x74, 0xc1, 0xdd, 0xed, 0x75,
    0xa9, 0xda, 0x25, 0x5f, 0xe1, 0xee, 0x77, 0x69, 0xeb, 0xa4, 0xa6, 0xec,
    0xa1, 0x26, 0x62, 0x62, 0xcb, 0x43, 0x55, 0xd6, 0x33, 0xbe, 0x98, 0x0d,
    0x65, 0x51, 0x42, 0x64, 0xc2, 0x0a, 0xef, 0x41, 0x5d, 0x21, 0x2f, 0xf0,
    0xb3, 0x39, 0xdf, 0x5d, 0xb9, 0xad, 0x96, 0x66, 0xdd, 0x04, 0xec, 0xc6,
    0x78, 0x16, 0xf2, 0x45, 0x00, 0xe1, 0xf8, 0x58, 0x65, 0xd7, 0x86, 0x19,
    0xed, 0x6e, 0xd9, 0xb8, 0xa8, 0x1d, 0xa8, 0x73, 0x62, 0x6d, 0x6e, 0xa5,
    0xb5, 0x35, 0xec, 0x77, 0x4d, 0x6d, 0x70, 0x7b, 0xf2, 0x63, 0x88, 0x5e,
    0x69, 0x77, 0x52, 0xc9, 0xce, 0x63, 0x5b, 0x1d, 0x28, 0xe1, 0xe4, 0x0a,
    0xcc, 0x9d, 0x4b, 0x4d, 0xf0, 0x82, 0x81, 0x04, 0x47, 0x0c, 0x87, 0x10,
    0xb1, 0xdc, 0x85, 0x18, 0xb9, 0xb5, 0x0b, 0xb1, 0xcd, 0x7c, 0xdb, 0x17,
    0x8a, 0x89, 0xc2, 0xd3, 0x3b, 0x38, 0x54, 0x26, 0xc8, 0x52, 0x1e, 0xb1,
    0x4e, 0xb4, 0x42, 0x06, 0xa4, 0x5d, 0x95, 0x2d, 0x45, 0xa4, 0x04, 0x1c,
    0x25, 0x4f, 0x33, 0xf0, 0x01, 0xc1, 0x6a, 0xca, 0x03, 0x48, 0xe2, 0xc9,
    0x09, 0x89, 0x47, 0x99, 0x6a, 0xb5, 0xcb, 0x41, 0xb8, 0x11, 0x69, 0x13,
    0xfd, 0x36, 0xa7, 0x07, 0xe2, 0xd0, 0xc4, 0xe9, 0x81, 0x38, 0xbd, 0x81,
    0x87, 0x24, 0xc6, 0xa7, 0x3e, 0x9b, 0x2e, 0xfc, 0x0c, 0x7c, 0x06, 0xa6,
    0xb1, 0x0d, 0x36, 0x87, 0xa9, 0xbc, 0xc6, 0x0b, 0xe9, 0x8a, 0x1b, 0xe3,
    0x73, 0x68, 0x65, 0x90, 0xae, 0xa9, 0xad, 0x90, 0xd3, 0x03, 0x1f, 0xc6,
    0x64, 0x61, 0xc0, 0x59, 0x88, 0xfb, 0xce, 0xf1, 0x24, 0x5c, 0xf0, 0x2b,
    0x88, 0x8c, 0x1a, 0x0a, 0x0e, 0xa2, 0xd1, 0x30, 0xe0, 0xd2, 0x6e, 0xb3,
    0x06, 0xec, 0x17, 0x67, 0x39, 0x1a, 0xea, 0x80, 0xc7, 0x29, 0xd2, 0x60,
    0xfc, 0xfa, 0xd7, 0xcf, 0x1f, 0x7e, 0x79, 0xfd, 0xf9, 0xdd, 0x87, 0xf7,
    0xe7, 0x80, 0x29, 0xb6, 0xd0, 0x5c, 0x22, 0xb8, 0x62, 0x56, 0x70, 0x65,
    0xcf, 0x6b, 0xbd, 0x12, 0x21, 0x27, 0x78, 0x40, 0xc0, 0xb0, 0x31, 0x7e,
    0xb3, 0x88, 0x33, 0x7e, 0x7a, 0x20, 0x60, 0x8c, 0x4f, 0x29, 0x3c, 0xc7,
    0xe0, 0x9c, 0xf6, 0x69, 0xbc, 0xc6, 0xb9, 0x88, 0x23, 0x32, 0x42, 0xb7,
    0x06, 0x41, 0x86, 0x8e, 0xb6, 0x83, 0x0e, 0xd3, 0x6b, 0x58, 0xed, 0x66,
    0x84, 0xef, 0x35, 0x50, 0x2f, 0x1a, 0x63, 0xeb, 0x94, 0x8a, 0x6f, 0x40,
    0x04, 0x65, 0xc1, 0xcc, 0xc3, 0x06, 0xa7, 0x1b, 0xc7, 0xe7, 0xf2, 0x17,
    0x0d, 0x3a, 0x00, 0x14, 0x71, 0xdd, 0x48, 0xe0, 0xf1, 0x29, 0xa6, 0x00,
    0x44, 0x66, 0xcd, 0x8e, 0x53, 0x19, 0xd2, 0x2b, 0xb2, 0xe0, 0xcb, 0x22,
    0x2c, 0x6d, 0xec, 0x20, 0xd3, 0xf8, 0x17, 0x1e, 0xad, 0x0a, 0x52, 0x40,
    0x4e, 0x00, 0xc0, 0x7a, 0x04, 0x00, 0xf1, 0xbf, 0xa2, 0x73, 0x35, 0xa5,
    0x55, 0xcc, 0x7b, 0x80, 0x0b, 0xf5, 0x84, 0x7f, 0x14, 0x3f, 0x7d, 0x4d,
    0x33, 0x64, 0x92, 0x42, 0xcf, 0x0c, 0xc9, 0xb4, 0x28, 0xd0, 0xc3, 0xf8,
    0x67, 0x08, 0xa0, 0x78, 0xa0, 0x78, 0x6a, 0x20, 0x2e, 0xc3, 0x3f, 0xdd,
    0x5d, 0x57, 0xf8, 0x81, 0x52, 0xb2, 0xba, 0x3e, 0xfe, 0x24, 0xfa, 0x14,
    0x88, 0x1b, 0xe3, 0x8d, 0xc8, 0x6c, 0x27, 0x0c, 0x44, 0xa0, 0x00, 0x20,
    0x16, 0x74, 0xa0, 0x08, 0x89, 0x2b, 0x43, 0x60, 0xa2, 0xfe, 0xa8, 0xe1,
    0x88, 0x47, 0x16, 0x46, 0xb3, 0xb8, 0xc1, 0x40, 0xf0, 0x21, 0x20, 0x12,
    0x05, 0x3e, 0xc9, 0xfc, 0x45, 0x78, 0x0b, 0x4d, 0x09, 0x38, 0xa2, 0x1c,
    0xa8, 0x26, 0x81, 0xca, 0x72, 0x0a, 0xc1, 0x13, 0xc5, 0x97, 0x2b, 0x58,
    0x33, 0x2f, 0x08, 0x82, 0xf1, 0x0e, 0x13, 0x6f, 0x1a, 0x8a, 0x07, 0xfd,
    0xf1, 0xaf, 0x62, 0x23, 0xf2, 0x3e, 0x5e, 0xa5, 0x4c, 0x2c, 0x07, 0xd0,
    0xeb, 0x8f, 0x4f, 0x93, 0xf1, 0x5b, 0xb4, 0xd8, 0x2c, 0x9f, 0x73, 0xd0,
    0x3f, 0xd0, 0x38, 0x00, 0x6d, 0x74, 0x72, 0xd9, 0xbb, 0x1c, 0x4f, 0x5f,
    0x45, 0xd7, 0x3c, 0xc3, 0x57, 0x29, 0xc7, 0x3c, 0x16, 0x44, 0xc9, 0x3d,
    0x3d, 0x48, 0x14, 0x4a, 0x54, 0xb8, 0x30, 0xf0, 0xc1, 0x67, 0x98, 0x9a,
    0x14, 0x80, 0xc1, 0x83, 0xd7, 0x10, 0xc0, 0xae, 0x70, 0x82, 0xc6, 0xf8,
    0x07, 0x7a, 0xa0, 0xd9, 0x4e, 0x0f, 0xa8, 0xd3, 0x16, 0xde, 0xd3, 0xae,
    0x15, 0x01, 0x36, 0xc7, 0x93, 0xd9, 0x9d, 0xc6, 0x60, 0x99, 0x21, 0x37,
    0xf7, 0x1a, 0xf1, 0x6c, 0xd6, 0x60, 0x60, 0x94, 0x17, 0x3c, 0xba, 0xa6,
    0xc8, 0xf1, 0xb8, 0x81, 0xa1, 0x88, 0xf9, 0x08, 0x21, 0x24, 0x2c, 0x11,
    0x14, 0xf6, 0xc2, 0xef, 0xcc, 0x5e, 0x77, 0x7e, 0xec, 0x76, 0x5e, 0x5d,
    0xae, 0x7b, 0xc7, 0x1b, 0x20, 0x3a, 0xff, 0x7d, 0x15, 0x82, 0x89, 0x13,
    0x30, 0xfd, 0x24, 0xcc, 0xc1, 0x8d, 0xfd, 0xc1, 0x75, 0x98, 0x9a, 0xf0,
    0xc5, 0x82, 0x76, 0xd0, 0xbc, 0xc6, 0xcc, 0x5f, 0x64, 0xc8, 0x05, 0x43,
    0x36, 0xe4, 0x72, 0x95, 0x74, 0x60, 0xd6, 0x0b, 0x1c, 0x5c, 0x4d, 0x96,
    0x21, 0x68, 0x91, 0x20, 0x78, 0x45, 0x24, 0x90, 0x36, 0xf0, 0x47, 0x72,
    0xb1, 0x60, 0xa7, 0x92, 0x66, 0x54, 0x73, 0xa1, 0xc3, 0xf8, 0xd3, 0x36,
    0x09, 0x40, 0x69, 0xe9, 0x18, 0x35, 0xaf, 0xa5, 0xc5, 0x2c, 0x04, 0xd1,
    0xb2, 0x3d, 0xaf, 0xad, 0xc1, 0x06, 0x8d, 0xcd, 0x9a, 0x9c, 0x21, 0x24,
    0xff, 0x8a, 0x8c, 0xf7, 0x2d, 0xed, 0x44, 0x11, 0x11, 0x8a, 0x04, 0xce,
    0x04, 0x18, 0xb0, 0x8a, 0xf4, 0xda, 0xd0, 0x64, 0x2f, 0x62, 0x3f, 0x60,
    0x62, 0x6b, 0xc3, 0x18, 0x67, 0x0a, 0x87, 0x69, 0x44, 0xf8, 0xdd, 0x55,
    0xd1, 0xab, 0x31, 0x7e, 0xcf, 0xef, 0x8c, 0x51, 0x65, 0x52, 0x19, 0xe8,
    0x6a, 0x6f, 0x2d, 0x15, 0x43, 0x94, 0x4a, 0xbd, 0x46, 0x9e, 0xae, 0xb8,
    0xb4, 0x11, 0x86, 0x51, 0x51, 0x56, 0x80, 0xfe, 0xfd, 0x6d, 0xce, 0xed,
    0x86, 0xd7, 0xd3, 0x4a, 0x9f, 0x73, 0x52, 0x3a, 0xed, 0x10, 0xf4, 0xec,
    0x7a, 0xd9, 0x38, 0x7f, 0xbd, 0x4e, 0x26, 0x0a, 0x45, 0x8a, 0xa4, 0x1a,
    0x82, 0x82, 0x15, 0x7a, 0xb0, 0x3b, 0x30, 0x52, 0xcc, 0x4f, 0x20, 0xbb,
    0x4a, 0x19, 0x7a, 0x5d, 0x93, 0x40, 0x07, 0x3a, 0xda, 0xf9, 0x0a, 0xb1,
    0x28, 0xec, 0xbd, 0xa0, 0xc5, 0x57, 0x8b, 0xc6, 0xb9, 0xf6, 0x0d, 0xa7,
    0x32, 0xc8, 0x92, 0x2c, 0xa2, 0xf2, 0xf8, 0x55, 0x01, 0x1f, 0xf5, 0x1d,
    0xf0, 0x11, 0x01, 0x18, 0xb0, 0x8c, 0xde, 0xb3, 0xc2, 0x1a, 0x03, 0xd2,
    0xf2, 0x9d, 0xc9, 0x31, 0x34, 0x42, 0x0d, 0x92, 0xa9, 0x37, 0x46, 0x4f,
    0x94, 0x26, 0x45, 0x58, 0x98, 0xe9, 0x4a, 0x8e, 0xd4, 0xa6, 0xeb, 0xe6,
    0x16, 0x15, 0x6c, 0xfc, 0x0b, 0x59, 0x86, 0x89, 0xe4, 0x4e, 0x49, 0xd8,
    0x8a, 0x99, 0x99, 0x44, 0xdc, 0x66, 0x9c, 0xf8, 0x17, 0xbd, 0xb0, 0x04,
    0x8a, 0xc9, 0x5e, 0xc3, 0x5a, 0x7b, 0x81, 0x12, 0x5b, 0x92, 0x45, 0x32,
    0x85, 0x14, 0xba, 0x5f, 0xe1, 0x4e, 0x81, 0x1c, 0x02, 0x61, 0x51, 0x96,
    0xf1, 0x40, 0xca, 0x5a, 0xa1, 0x3f, 0x62, 0x63, 0xb3, 0x31, 0xfe, 0x2d,
    0xec, 0xfc, 0x18, 0xd6, 0x7a, 0x0e, 0x04, 0xe4, 0x27, 0x65, 0x30, 0xd2,
    0x8c, 0x00, 0xf9, 0x57, 0x09, 0x9b, 0xc7, 0x79, 0x96, 0xc4, 0xf9, 0xd6,
    0xe1, 0x44, 0x23, 0xd3, 0x23, 0x94, 0xc1, 0x7c, 0xf2, 0x21, 0xb8, 0x93,
    0xd2, 0xab, 0xb5, 0x87, 0xdc, 0xbb, 0x22, 0x33, 0xf9, 0x06, 0xb9, 0x20,
    0x2d, 0x19, 0x14, 0xcc, 0x36, 0x2a, 0x52, 0x26, 0x99, 0xf6, 0xb8, 0x9d,
    0xf8, 0xa7, 0x18, 0x62, 0x06, 0x9f, 0x49, 0x61, 0x11, 0x7c, 0xad, 0x68,
    0x3b, 0x6d, 0xb7, 0x64, 0x53, 0x3f, 0xaa, 0xf1, 0x9b, 0xe3, 0x73, 0x68,
    0x67, 0x25, 0xda, 0xd9, 0x8a, 0x67, 0xed, 0xd6, 0xec, 0x72, 0x88, 0xc2,
    0x83, 0x28, 0xc1, 0xc4, 0xa0, 0x9b, 0x35, 0xcf, 0xcf, 0xdf, 0xfd, 0xd0,
    0x32, 0xfc, 0x87, 0xc0, 0x05, 0x02, 0x1e, 0xcb, 0x55, 0x0c, 0xfa, 0x8d,
    0xaf, 0x30, 0xfc, 0xca, 0x55, 0x89, 0x3f, 0x1f, 0x61, 0x45, 0x30, 0x61,
    0x50, 0x9e, 0x24, 0x91, 0xed, 0xca, 0x1d, 0x14, 0xcf, 0xbb, 0xdd, 0xd6,
    0xf1, 0xc0, 0x98, 0xa2, 0xd6, 0x1b, 0x96, 0x49, 0x2b, 0x15, 0xa1, 0xa1,
    0x34, 0x8c, 0xed, 0xf9, 0xcb, 0x64, 0x44, 0xc6, 0xa7, 0x56, 0xa0, 0x50,
    0xd4, 0x6d, 0x41, 0x30, 0xf8, 0xf1, 0x6b, 0xc6, 0x05, 0x3b, 0x48, 0x23,
    0x2a, 0x5e, 0x6b, 0x9b, 0x5d, 0xa2, 0x58, 0x83, 0xcc, 0x9d, 0x0a, 0xd5,
    0x94, 0x39, 0x14, 0x07, 0xf4, 0x80, 0xd1, 0xaf, 0xff, 0xf2, 0xf6, 0x07,
    0xf6, 0xfe, 0xed, 0xe7, 0xdf, 0x3e, 0x7c, 0xfa, 0x67, 0xa5, 0xa9, 0xf3,
    0xbe, 0xc1, 0x15, 0x31, 0xfa, 0x7d, 0x9c, 0x93, 0x7e, 0x63, 0x10, 0x87,
    0xe2, 0x54, 0x5e, 0x6d, 0xca, 0xd5, 0x7a, 0x6b, 0xb0, 0xff, 0xa4, 0x5e,
    0x5a, 0xb1, 0xa7, 0xea, 0x28, 0xf7, 0xd1, 0x6b, 0x48, 0x08, 0xce, 0x18,
    0x42, 0x58, 0x0d, 0x51, 0x1c, 0xdb, 0x68, 0x8c, 0x7f, 0xa4, 0xe6, 0x42,
    0xbc, 0xb7, 0x11, 0xa3, 0x1a, 0x90, 0x09, 0x6d, 0x43, 0xad, 0x37, 0x55,
    0x4a, 0xdb, 0x68, 0x58, 0x58, 0x49, 0xf1, 0x95, 0x45, 0xac, 0xa8, 0xa6,
    0x90, 0x84, 0x9f, 0x44, 0x3f, 0x92, 0x6a, 0x43, 0xd2, 0xfc, 0xe4, 0xef,
    0x2b, 0xcc, 0x6a, 0x9a, 0xa4, 0x2a, 0xd4, 0x30, 0xd5, 0xdf, 0x45, 0xa4,
    0x4d, 0x5d, 0x7d, 0x33, 0xc7, 0xc0, 0x77, 0x61, 0xcf, 0x32, 0x15, 0x8d,
    0x6a, 0x92, 0x68, 0xb5, 0x9c, 0x60, 0xa8, 0x0c, 0xa1, 0x1c, 0x04, 0x71,
    0x04, 0x17, 0xfe, 0x0e, 0x1a, 0xec, 0xd6, 0x5f, 0xac, 0xe0, 0xfd, 0xf1,
    0x57, 0xa8, 0x0b, 0x92, 0x0b, 0xeb, 0x1d, 0x98, 0x0c, 0xc2, 0x9f, 0x9d,
    0x66, 0x97, 0xb4, 0xc4, 0x60, 0x60, 0x49, 0x47, 0x5e, 0x7f, 0x7c, 0xa2,
    0x82, 0x14, 0xd2, 0x60, 0x1a, 0xf1, 0x6d, 0x52, 0x81, 0x76, 0x5c, 0x8a,
    0x9b, 0xb6, 0xe7, 0x14, 0x7a, 0xa5, 0xdc, 0xd0, 0x14, 0x1b, 0x88, 0x7c,
    0xb4, 0x34, 0x07, 0xfa, 0xdb, 0x02, 0x2a, 0xeb, 0x27, 0x96, 0x8f, 0x97,
    0xc1, 0x74, 0x91, 0x1d, 0x6a, 0xef, 0xfe, 0x39, 0x04, 0xe3, 0x29, 0xcc,
    0x08, 0xac, 0x7a, 0x16, 0x5e, 0xaf, 0x52, 0xbf, 0xe4, 0xe3, 0xeb, 0x5d,
    0x06, 0xe0, 0x2a, 0xa3, 0xfa, 0x1c, 0x40, 0xd8, 0x8e, 0x1e, 0x5b, 0xea,
    0x3d, 0xbd, 0x29, 0x13, 0x38, 0xf5, 0x1f, 0x20, 0xae, 0xa7, 0xc2, 0xb5,
    0xea, 0x91, 0xd8, 0x06, 0x5d, 0xe3, 0x84, 0x56, 0xf4, 0xeb, 0xe7, 0x37,
    0xa7, 0x07, 0xf2, 0xb7, 0xd1, 0xd6, 0x39, 0xa9, 0x6d, 0x7d, 0x59, 0xdb,
    0x7a, 0x5c, 0xdb, 0x7a, 0x54, 0xd7, 0xba, 0xdf, 0xad, 0x6d, 0xed, 0xd5,
    0xb6, 0xf6, 0x6b, 0x5b, 0x07, 0xb5, 0xad, 0x47, 0xc3, 0x41, 0x3d, 0xe8,
    0xda, 0x85, 0xec, 0xbf, 0xaa, 0x47, 0x63, 0x0b, 0x76, 0x06, 0x22, 0x07,
    0x82, 0x9a, 0x85, 0xaa, 0x24, 0xe3, 0x1f, 0xf1, 0x0e, 0x05, 0x83, 0x8e,
    0x4c, 0x5c, 0xc8, 0x18, 0xb1, 0xfe, 0x61, 0x67, 0x8e, 0x61, 0xeb, 0x14,
    0xe3, 0x2c, 0x11, 0x99, 0x1a, 0x0a, 0x81, 0xf6, 0xf9, 0x0a, 0x39, 0x01,
    0xda, 0x03, 0x3f, 0x99, 0x62, 0x8a, 0x61, 0x6a, 0x95, 0x90, 0x29, 0x21,
    0x41, 0x69, 0xc6, 0x6e, 0x5a, 0x94, 0xb5, 0xf4, 0x28, 0x79, 0x16, 0x32,
    0xf1, 0x54, 0x79, 0xd6, 0x13, 0xec, 0xf4, 0x43, 0x3a, 0xdc, 0x2c, 0xe4,
    0x96, 0x61, 0xa1, 0x6a, 0x95, 0xe8, 0x4c, 0xf7, 0x0b, 0x5e, 0x5d, 0x01,
    0x53, 0x92, 0xdd, 0x64, 0x10, 0x4f, 0xde, 0x70, 0xc8, 0x54, 0xd8, 0x3b,
    0xba, 0xcf, 0x02, 0x99, 0x20, 0x9d, 0x18, 0xcd, 0x18, 0x06, 0xfc, 0xd9,
    0x88, 0x51, 0x3c, 0x2f, 0x3b, 0xc1, 0x2c, 0x18, 0xb8, 0x43, 0x8a, 0xbc,
    0x14, 0xe4, 0x91, 0x66, 0xcc, 0x9a, 0xea, 0x9f, 0xce, 0x3f, 0xbc, 0x3f,
    0x55, 0x67, 0x4b, 0x55, 0xc5, 0x02, 0xde, 0x5f, 0xfd, 0x35, 0x83, 0x5c,
    0xa7, 0xde, 0x08, 0xab, 0xee, 0x4f, 0x37, 0x65, 0x9c, 0x96, 0x70, 0x25,
    0x40, 0xd7, 0x19, 0x29, 0xb9, 0x46, 0xc2, 0xa6, 0xbe, 0x9e, 0xe1, 0x07,
    0x3b, 0x86, 0x7f, 0xe2, 0xd8, 0xa1, 0x76, 0xa4, 0xb8, 0xf8, 0xa3, 0xc6,
    0x8e, 0x25, 0xdd, 0xec, 0x89, 0xaa, 0x1e, 0xb2, 0xd6, 0x00, 0x85, 0xfe,
    0x75, 0x14, 0x67, 0x79, 0x38, 0xad, 0x33, 0x42, 0x3f, 0xe8, 0xb7, 0x99,
    0xb4, 0x45, 0x73, 0xe0, 0xee, 0x1d, 0xd0, 0xe9, 0x29, 0x66, 0xe8, 0xa7,
    0xd7, 0x9f, 0x19, 0xb8, 0x40, 0x7f, 0x12, 0x42, 0x90, 0x78, 0x2f, 0x38,
    0x2f, 0x9d, 0x1c, 0xbc, 0xc9, 0x40, 0xce, 0xa7, 0x96, 0x8d, 0x99, 0xfb,
    0x60, 0x9d, 0xa9, 0xb5, 0x51, 0xa3, 0x2e, 0xc6, 0xf2, 0xb1, 0x63, 0x92,
    0xc6, 0x93, 0xba, 0x32, 0xd0, 0xf8, 0x23, 0xbe, 0x60, 0x30, 0x43, 0x41,
    0x0a, 0x25, 0xea, 0x34, 0xc1, 0x36, 0x49, 0x67, 0x04, 0x91, 0xdd, 0xf3,
    0xdc, 0xad, 0x18, 0xef, 0xad, 0x4b, 0x3c, 0xaf, 0x71, 0x10, 0x4f, 0xd5,
    0xa5, 0x8a, 0xae, 0xbe, 0x86, 0xc4, 0x54, 0xd3, 0x2b, 0xe4, 0x75, 0xca,
    0x6a, 0xbe, 0xfe, 0x36, 0x6d, 0x35, 0xd3, 0x1a, 0x9e, 0xe5, 0x57, 0xa8,
    0x63, 0x75, 0xd5, 0x34, 0xaa, 0x0f, 0x7a, 0x8d, 0x4f, 0x2b, 0xd0, 0x39,
    0x2c, 0x48, 0x89, 0x44, 0x9a, 0x8e, 0x15, 0x30, 0xa1, 0x0e, 0x23, 0x16,
    0x82, 0x70, 0x40, 0x16, 0xc4, 0xf2, 0x34, 0xbc, 0x86, 0x68, 0x8d, 0xe1,
    0x35, 0x23, 0x30, 0x27, 0x20, 0x44, 0x8d, 0xf1, 0x67, 0x00, 0x6e, 0x75,
    0x37, 0x25, 0x53, 0xa3, 0x55, 0x97, 0x6f, 0x8b, 0x52, 0x7a, 0x91, 0xf1,
    0xf3, 0x20, 0xcc, 0xe3, 0xd4, 0x4c, 0x1b, 0x21, 0x81, 0x9e, 0xdc, 0x83,
    0x02, 0xd2, 0x0b, 0x55, 0xc9, 0xfc, 0xf6, 0x82, 0x0c, 0x93, 0x33, 0xd4,
    0x65, 0xcd, 0x8f, 0x26, 0x60, 0xc2, 0x14, 0x58, 0x98, 0x94, 0x6b, 0x29,
    0x45, 0x4a, 0x26, 0xca, 0x70, 0x6a, 0x06, 0xb4, 0x40, 0x56, 0x69, 0x4d,
    0x2c, 0x37, 0x22, 0x5c, 0x55, 0xf0, 0x45, 0xbd, 0x26, 0xf1, 0x17, 0xe0,
    0x11, 0xfe, 0xe2, 0xc1, 0xf8, 0xad, 0xe8, 0x50, 0x1b, 0xce, 0x7d, 0x02,
    0x08, 0xe5, 0x08, 0x95, 0xa0, 0x62, 0x9b, 0x1d, 0xa3, 0xf6, 0x2a, 0x11,
    0x61, 0x6d, 0xf0, 0x5b, 0x2f, 0xfa, 0xb5, 0xf9, 0x45, 0xb7, 0xc7, 0x0e,
    0xd8, 0x6f, 0x3f, 0xbd, 0x7d, 0x5f, 0xe4, 0x16, 0x10, 0x5f, 0xc6, 0x31,
    0xc4, 0x6a, 0xbe, 0x92, 0x11, 0xd3, 0x0a, 0x7c, 0x96, 0x62, 0x53, 0xb5,
    0x04, 0xdb, 0xad, 0x80, 0x36, 0xf7, 0x01, 0x6d, 0x75, 0x98, 0x83, 0x30,
    0xfa, 0xf5, 0xc1, 0x03, 0x10, 0x27, 0x85, 0xd7, 0x55, 0x11, 0x2a, 0xff,
    0xbd, 0x31, 0xe6, 0xbf, 0xaf, 0x7c, 0x2c, 0x50, 0xd8, 0x6e, 0x5a, 0xf5,
    0xc0, 0xc8, 0x26, 0x02, 0xfd, 0xd9, 0xdd, 0xeb, 0x1a, 0xe2, 0xd6, 0x6b,
    0x70, 0x12, 0xa2, 0x4a, 0xeb, 0x47, 0xdb, 0xfb, 0xf1, 0xa2, 0x63, 0x9c,
    0x0a, 0xa8, 0xdb, 0x3a, 0x2f, 0x00, 0x28, 0xf8, 0xb9, 0x6c, 0x27, 0xc4,
    0x05, 0x42, 0xa4, 0x5e, 0x55, 0x70, 0x5b, 0x88, 0xf4, 0x79, 0x8e, 0x95,
    0xf4, 0x78, 0x61, 0xa6, 0x10, 0xb9, 0x6a, 0xd3, 0xc1, 0xbb, 0xa8, 0xa5,
    0xd4, 0xb9, 0x44, 0xba, 0x4a, 0x31, 0xc6, 0xf7, 0xc0, 0x56, 0x6a, 0xc4,
    0xb9, 0x7d, 0x76, 0x07, 0xe3, 0x41, 0xc8, 0x28, 0x29, 0x80, 0xb9, 0xa9,
    0x57, 0xe1, 0x34, 0x0d, 0xdf, 0x72, 0x9d, 0x84, 0xf1, 0x95, 0xd0, 0x4a,
    0xc3, 0xa7, 0xfc, 0xe3, 0xc7, 0x77, 0x1f, 0x98, 0xf2, 0x35, 0x3a, 0x51,
    0x9e, 0x71, 0xf4, 0x10, 0xda, 0xde, 0x09, 0x68, 0xd4, 0x35, 0x09, 0x23,
    0x63, 0x01, 0x04, 0x13, 0x9a, 0xca, 0xb9, 0x89, 0x5c, 0xcd, 0x61, 0x25,
    0x9f, 0x12, 0x30, 0xd2, 0x78, 0x16, 0x2e, 0x2c, 0x11, 0x13, 0x80, 0x44,
    0xfb, 0x76, 0x41, 0xfb, 0x81, 0x4f, 0xe2, 0x55, 0x04, 0xb1, 0x74, 0x73,
    0x99, 0xb5, 0xca, 0x68, 0x04, 0xf2, 0xe5, 0xd5, 0x32, 0xab, 0x4d, 0x95,
    0xba, 0x1a, 0xad, 0x7e, 0xb7, 0x8c, 0xd7, 0x76, 0x23, 0x40, 0xa0, 0xd1,
    0x64, 0x42, 0xac, 0xb7, 0x00, 0xb5, 0x2a, 0xdb, 0x01, 0xaa, 0x9a, 0x42,
    0xf0, 0x07, 0xef, 0xea, 0x7c, 0x23, 0x0d, 0x47, 0xcb, 0x5e, 0xe7, 0x1b,
    0xc9, 0x28, 0x0b, 0x06, 0x48, 0x8a, 0xd7, 0xd8, 0xe4, 0x47, 0xbc, 0x5e,
    0xbd, 0xea, 0xf7, 0x41, 0x46, 0x7e, 0xf8, 0x50, 0xa3, 0xf8, 0x91, 0x36,
    0xff, 0x85, 0xe2, 0xcb, 0xba, 0xaf, 0xc1, 0x0d, 0xd1, 0xa7, 0x8e, 0x0f,
    0x2a, 0x75, 0xc1, 0x23, 0x2e, 0x85, 0x30, 0xc9, 0x30, 0xe2, 0xf3, 0xe7,
    0x8f, 0xec, 0xd7, 0x4f, 0x3f, 0x1b, 0xd4, 0xa3, 0x6e, 0xab, 0x74, 0x61,
    0xef, 0x43, 0xf4, 0x5f, 0x3e, 0x25, 0xf5, 0xfe, 0x1e, 0x22, 0x4b, 0x54,
    0x6c, 0x0c, 0x34, 0xcb, 0x20, 0x27, 0xf4, 0xee, 0x8a, 0xde, 0x7d, 0x6d,
    0xf2, 0xfd, 0xea, 0x48, 0x6b, 0xd3, 0xcf, 0x1c, 0xe3, 0xf6, 0xc9, 0xc2,
    0x8f, 0xa8, 0x8a, 0x7a, 0xc3, 0x79, 0x62, 0x78, 0x57, 0x82, 0xee, 0x56,
    0x74, 0xaa, 0xbe, 0xd6, 0xf1, 0x58, 0x78, 0x4a, 0xc9, 0x82, 0x8a, 0x10,
    0x29, 0x5d, 0xa8, 0xab, 0xef, 0x1b, 0x03, 0xa6, 0x3e, 0xc8, 0xf2, 0x42,
    0xbb, 0xdb, 0xaa, 0xf4, 0xbc, 0xa1, 0x0e, 0xd5, 0x6d, 0x94, 0xc2, 0x87,
    0x0b, 0xd7, 0x5d, 0x58, 0x01, 0x09, 0x43, 0x1f, 0xd6, 0x36, 0xcc, 0xc0,
    0xcf, 0x3e, 0x88, 0xa2, 0x7e, 0x51, 0x13, 0xea, 0xc4, 0xc9, 0x15, 0xd8,
    0xaa, 0xd5, 0x22, 0xaf, 0x8b, 0xd5, 0xf4, 0x40, 0x2b, 0x5e, 0x2b, 0x22,
    0xaa, 0x69, 0x1a, 0x26, 0xf9, 0x18, 0x30, 0x87, 0x49, 0xfe, 0xe4, 0x01,
    0xb8, 0x71, 0x10, 0x4f, 0x57, 0x4b, 0x1e, 0xe5, 0xee, 0x35, 0xcf, 0xdf,
    0x2e, 0x38, 0xfe, 0xfc, 0xfe, 0xfe, 0x5d, 0xd0, 0x0c, 0x83, 0xd6, 0xe8,
    0x19, 0xf0, 0x4d, 0x6e, 0xb2, 0x7d, 0x46, 0x16, 0x78, 0x8e, 0xd3, 0x96,
    0xdb, 0x76, 0x3c, 0xf0, 0x48, 0x58, 0xda, 0x2c, 0xe1, 0x11, 0x6e, 0xed,
    0x7b, 0xdd, 0x36, 0x13, 0xda, 0xf9, 0x17, 0xdc, 0xd8, 0x75, 0x8c, 0xad,
    0x05, 0x18, 0x24, 0xc2, 0x2f, 0x6f, 0xbd, 0x69, 0xcb, 0xac, 0xfd, 0x3c,
    0xf2, 0x13, 0x30, 0xb8, 0xb9, 0x17, 0xad, 0x16, 0x8b, 0x36, 0x45, 0x1a,
    0xef, 0xa2, 0x80, 0x7f, 0xf1, 0x3a, 0x3d, 0x31, 0x2d, 0x44, 0x74, 0x99,
    0xb7, 0x16, 0x0e, 0x2f, 0x1b, 0x5e, 0x5c, 0xb6, 0xa5, 0xbe, 0x88, 0xdf,
    0xa6, 0x95, 0x12, 0x2d, 0x45, 0x90, 0x8c, 0xcf, 0x9b, 0xd1, 0xb3, 0x19,
    0x98, 0x20, 0x99, 0x60, 0xe1, 0x16, 0x66, 0xf3, 0x26, 0x8c, 0x82, 0x36,
    0x5b, 0x66, 0xd7, 0x2d, 0xb6, 0x66, 0x7f, 0x6a, 0x3a, 0xa2, 0xd9, 0x69,
    0xb9, 0x44, 0xc5, 0xf7, 0xf8, 0x9d, 0x06, 0xd9, 0xc6, 0x9c, 0x7d, 0xea,
    0xfd, 0xf0, 0xe0, 0xe0, 0xbe, 0xa7, 0xd3, 0x1a, 0x59, 0xfd, 0x31, 0x23,
    0x7a, 0x23, 0x3f, 0xe3, 0x00, 0xe0, 0xa0, 0x97, 0x33, 0x62, 0x9b, 0x62,
    0xbe, 0x60, 0xb5, 0x4c, 0x80, 0x7c, 0x6d, 0x16, 0x88, 0x99, 0x80, 0x92,
    0xd6, 0x18, 0x54, 0x92, 0x78, 0xc6, 0x02, 0xcf, 0xf3, 0x9c, 0x0c, 0xdc,
    0x7f, 0x74, 0xed, 0x9c, 0x05, 0x43, 0x4c, 0x52, 0x5c, 0xf1, 0x18, 0xce,
    0xee, 0x9b, 0x30, 0x5c, 0x50, 0xa6, 0xdf, 0x82, 0x09, 0x3e, 0x68, 0xb6,
    0x2a, 0x6d, 0x72, 0xed, 0x39, 0x55, 0x4c, 0xd7, 0x84, 0x29, 0x9f, 0x69,
    0x96, 0xfe, 0xbe, 0xe2, 0xe9, 0xfd, 0x39, 0x19, 0x8e, 0x38, 0x85, 0x28,
    0x1a, 0x16, 0x41, 0x22, 0x0a, 0x8b, 0x98, 0xc5, 0xe9, 0x5b, 0x7f, 0x3a,
    0x6f, 0x4e, 0xbc, 0xf1, 0xc4, 0x55, 0x71, 0xa0, 0x37, 0x71, 0xe7, 0x7e,
    0xf6, 0x3a, 0x07, 0x2c, 0xa0, 0x23, 0x6f, 0x3a, 0xd6, 0x36, 0xba, 0xd3,
    0x3a, 0x23, 0x96, 0x0f, 0x25, 0xc7, 0xc7, 0xdd, 0x87, 0x87, 0xe6, 0x73,
    0x25, 0x0e, 0x7b, 0x7b, 0x13, 0x37, 0x0c, 0x9e, 0xc3, 0x9a, 0xac, 0x2d,
    0x47, 0xa7, 0x05, 0x62, 0x04, 0xd4, 0xb3, 0xf7, 0xd5, 0x00, 0x01, 0x3d,
    0xa7, 0x01, 0x4d, 0x03, 0x03, 0xc0, 0xb6, 0x98, 0xec, 0xed, 0xd9, 0xcf,
    0x74, 0x6e, 0x24, 0x73, 0x85, 0x25, 0x19, 0x7b, 0x27, 0x30, 0x89, 0x41,
    0x8d, 0xc9, 0x2a, 0xbb, 0x6f, 0xc6, 0x11, 0x92, 0x5f, 0x42, 0x67, 0xfb,
    0x1e, 0x8b, 0xa3, 0xb3, 0xde, 0x10, 0xc4, 0xcb, 0x20, 0x96, 0x45, 0xc3,
    0x0c, 0xa2, 0x08, 0xf8, 0x2b, 0x06, 0x3e, 0xd3, 0x62, 0x0e, 0x01, 0x3d,
    0x2e, 0xc0, 0xdc, 0xc7, 0x06, 0xf4, 0xe5, 0xf6, 0x1e, 0xbe, 0xdc, 0x41,
    0x6e, 0x7d, 0x73, 0xd6, 0xa0, 0xf8, 0xcc, 0x1b, 0xcf, 0x8a, 0xd5, 0x3f,
    0x87, 0xd9, 0x46, 0xcf, 0x0c, 0x8c, 0x9e, 0x85, 0x33, 0xc0, 0x60, 0x6f,
    0x0f, 0xa6, 0x2c, 0x1d, 0x27, 0x28, 0x89, 0x1e, 0x50, 0x5a, 0x9c, 0x28,
    0x70, 0x5a, 0xec, 0xd1, 0xce, 0xce, 0xaf, 0x72, 0x39, 0x0e, 0x4d, 0xf0,
    0x5c, 0x10, 0xc7, 0x56, 0xed, 0x51, 0xa1, 0xa5, 0xa3, 0x3a, 0x2d, 0x85,
    0xbc, 0x66, 0xd6, 0x84, 0x99, 0x8c, 0xe4, 0x03, 0x66, 0xc1, 0xbd, 0x37,
    0x42, 0xc0, 0x6e, 0x9e, 0xe2, 0x89, 0x13, 0x24, 0x70, 0x0a, 0x0c, 0xe0,
    0x29, 0xc6, 0xdf, 0x44, 0xef, 0x0b, 0xc7, 0xda, 0x82, 0x70, 0xda, 0x8e,
    0x51, 0xbd, 0x85, 0xa7, 0x8a, 0x53, 0x71, 0x2e, 0x35, 0xe5, 0xd0, 0x5c,
    0x09, 0x75, 0x12, 0xe1, 0x83, 0x23, 0x35, 0xf3, 0x91, 0xa5, 0x4b, 0x2a,
    0x21, 0xaf, 0x37, 0xcf, 0xfc, 0xec, 0x3e, 0x9a, 0x32, 0xcd, 0x73, 0x3f,
    0x09, 0x9b, 0xab, 0x36, 0x8b, 0x91, 0xe3, 0x48, 0x97, 0x83, 0x7f, 0xc3,
    0xfd, 0x77, 0xb5, 0xf9, 0xfe, 0xa7, 0x03, 0x17, 0x23, 0x86, 0xa6, 0x41,
    0xa7, 0x56, 0x0b, 0xfc, 0x12, 0x9e, 0x57, 0x02, 0x81, 0x66, 0x6f, 0xd3,
    0x34, 0x4e, 0x9b, 0x8e, 0x71, 0x58, 0x40, 0xef, 0xd6, 0x03, 0x6a, 0xcf,
    0x48, 0x0c, 0x31, 0x4e, 0x84, 0xdf, 0x79, 0x7a, 0x0f, 0x53, 0x08, 0xc3,
    0x9b, 0x7a, 0xfe, 0x9d, 0x1f, 0x42, 0x16, 0xc8, 0x73, 0x58, 0x15, 0x4c,
    0xff, 0x61, 0xf2, 0x57, 0xc0, 0xdf, 0x05, 0x2a, 0x40, 0xe6, 0xd8, 0x5c,
    0x8b, 0x23, 0x19, 0xd9, 0x70, 0xed, 0xc8, 0x35, 0x74, 0x3e, 0x83, 0xc9,
    0x70, 0x86, 0x0e, 0x7e, 0x5d, 0x25, 0x9c, 0x92, 0x06, 0x1d, 0x60, 0xc9,
    0x06, 0x0c, 0xab, 0xf3, 0x2f, 0x1d, 0x31, 0x7d, 0x87, 0xd0, 0x73, 0x86,
    0x06, 0xae, 0x60, 0x6c, 0x11, 0xa0, 0xbf, 0x18, 0xbe, 0x9e, 0xc4, 0x69,
    0x7e, 0x4e, 0xbf, 0x5d, 0xac, 0x6b, 0xc5, 0xab, 0xbc, 0x89, 0x27, 0x61,
    0xbb, 0x2d, 0xe8, 0x13, 0x3f, 0x3c, 0xac, 0x37, 0x2d, 0x21, 0x79, 0xa9,
    0xbc, 0xbe, 0x05, 0xd2, 0x75, 0xd8, 0xed, 0xb5, 0xb4, 0x4e, 0x90, 0xe2,
    0x0b, 0x41, 0x85, 0x05, 0xe4, 0x72, 0x01, 0x29, 0x11, 0xba, 0xa9, 0x1c,
    0x85, 0x5c, 0x25, 0x58, 0xb6, 0xfc, 0x8c, 0xcc, 0x59, 0x82, 0x5f, 0xc4,
    0x69, 0xe6, 0xad, 0x21, 0x4a, 0xd4, 0x06, 0x4c, 0x3a, 0xac, 0x97, 0x35,
    0x39, 0x8a, 0x5e, 0x85, 0x88, 0xef, 0x22, 0x60, 0x6a, 0x18, 0x48, 0x99,
    0x04, 0x3a, 0x66, 0x09, 0xcc, 0xc5, 0x5d, 0x26, 0x4f, 0xbe, 0x60, 0x58,
    0x90, 0x72, 0x98, 0xc0, 0x75, 0x48, 0x6d, 0x91, 0x5b, 0x78, 0x5b, 0xef,
    0xe1, 0x21, 0xc0, 0x7b, 0x78, 0x71, 0x8a, 0x3f, 0xe2, 0x1b, 0x40, 0x5c,
    0xe0, 0x5a, 0x99, 0xc1, 0xe8, 0x06, 0x09, 0x08, 0x50, 0xef, 0xe1, 0x41,
    0xad, 0xf6, 0x33, 0xac, 0xc2, 0xb2, 0xb2, 0x33, 0x70, 0x97, 0x82, 0x87,
    0x30, 0xe5, 0x2a, 0x8d, 0x70, 0x6d, 0x1b, 0xc8, 0xda, 0x81, 0x7e, 0x0b,
    0x5c, 0x21, 0x71, 0x56, 0xd2, 0xa4, 0x4e, 0xac, 0xe2, 0xa4, 0x99, 0xfb,
    0xd9, 0x8d, 0x72, 0x37, 0x92, 0x6c, 0x74, 0xe2, 0xa9, 0xf0, 0x91, 0x20,
    0x20, 0xc2, 0x33, 0x09, 0x2f, 0x43, 0x9d, 0x01, 0x8b, 0xdf, 0xe2, 0x14,
    0x9c, 0xcf, 0xf5, 0xdf, 0xfe, 0xfd, 0xbf, 0x1c, 0x25, 0x37, 0x4c, 0x8c,
    0x0f, 0x24, 0xd9, 0x11, 0x34, 0xea, 0x12, 0x39, 0x1a, 0x47, 0xc7, 0x03,
    0x0e, 0x7a, 0x9c, 0x91, 0x72, 0x77, 0x4e, 0x7c, 0x83, 0xe2, 0x51, 0xf5,
    0x1c, 0x0e, 0x29, 0xa5, 0x5c, 0x15, 0x20, 0x6f, 0x72, 0x45, 0xcc, 0x03,
    0x78, 0x78, 0xdc, 0xa5, 0x2f, 0x17, 0x81, 0x91, 0xf9, 0x2c, 0xe4, 0x85,
    0x88, 0xe8, 0x9c, 0x29, 0x61, 0x0f, 0x80, 0x55, 0x98, 0x17, 0x0a, 0x3e,
    0x05, 0x2e, 0x7b, 0x43, 0x97, 0xb8, 0xe9, 0x58, 0x8e, 0xb1, 0xfd, 0x8d,
    0x95, 0x0f, 0x79, 0xbc, 0xc9, 0x75, 0x86, 0xdc, 0x5d, 0x82, 0x3c, 0xf9,
    0xd7, 0xbc, 0xc0, 0x12, 0x78, 0x22, 0x56, 0x5e, 0xbb, 0x9e, 0x75, 0x7c,
    0x33, 0x94, 0x61, 0x06, 0x31, 0x6f, 0x08, 0x1d, 0x37, 0x05, 0xfe, 0xc2,
    0x2a, 0x81, 0x09, 0xd7, 0x8c, 0x01, 0xa9, 0x28, 0x1c, 0x12, 0xd2, 0x1b,
    0x1c, 0x52, 0x41, 0xf1, 0xbd, 0xbd, 0xe7, 0xc2, 0xc4, 0x5d, 0x14, 0x6d,
    0x97, 0xd0, 0x28, 0x9d, 0x44, 0x0b, 0xf9, 0xa6, 0xee, 0x5e, 0x30, 0xb0,
    0x1b, 0x7e, 0xa0, 0x19, 0x41, 0x5c, 0x36, 0xf8, 0x9b, 0x37, 0x21, 0x20,
    0x6f, 0xb3, 0xdb, 0x36, 0xcb, 0x0b, 0xc2, 0xc5, 0x9e, 0xf6, 0x05, 0x53,
    0x4a, 0x72, 0x65, 0x40, 0x85, 0x8b, 0x12, 0x6e, 0x6f, 0xc4, 0x62, 0x69,
    0xbc, 0x6e, 0xf1, 0xa7, 0x15, 0x16, 0x3c, 0x3c, 0x40, 0x1b, 0x40, 0x75,
    0xf1, 0x10, 0x46, 0x14, 0xbc, 0x99, 0x87, 0x8b, 0xa0, 0x19, 0xdb, 0x3e,
    0x0a, 0x0f, 0xa8, 0x93, 0x8f, 0xbf, 0x70, 0x44, 0xb0, 0x83, 0x06, 0x94,
    0x5e, 0xc1, 0x0f, 0x33, 0x28, 0x42, 0x53, 0xaa, 0x23, 0x22, 0xd3, 0x86,
    0x92, 0x09, 0x6d, 0xb9, 0xb2, 0x96, 0x4c, 0x93, 0x80, 0x89, 0x6e, 0xa2,
    0xfe, 0x37, 0x31, 0xe6, 0x72, 0x65, 0x10, 0xf5, 0xf0, 0x70, 0x71, 0x59,
    0x38, 0xad, 0x5b, 0x6f, 0x8c, 0x6b, 0x06, 0x63, 0x2b, 0x21, 0xb6, 0x60,
    0xed, 0xc5, 0x18, 0x19, 0x9a, 0x6d, 0x1b, 0x23, 0x31, 0xb4, 0xc7, 0x58,
    0x21, 0x9c, 0x3d, 0xf2, 0x5a, 0x8f, 0xb4, 0x96, 0x04, 0xe3, 0xaf, 0x49,
    0x2c, 0x1f, 0x1e, 0xae, 0xf1, 0x67, 0xb6, 0x4a, 0xb0, 0xbe, 0xcb, 0x03,
    0xa5, 0xf4, 0x67, 0xe2, 0xf5, 0xbe, 0xc3, 0x9a, 0xca, 0xc1, 0xb6, 0x9c,
    0xa1, 0x1e, 0x53, 0xcc, 0x6d, 0x04, 0x8b, 0xf6, 0xcc, 0x73, 0x3d, 0xb3,
    0x41, 0x3d, 0x98, 0x77, 0x4e, 0x30, 0xd4, 0xdf, 0xfd, 0xe6, 0xbc, 0x98,
    0xfc, 0x0c, 0x66, 0xc3, 0x33, 0x0f, 0xc0, 0x43, 0x98, 0x0c, 0x1e, 0x9c,
    0xfd, 0xb9, 0xb4, 0x30, 0xfb, 0x4e, 0x0b, 0xe2, 0x1f, 0x8a, 0x4d, 0x4a,
    0x06, 0xc2, 0xac, 0x57, 0x22, 0x3f, 0x51, 0x70, 0x9f, 0x9b, 0xe4, 0x97,
    0xa1, 0x0d, 0xc9, 0x16, 0x46, 0xc2, 0x42, 0xf3, 0xd1, 0x5d, 0x39, 0x07,
    0xf0, 0xef, 0x81, 0x09, 0x00, 0xc5, 0x4a, 0x08, 0x86, 0xd2, 0x21, 0xeb,
    0x6d, 0x9b, 0x20, 0xa0, 0x1c, 0x59, 0xd1, 0xce, 0x3c, 0xbe, 0x7b, 0xcf,
    0xf3, 0x8f, 0x18, 0xcf, 0x34, 0x23, 0x21, 0x52, 0xe8, 0x9a, 0xc9, 0x23,
    0xc3, 0x3f, 0xc5, 0x96, 0xa0, 0x21, 0x3d, 0x89, 0x37, 0xa6, 0xd8, 0x59,
    0xec, 0x1a, 0x3a, 0xfb, 0x89, 0x0e, 0x84, 0x12, 0x50, 0xb4, 0x88, 0xbc,
    0x31, 0x1e, 0x0a, 0xa1, 0x37, 0x45, 0x5c, 0x9d, 0x00, 0x83, 0xa2, 0x33,
    0x47, 0x9d, 0x48, 0x71, 0xf0, 0x12, 0x90, 0xd5, 0x15, 0xb2, 0x24, 0x23,
    0xea, 0x34, 0x8f, 0x91, 0x00, 0xf6, 0xe7, 0x14, 0x14, 0x37, 0x09, 0x48,
    0x0b, 0x97, 0x61, 0x07, 0x7b, 0xba, 0x74, 0xf3, 0x7d, 0x1c, 0xdc, 0x37,
    0x27, 0x86, 0xb9, 0xf5, 0x70, 0x0a, 0xf5, 0xd6, 0x91, 0x51, 0x83, 0x0b,
    0xd0, 0x96, 0x32, 0xce, 0xba, 0x45, 0xfb, 0x86, 0x0e, 0xda, 0x01, 0xdd,
    0xc3, 0xdf, 0x24, 0x45, 0x0e, 0x12, 0x7d, 0xe2, 0xea, 0x91, 0x57, 0x98,
    0x0b, 0x40, 0x6e, 0x10, 0xc7, 0x0b, 0x40, 0xdb, 0x7c, 0x81, 0x4d, 0x5e,
    0x01, 0x04, 0x35, 0x95, 0x63, 0x39, 0x48, 0xb0, 0xf3, 0xe0, 0xdf, 0x3a,
    0x67, 0xff, 0x23, 0xd8, 0x57, 0x41, 0xc4, 0x2d, 0x04, 0xf2, 0xfb, 0xb7,
    0xa7, 0x9d, 0x7e, 0xef, 0xf0, 0xe5, 0xe1, 0xc9, 0xe0, 0xf8, 0xf0, 0x04,
    0x9f, 0xc7, 0xfa, 0xf1, 0x65, 0x4d, 0x64, 0xa1, 0x4b, 0x55, 0x6c, 0xb9,
    0x82, 0x15, 0x4d, 0x38, 0xc3, 0x89, 0xda, 0x4c, 0xda, 0x44, 0x2a, 0x3b,
    0x0d, 0xfa, 0x9d, 0x09, 0x88, 0x86, 0x59, 0x7d, 0x22, 0x17, 0x59, 0x5d,
    0x41, 0x38, 0xe8, 0x97, 0x16, 0x00, 0x2d, 0xde, 0xfe, 0x6d, 0xc9, 0xb8,
    0xe1, 0x79, 0xe8, 0x66, 0x41, 0xc6, 0x89, 0xb7, 0x96, 0xa5, 0xd7, 0xa1,
    0x8e, 0xf2, 0xc4, 0x33, 0x86, 0x79, 0xa2, 0xf6, 0xda, 0xa6, 0xda, 0xaa,
    0x7e, 0x8f, 0x0f, 0x8a, 0xde, 0x6d, 0x59, 0xc6, 0x1c, 0x1a, 0xb6, 0x43,
    0xbd, 0x11, 0x76, 0x61, 0x68, 0x58, 0x08, 0xf5, 0xa6, 0xa8, 0x59, 0x0e,
    0x29, 0xc0, 0x53, 0x4f, 0x45, 0x0f, 0x55, 0xd0, 0xc0, 0xf7, 0xea, 0xb7,
    0x7a, 0xbb, 0x21, 0xee, 0xaa, 0x17, 0x56, 0x34, 0x29, 0x7b, 0xb4, 0x80,
    0x0c, 0x95, 0x97, 0xde, 0xae, 0x11, 0xe0, 0x8a, 0x4b, 0x82, 0x46, 0x93,
    0x4c, 0xa4, 0xc2, 0xba, 0xb4, 0x7b, 0x9f, 0xfd, 0x16, 0xe6, 0x73, 0x61,
    0xb5, 0x80, 0x07, 0xad, 0x52, 0x60, 0x37, 0x01, 0x87, 0xa6, 0xea, 0x74,
    0xc3, 0x7d, 0x6d, 0xdd, 0x42, 0x63, 0xdd, 0xa6, 0xbd, 0x1b, 0x56, 0xec,
    0x9f, 0xd5, 0xcb, 0xa8, 0xb2, 0x15, 0xc0, 0x8c, 0xc6, 0x52, 0xf7, 0xa2,
    0x72, 0xa6, 0xe1, 0x16, 0x4d, 0x05, 0x27, 0x37, 0x45, 0xcc, 0x53, 0xca,
    0x48, 0x27, 0xb6, 0xda, 0x21, 0xa3, 0x7f, 0xa4, 0x0a, 0x47, 0x53, 0x26,
    0xd4, 0x46, 0x25, 0xaa, 0x48, 0x90, 0x2a, 0xbc, 0xc5, 0x0c, 0x91, 0x7a,
    0x26, 0x71, 0x96, 0x0b, 0x33, 0x60, 0xd4, 0x43, 0x8b, 0x81, 0xcf, 0x2b,
    0xf2, 0x52, 0x47, 0x62, 0xdb, 0x39, 0xa6, 0x21, 0xf8, 0xcd, 0xc5, 0x7d,
    0x53, 0xb2, 0x78, 0xad, 0xe2, 0x04, 0x69, 0x41, 0xa8, 0x19, 0x22, 0xac,
    0xbf, 0xfd, 0xfb, 0x7f, 0x3a, 0xda, 0x03, 0x36, 0x0f, 0x2e, 0xdc, 0xab,
    0xcb, 0x03, 0x70, 0x28, 0x0e, 0x2b, 0xc1, 0xb3, 0x52, 0x97, 0x22, 0x7a,
    0x8f, 0x21, 0x1f, 0x52, 0x92, 0x8e, 0xa7, 0x2e, 0x29, 0xa0, 0x8a, 0x31,
    0x27, 0x2d, 0xfb, 0x54, 0x15, 0x2f, 0x53, 0xb2, 0xea, 0xd9, 0x29, 0xd5,
    0x59, 0x5d, 0x42, 0x3b, 0xbc, 0xb8, 0xa4, 0x64, 0xb3, 0x38, 0xc8, 0x5a,
    0x4a, 0x66, 0x4a, 0x30, 0xcc, 0x2c, 0x18, 0xbc, 0x5e, 0x3c, 0x63, 0x27,
    0xe6, 0x99, 0x4e, 0x30, 0xb4, 0x8f, 0x1e, 0x83, 0x95, 0x09, 0xa1, 0x09,
    0xa9, 0x08, 0x68, 0x92, 0xad, 0x01, 0x4d, 0x82, 0xab, 0x4e, 0xcc, 0xda,
    0x09, 0xed, 0x46, 0x3b, 0xd8, 0xb8, 0x03, 0x61, 0xe7, 0x7d, 0x6c, 0x1d,
    0x3a, 0xc5, 0x2a, 0x15, 0x7b, 0x43, 0xa0, 0x45, 0xec, 0x28, 0x76, 0xc6,
    0x10, 0x1b, 0xd7, 0xc2, 0x1e, 0x63, 0xb9, 0x12, 0xde, 0x82, 0xe8, 0x66,
    0xb0, 0x94, 0x10, 0xff, 0xc4, 0x52, 0x94, 0xcb, 0x6a, 0xa6, 0x6d, 0x16,
    0xb6, 0xc0, 0x6f, 0x69, 0xf6, 0xdd, 0x6d, 0x5d, 0x94, 0xaa, 0x8e, 0x20,
    0xe8, 0x3b, 0x73, 0x6d, 0xea, 0x96, 0x8a, 0x23, 0xde, 0x50, 0x99, 0x53,
    0xf5, 0x56, 0x4c, 0x26, 0x76, 0x79, 0xa9, 0x8c, 0x85, 0x04, 0xf7, 0x1e,
    0x1e, 0x9a, 0xa9, 0x1d, 0x1c, 0x09, 0x0a, 0xab, 0x31, 0x24, 0x91, 0x99,
    0x77, 0x91, 0xca, 0x10, 0x05, 0x16, 0x4c, 0x7b, 0x65, 0x26, 0x8b, 0xc0,
    0x03, 0x6a, 0xc1, 0xc6, 0xfc, 0x8c, 0x74, 0xa2, 0xd5, 0xb2, 0x5b, 0xcd,
    0x39, 0x2e, 0xba, 0x97, 0x67, 0xb2, 0xa1, 0xb5, 0xdf, 0x24, 0x3c, 0xc6,
    0x3d, 0x88, 0x52, 0xf6, 0x1d, 0xf9, 0xc4, 0x3a, 0xac, 0xd7, 0x02, 0x1f,
    0x0c, 0x30, 0x52, 0x57, 0xda, 0xf2, 0x33, 0x47, 0x6e, 0x9f, 0x01, 0xd5,
    0x7f, 0x90, 0xb1, 0x93, 0x03, 0xc2, 0x28, 0x30, 0x2c, 0xa8, 0x09, 0x01,
    0x6f, 0x84, 0xd4, 0x94, 0x02, 0x32, 0xe5, 0x8b, 0xc5, 0x56, 0x72, 0x62,
    0xcd, 0x1b, 0x89, 0x89, 0x9d, 0x0c, 0x6a, 0x46, 0xe0, 0x30, 0xbb, 0x67,
    0x8e, 0xbe, 0x7f, 0xe4, 0x0c, 0xb1, 0x65, 0x70, 0xe6, 0x50, 0xf2, 0x3e,
    0x74, 0xf4, 0xad, 0x23, 0x47, 0x0e, 0x35, 0xe5, 0xe9, 0x56, 0x70, 0xc0,
    0xe4, 0x3a, 0xf6, 0x91, 0x61, 0x01, 0xbe, 0x8a, 0xa3, 0x29, 0x24, 0xc9,
    0x37, 0x5e, 0xb3, 0x85, 0xb1, 0x5c, 0x13, 0xff, 0xa0, 0xe8, 0xbf, 0xa5,
    0xca, 0x04, 0x90, 0x2a, 0x0c, 0x5a, 0x22, 0x2f, 0xc2, 0x2b, 0x02, 0x06,
    0x9d, 0x65, 0xc2, 0x55, 0x11, 0x2a, 0x80, 0x89, 0x96, 0xaf, 0x54, 0xa5,
    0x31, 0xcc, 0x04, 0x66, 0xe5, 0xf7, 0xe2, 0xa0, 0x45, 0x73, 0x2a, 0x75,
    0xc7, 0xac, 0x9d, 0x4c, 0xa9, 0x70, 0xf2, 0xfc, 0x75, 0x9a, 0xfa, 0xf7,
    0x6e, 0x98, 0xd1, 0xdf, 0xe6, 0x54, 0x28, 0x3c, 0xf8, 0x08, 0xf9, 0xcb,
    0x03, 0xd5, 0x2f, 0x17, 0x4b, 0x2a, 0x61, 0xa3, 0xb1, 0x90, 0x10, 0xab,
    0x8b, 0xcf, 0x44, 0x58, 0x68, 0x47, 0x93, 0x23, 0x0b, 0xa3, 0x4a, 0xe0,
    0x48, 0xcd, 0x54, 0x96, 0x13, 0x2c, 0x0c, 0xa9, 0xec, 0x1a, 0x62, 0x10,
    0xbd, 0x82, 0x9f, 0x90, 0x4b, 0x81, 0x34, 0x74, 0x7a, 0xc3, 0xda, 0x82,
    0x1b, 0xbc, 0x0d, 0xa8, 0x4e, 0xdb, 0x4c, 0xbd, 0x31, 0xd2, 0x12, 0x46,
    0x51, 0xa5, 0x18, 0x56, 0x48, 0xd5, 0x3f, 0x0d, 0x62, 0x6f, 0x8f, 0x00,
    0x9f, 0x76, 0x6b, 0xc3, 0x9a, 0x30, 0x33, 0x28, 0xcf, 0xee, 0xfc, 0x0c,
    0x96, 0xbe, 0x8c, 0xc1, 0x36, 0x19, 0xf9, 0xfe, 0x9c, 0x33, 0x34, 0xaf,
    0x68, 0xe5, 0x9f, 0x61, 0x95, 0x49, 0x2d, 0x1c, 0xc1, 0xda, 0x1c, 0xa8,
    0xbc, 0x95, 0xd5, 0x1c, 0x7b, 0x09, 0x35, 0x88, 0xa8, 0xb9, 0x4c, 0x93,
    0x44, 0x16, 0x88, 0x26, 0xc5, 0x35, 0x89, 0x35, 0x3c, 0x5a, 0x7e, 0xac,
    0x5b, 0x23, 0x57, 0xb5, 0x0c, 0x99, 0x2a, 0x64, 0x6c, 0x45, 0x57, 0xc8,
    0x4e, 0x6c, 0x3b, 0x06, 0x13, 0x15, 0xd5, 0x6f, 0x9a, 0x4f, 0x5b, 0x14,
    0xaf, 0x6e, 0xd6, 0x0b, 0xea, 0x73, 0x89, 0x45, 0x1b, 0x88, 0xa0, 0x3c,
    0x90, 0xa4, 0x92, 0xf2, 0xe3, 0x1b, 0xf2, 0x22, 0xe6, 0xee, 0x7b, 0xc9,
    0x8f, 0xc8, 0x75, 0x81, 0x3d, 0xb6, 0xcc, 0x2a, 0x68, 0x1f, 0xd2, 0xd1,
    0x6c, 0x19, 0x3d, 0x03, 0xdd, 0x6f, 0x0a, 0x84, 0x2e, 0xb0, 0xaa, 0x4d,
    0x16, 0xe1, 0x12, 0x7d, 0xcd, 0x45, 0x91, 0x84, 0x82, 0x14, 0x8b, 0x9f,
    0x97, 0x6d, 0x76, 0xa1, 0x33, 0x52, 0xe6, 0x4b, 0xdc, 0x2e, 0x2f, 0x25,
    0x4b, 0x68, 0x30, 0x64, 0xdc, 0x17, 0xae, 0xeb, 0x8a, 0x52, 0x9e, 0xc8,
    0x8c, 0xb3, 0x4b, 0x18, 0xbf, 0xe4, 0xcd, 0x18, 0x74, 0x56, 0x26, 0xc8,
    0x9e, 0x27, 0xdc, 0x78, 0x8b, 0x89, 0x8c, 0x8c, 0xf4, 0x56, 0x34, 0xe1,
    0xea, 0x8a, 0x32, 0xa0, 0x74, 0xeb, 0x4d, 0x0b, 0x9e, 0xa4, 0x83, 0xec,
    0x43, 0x35, 0x7a, 0x90, 0x98, 0xba, 0x00, 0xd5, 0x9b, 0x2a, 0xe3, 0xeb,
    0x14, 0xbe, 0xb7, 0x12, 0xe1, 0x42, 0x2f, 0xd9, 0xf6, 0x5c, 0x26, 0x9b,
    0xd4, 0xb9, 0x1a, 0x99, 0x42, 0xc7, 0xa2, 0x11, 0x80, 0xf2, 0xdf, 0x05,
    0xd8, 0x4a, 0x22, 0x02, 0x1d, 0x4b, 0x01, 0xba, 0x27, 0x42, 0xf4, 0x33,
    0x19, 0xae, 0x4c, 0xed, 0x40, 0xfd, 0xe1, 0xa1, 0xdb, 0x1a, 0xd6, 0xbc,
    0xc2, 0x24, 0x44, 0xe1, 0x24, 0x6a, 0xed, 0xe5, 0xb0, 0x12, 0x66, 0x52,
    0x4d, 0x96, 0x92, 0x1f, 0x0e, 0x8b, 0x17, 0x24, 0xed, 0x53, 0x2b, 0x29,
    0x6f, 0xb1, 0x2d, 0x01, 0xa8, 0x67, 0xf7, 0x2b, 0xe6, 0xac, 0x0b, 0x28,
    0xbd, 0xe7, 0xcf, 0x65, 0xf7, 0xe2, 0x6d, 0x31, 0xa2, 0x26, 0x5e, 0x55,
    0xd0, 0x8d, 0x57, 0x16, 0xd6, 0xfd, 0xee, 0xb0, 0xda, 0x83, 0x20, 0x96,
    0xd3, 0x00, 0xcf, 0x77, 0x55, 0x93, 0xe6, 0xee, 0xd6, 0xf8, 0x1e, 0x0b,
    0xe0, 0xcf, 0xcc, 0xa0, 0x76, 0x54, 0x2d, 0x6a, 0x63, 0xce, 0xfc, 0x4b,
    0x1c, 0xf8, 0x0b, 0xf3, 0xad, 0x94, 0x25, 0xfa, 0xf0, 0x51, 0xc9, 0x33,
    0xe0, 0x40, 0x1e, 0x48, 0x43, 0x5c, 0x44, 0x90, 0x09, 0x56, 0xdc, 0x3c,
    0xa3, 0x42, 0x2a, 0x32, 0x2e, 0x61, 0x71, 0x9e, 0xd3, 0x5b, 0x12, 0x49,
    0x99, 0xaa, 0xd6, 0x18, 0x17, 0x71, 0x1f, 0x0e, 0xf7, 0x90, 0x0b, 0x23,
    0x4a, 0x23, 0x1c, 0x0b, 0x88, 0x50, 0xc9, 0x87, 0x07, 0xf9, 0x28, 0x63,
    0x82, 0x2a, 0xb8, 0xf2, 0x61, 0x14, 0x2a, 0xdb, 0xe9, 0x1d, 0x6a, 0x02,
    0x6a, 0x06, 0xb2, 0x06, 0xe6, 0xa5, 0x1c, 0xa1, 0xce, 0x5e, 0x15, 0x9e,
    0x06, 0xa4, 0xd5, 0x13, 0x26, 0x4c, 0x1b, 0x3c, 0x30, 0x17, 0x64, 0x6f,
    0x3d, 0x78, 0xb7, 0xb7, 0x07, 0xff, 0x28, 0x63, 0x06, 0xfa, 0xab, 0x86,
    0xc9, 0xab, 0xac, 0xd4, 0x6f, 0x6f, 0x4f, 0x98, 0x67, 0xd9, 0xe6, 0x79,
    0xe6, 0xca, 0xce, 0x4a, 0x75, 0xf4, 0x8d, 0x04, 0x4e, 0xf5, 0xe7, 0x67,
    0x72, 0x31, 0x72, 0xa4, 0x39, 0x6e, 0xa4, 0x16, 0xaa, 0xa4, 0x45, 0xbe,
    0x55, 0x8f, 0x44, 0x52, 0xa3, 0xc9, 0x14, 0x9f, 0x96, 0x35, 0xd6, 0xca,
    0x26, 0xb7, 0x8c, 0x18, 0x3d, 0x0b, 0x38, 0xd6, 0x61, 0x99, 0x8d, 0x82,
    0xd5, 0xa8, 0x67, 0xae, 0x69, 0xb6, 0x61, 0xa9, 0x1d, 0x85, 0xea, 0xd2,
    0x81, 0x98, 0xc2, 0x47, 0xd0, 0x58, 0xb9, 0xb1, 0xa4, 0xa8, 0x2c, 0x24,
    0xe3, 0xb9, 0xa2, 0x9f, 0x0c, 0x2a, 0xd5, 0x6c, 0x2a, 0xca, 0xbc, 0xba,
    0xe1, 0xf7, 0xa0, 0x14, 0x8a, 0x27, 0xde, 0x85, 0xf8, 0xd1, 0x66, 0x60,
    0xbd, 0x9b, 0xcd, 0x32, 0xcb, 0xdc, 0x0c, 0xe2, 0x2e, 0xde, 0xec, 0xb5,
    0x5a, 0xe4, 0x89, 0x2e, 0xd5, 0x8c, 0x2d, 0x56, 0x66, 0xba, 0x97, 0x8e,
    0x8c, 0x42, 0xc9, 0xdf, 0xd5, 0x97, 0x32, 0xdc, 0x89, 0x80, 0xb0, 0xa4,
    0x37, 0x62, 0x77, 0x10, 0xbe, 0x71, 0x09, 0x9d, 0x9c, 0x8b, 0x15, 0xb2,
    0xb4, 0xa0, 0xd7, 0xfe, 0x3e, 0x84, 0x5c, 0xd8, 0x12, 0x06, 0x23, 0x81,
    0xa4, 0x9b, 0xac, 0xb2, 0x79, 0x33, 0x15, 0x79, 0x84, 0x48, 0x1e, 0xd7,
    0xf4, 0xe5, 0x7c, 0xff, 0xea, 0x96, 0xa7, 0x99, 0xf8, 0x86, 0xa2, 0x25,
    0xe3, 0xf6, 0xdb, 0x87, 0x87, 0x5e, 0x5b, 0x40, 0xda, 0xd8, 0xd9, 0x32,
    0x05, 0x76, 0xf2, 0x02, 0x50, 0xd6, 0x8c, 0xb2, 0x6a, 0x3e, 0x69, 0x5d,
    0x26, 0xda, 0x95, 0x53, 0xa2, 0x7e, 0xa3, 0xb7, 0x87, 0x7f, 0x8c, 0x84,
    0x8d, 0x7a, 0x5b, 0xfb, 0x5e, 0x90, 0x6a, 0x29, 0x70, 0x6c, 0x86, 0x1f,
    0x6f, 0x70, 0x99, 0xb6, 0x1b, 0x78, 0xf9, 0x08, 0xcb, 0x47, 0x78, 0xf7,
    0x89, 0xf9, 0xd7, 0x7e, 0x18, 0x51, 0x42, 0x45, 0x2b, 0xc6, 0xb5, 0x47,
    0x45, 0xc8, 0x1f, 0x7d, 0x4b, 0xee, 0x64, 0x67, 0x48, 0xe5, 0x74, 0xca,
    0xf8, 0xce, 0x9e, 0x23, 0x82, 0x76, 0x13, 0xf1, 0x66, 0xe4, 0xe2, 0xcd,
    0x11, 0x30, 0xd9, 0x4d, 0x51, 0x0b, 0x68, 0x39, 0x2d, 0x48, 0x6e, 0xff,
    0xf7, 0xff, 0x64, 0xce, 0x7e, 0xe4, 0xa6, 0xf0, 0x0e, 0x9e, 0x82, 0xef,
    0x97, 0xd8, 0x32, 0x9d, 0x53, 0xa3, 0xbc, 0x98, 0xb1, 0xdf, 0xa4, 0xcf,
    0xa3, 0xae, 0x52, 0x7e, 0x46, 0xfd, 0xcf, 0xe9, 0x37, 0xa6, 0x34, 0xf8,
    0x84, 0x21, 0xbf, 0x53, 0x93, 0x24, 0x50, 0xf1, 0x42, 0xdf, 0xbe, 0xd2,
    0xfe, 0x40, 0x63, 0x21, 0x8a, 0x14, 0xf6, 0xb6, 0xa5, 0xe1, 0x34, 0xca,
    0xa3, 0x95, 0x23, 0x60, 0x9b, 0x9d, 0xc9, 0x84, 0x59, 0x8a, 0x15, 0x47,
    0x3c, 0xe8, 0xcc, 0x00, 0x74, 0xa8, 0xca, 0x06, 0x46, 0xd8, 0x5b, 0xc5,
    0x01, 0x47, 0x14, 0xf9, 0xd9, 0x05, 0x9d, 0x8d, 0x69, 0x8b, 0x20, 0xcd,
    0x48, 0xd4, 0x40, 0x93, 0xb7, 0xb3, 0x0e, 0x33, 0x41, 0xe4, 0xc0, 0xa3,
    0x99, 0x1c, 0x40, 0xb1, 0x58, 0x45, 0x93, 0x8d, 0x68, 0xac, 0x9d, 0xa5,
    0x51, 0xc5, 0xac, 0x9a, 0xa0, 0xc3, 0xf8, 0x56, 0x4d, 0x33, 0x0e, 0xad,
    0x16, 0x76, 0x41, 0x4a, 0xce, 0x25, 0x65, 0x28, 0xd7, 0x79, 0x74, 0xa7,
    0x37, 0xc0, 0x0a, 0x91, 0xba, 0x73, 0x86, 0x29, 0xad, 0xb8, 0x2d, 0xa6,
    0x1b, 0x9c, 0x21, 0xd8, 0x2a, 0x79, 0xcf, 0x06, 0x5f, 0xab, 0x2b, 0x45,
    0x22, 0x30, 0x01, 0x29, 0x51, 0x17, 0xf4, 0xe2, 0xd9, 0x0c, 0xe4, 0x52,
    0xb1, 0xc5, 0x31, 0xae, 0x81, 0x42, 0x4c, 0x0b, 0x51, 0x2f, 0x5e, 0xfe,
    0xc4, 0xdd, 0x36, 0x17, 0xef, 0xd9, 0x50, 0xc4, 0x8b, 0xe7, 0x9d, 0x45,
    0xc8, 0x5b, 0x46, 0x42, 0x3c, 0xa3, 0x6c, 0x80, 0xd4, 0xfe, 0x19, 0xa4,
    0x55, 0x34, 0x84, 0xc9, 0xb0, 0x78, 0x03, 0x42, 0x86, 0x67, 0x94, 0x0b,
    0x44, 0x05, 0x4c, 0xba, 0x86, 0xf5, 0xfa, 0x23, 0x01, 0x35, 0xf0, 0x16,
    0x0f, 0x26, 0x40, 0x78, 0x06, 0x78, 0xce, 0x07, 0x40, 0x9b, 0x46, 0xfe,
    0xc6, 0x27, 0x78, 0xfc, 0x8b, 0x06, 0xde, 0xf1, 0x89, 0x0c, 0x80, 0xb0,
    0xec, 0x05, 0x81, 0xb8, 0x5d, 0x3c, 0x0f, 0x97, 0xdc, 0x22, 0xb2, 0x5e,
    0xb4, 0x79, 0x25, 0x46, 0xac, 0x5a, 0x5d, 0x7f, 0x21, 0xb0, 0xea, 0x8a,
    0x05, 0xd6, 0x2c, 0x3e, 0xbf, 0x11, 0xd3, 0x1a, 0xd7, 0x6b, 0x74, 0x9f,
    0xab, 0xfe, 0xe1, 0x1c, 0xfa, 0x74, 0x3a, 0xc3, 0x4e, 0x47, 0xcc, 0x2e,
    0xe4, 0xf1, 0x0f, 0xaf, 0x02, 0xa3, 0x8d, 0x9b, 0x5f, 0x54, 0xb3, 0x57,
    0x13, 0x49, 0x63, 0x87, 0xc9, 0x02, 0xee, 0x8b, 0xed, 0x48, 0x15, 0xfe,
    0x90, 0x69, 0x02, 0x6d, 0xca, 0xfd, 0x01, 0xe3, 0xb0, 0xbf, 0x78, 0xf9,
    0x47, 0xcd, 0xf6, 0x0b, 0x2d, 0x9b, 0x36, 0x37, 0x9a, 0xad, 0xca, 0xf6,
    0x6a, 0x91, 0x2b, 0xd3, 0x4a, 0xf4, 0xa6, 0x8a, 0x71, 0x21, 0x44, 0x6e,
    0xb5, 0xda, 0xd4, 0xb3, 0xb7, 0x55, 0x4b, 0x33, 0xa2, 0x85, 0x28, 0x66,
    0x7c, 0xb6, 0x6d, 0x46, 0xec, 0x76, 0x20, 0xe7, 0xd0, 0x13, 0x1b, 0x37,
    0xab, 0xe4, 0xc4, 0x96, 0x6a, 0x10, 0x91, 0xb4, 0x50, 0x40, 0x72, 0x85,
    0x35, 0xd7, 0xc4, 0x32, 0x66, 0x14, 0xca, 0x97, 0xda, 0x3c, 0x3d, 0xa4,
    0x00, 0x20, 0xed, 0xa8, 0xea, 0x2e, 0x1f, 0xed, 0x11, 0xb2, 0x91, 0xa2,
    0xe9, 0xe2, 0x76, 0x64, 0xad, 0x2a, 0x6a, 0xd9, 0x96, 0x75, 0x47, 0x69,
    0xf7, 0x1d, 0x6b, 0x5b, 0xbd, 0x4c, 0x29, 0xb9, 0x01, 0xdb, 0xdc, 0xb1,
    0x6f, 0x8e, 0x89, 0x24, 0xb6, 0x79, 0xf6, 0x31, 0xb3, 0xd6, 0x13, 0x0a,
    0x1f, 0x67, 0x34, 0x50, 0x94, 0x6d, 0x5b, 0x3a, 0x0a, 0x11, 0x7d, 0x4d,
    0x1e, 0xa9, 0xc3, 0x2e, 0xa5, 0x8b, 0x68, 0xfa, 0xc0, 0x8b, 0xdc, 0x89,
    0x37, 0xe4, 0x48, 0x8f, 0xa8, 0xde, 0x1c, 0xd1, 0xa3, 0xd4, 0x4c, 0xe5,
    0x82, 0x8d, 0xe0, 0xb3, 0x66, 0x71, 0x19, 0x75, 0x25, 0x10, 0x72, 0x0f,
    0x4f, 0xee, 0x61, 0xe3, 0x4a, 0x2e, 0x3d, 0xdc, 0x10, 0x22, 0x8a, 0x14,
    0x04, 0x82, 0xb0, 0xee, 0x76, 0xdb, 0x6e, 0xb7, 0xc2, 0x5c, 0x53, 0xd9,
    0x36, 0xb9, 0xfe, 0x6d, 0x78, 0x0d, 0x86, 0xdf, 0x2c, 0x77, 0xf3, 0xdf,
    0x57, 0x3c, 0xc3, 0x4d, 0xd6, 0x3b, 0xc8, 0x51, 0xc1, 0x75, 0x2e, 0x62,
    0x71, 0x02, 0x05, 0x8f, 0x8a, 0xcd, 0x75, 0xcc, 0x27, 0xe2, 0x6b, 0x79,
    0xf8, 0xef, 0xc2, 0xd1, 0x2b, 0x6f, 0x2b, 0x67, 0x0f, 0xbf, 0xe4, 0x89,
    0xb0, 0xb6, 0x41, 0x22, 0xdc, 0x5c, 0x0c, 0xc1, 0x17, 0xaf, 0x02, 0x20,
    0x84, 0x9e, 0xaa, 0x75, 0x56, 0x00, 0x18, 0x5a, 0x2c, 0xde, 0x79, 0xda,
    0xea, 0x42, 0x7f, 0x7c, 0xe0, 0xd2, 0x38, 0x6f, 0x95, 0x78, 0xe3, 0x44,
    0xef, 0x52, 0xba, 0xd8, 0x05, 0x60, 0xd3, 0x37, 0x9c, 0xac, 0xb3, 0x01,
    0xad, 0x27, 0x80, 0x26, 0x8a, 0x1b, 0xa0, 0x7d, 0xf4, 0xaf, 0x48, 0x7a,
    0x0d, 0x56, 0x8a, 0xa5, 0x01, 0x96, 0xf9, 0x75, 0xbb, 0x9b, 0xf2, 0x9b,
    0x39, 0x40, 0x0b, 0x44, 0x04, 0x55, 0x9d, 0x24, 0xd1, 0x77, 0x45, 0x19,
    0x6c, 0x5b, 0x77, 0xe9, 0x24, 0x69, 0x07, 0x56, 0x7d, 0xab, 0xa6, 0xa4,
    0x79, 0x06, 0x1b, 0xf0, 0x7c, 0xa1, 0x22, 0xe3, 0x99, 0x73, 0x5e, 0x50,
    0xf4, 0xb5, 0x45, 0x51, 0xeb, 0xcc, 0x84, 0x3a, 0x0b, 0xb1, 0x45, 0x78,
    0xb6, 0x1f, 0x90, 0xa8, 0x2a, 0x32, 0xcc, 0xfd, 0x1b, 0x68, 0x14, 0x3a,
    0xcb, 0x26, 0x3a, 0xca, 0x42, 0xfc, 0x4b, 0xf6, 0x6e, 0x29, 0xdc, 0xe9,
    0x7a, 0xc9, 0xf3, 0x79, 0x1c, 0x0c, 0x9d, 0x8f, 0x1f, 0xce, 0x3f, 0x3b,
    0x6d, 0x4c, 0x8a, 0xcb, 0xa7, 0x22, 0xd7, 0xd8, 0x75, 0xd3, 0xc2, 0x23,
    0x20, 0x75, 0x2a, 0x4b, 0x05, 0x1e, 0xf5, 0x71, 0x04, 0x54, 0x3a, 0x23,
    0xca, 0xb3, 0xf6, 0xbb, 0xc5, 0x4e, 0xb7, 0xa0, 0xa4, 0xf8, 0x06, 0xc2,
    0xce, 0xde, 0xf8, 0x5a, 0xf7, 0x35, 0x36, 0xc6, 0x77, 0x8d, 0x31, 0xbb,
    0xd1, 0x58, 0x7d, 0xb7, 0xbd, 0x34, 0x4c, 0xd6, 0xa8, 0x4d, 0x6a, 0x49,
    0xf4, 0x80, 0xc4, 0x78, 0x0d, 0xf9, 0x1a, 0xeb, 0xd4, 0x38, 0x5a, 0x12,
    0x5a, 0xc1, 0xaa, 0x20, 0x5d, 0x07, 0x09, 0x3b, 0x6d, 0x87, 0x63, 0x5f,
    0x5b, 0x37, 0xc0, 0xd5, 0xe3, 0x6b, 0xd8, 0xfc, 0x29, 0x06, 0x84, 0xe5,
    0xd9, 0x85, 0x00, 0x34, 0x8d, 0xb0, 0x73, 0x9b, 0x87, 0xc3, 0xe1, 0x65,
    0x8e, 0x6f, 0xf4, 0x69, 0x41, 0x9d, 0x27, 0x05, 0xea, 0x93, 0xdc, 0x99,
    0xed, 0x5d, 0x61, 0x45, 0xf8, 0x75, 0x06, 0xaa, 0xe0, 0x53, 0x90, 0x57,
    0x5a, 0x52, 0x75, 0x41, 0x55, 0x0c, 0x29, 0xb4, 0xa8, 0x8b, 0xfc, 0x1f,
    0x2d, 0xbb, 0xe8, 0x6b, 0xd0, 0xba, 0xe4, 0xb2, 0x73, 0xb1, 0x0a, 0x99,
    0xa7, 0x49, 0x38, 0x62, 0x32, 0xac, 0x43, 0xab, 0xad, 0x92, 0x8f, 0xe1,
    0xb6, 0x6c, 0x84, 0x14, 0xe3, 0xd9, 0xce, 0x5c, 0xa5, 0x4e, 0x6b, 0x0c,
    0x5f, 0x8c, 0x92, 0x22, 0x43, 0x6c, 0xd2, 0x6b, 0xf6, 0x6e, 0x86, 0x97,
    0xc4, 0x74, 0x60, 0xda, 0x96, 0x1f, 0x57, 0xa2, 0xe2, 0xbc, 0xcc, 0xc8,
    0x21, 0xd0, 0x74, 0x4d, 0xda, 0x8b, 0x0f, 0x16, 0x94, 0x48, 0x4f, 0x66,
    0x52, 0x3a, 0x10, 0x72, 0xc4, 0xe9, 0xb2, 0xe9, 0xc8, 0x6f, 0x18, 0x14,
    0xe7, 0xfc, 0x45, 0xbc, 0xae, 0xa8, 0x8b, 0x45, 0x28, 0xb5, 0x88, 0x33,
    0xdc, 0x4d, 0x97, 0x88, 0x7e, 0x8d, 0xa0, 0x49, 0x64, 0xea, 0x44, 0x6d,
    0x27, 0x29, 0x48, 0xc4, 0x04, 0x7e, 0x48, 0x0a, 0x85, 0x93, 0x3a, 0x0b,
    0x46, 0xab, 0x55, 0x21, 0xf9, 0x7f, 0x43, 0x0f, 0xf0, 0xa4, 0xcd, 0x57,
    0x49, 0x45, 0x29, 0x86, 0xb3, 0x64, 0xc2, 0x3c, 0x48, 0xab, 0xde, 0xcb,
    0x60, 0x8d, 0x0e, 0x08, 0x54, 0x03, 0x3a, 0x61, 0x49, 0xeb, 0x87, 0x3e,
    0x2e, 0x2e, 0x42, 0x0d, 0xe5, 0xf7, 0xa4, 0xd5, 0x07, 0x0b, 0x50, 0x68,
    0xb4, 0xb1, 0xd1, 0xe5, 0x87, 0xa5, 0x7f, 0x6f, 0xc8, 0x11, 0x70, 0x3c,
    0xcc, 0x18, 0x7a, 0x30, 0x25, 0x38, 0xd2, 0xa7, 0x54, 0x29, 0x59, 0x38,
    0x1b, 0xb9, 0x55, 0x53, 0xf8, 0x1b, 0x18, 0x66, 0x5c, 0x14, 0xb6, 0x6d,
    0x97, 0x75, 0x05, 0xf9, 0x29, 0xfc, 0x99, 0x7a, 0xdb, 0xf6, 0xc9, 0x46,
    0xa5, 0xfd, 0x3d, 0x75, 0xe2, 0x58, 0x5d, 0x9b, 0xd6, 0xf4, 0x2a, 0x97,
    0x42, 0x8b, 0x03, 0xfc, 0x82, 0x52, 0xd2, 0x5b, 0xda, 0x5f, 0x2d, 0x28,
    0xd6, 0xa2, 0xef, 0xb0, 0x7f, 0x9b, 0x38, 0xc9, 0xa4, 0xeb, 0x29, 0xb2,
    0xa4, 0xd2, 0xab, 0xa1, 0x95, 0x6a, 0x99, 0x12, 0xf1, 0x0d, 0xf9, 0x0e,
    0x8a, 0x02, 0x04, 0x8f, 0xb0, 0x3e, 0x05, 0xb2, 0xb4, 0xb4, 0xaf, 0xe1,
    0x85, 0x5d, 0x37, 0x1f, 0x6d, 0x5d, 0xb4, 0x84, 0xf9, 0xa4, 0x65, 0x4f,
    0x69, 0x65, 0x53, 0xd7, 0x3e, 0x1d, 0x40, 0x25, 0x41, 0x55, 0xbf, 0xac,
    0x86, 0x75, 0x95, 0x82, 0xeb, 0xde, 0x5e, 0x4d, 0x23, 0x1e, 0x69, 0x11,
    0xa7, 0x1f, 0x30, 0xda, 0xab, 0x16, 0x82, 0x1d, 0xbc, 0xcd, 0x2f, 0x4e,
    0xa0, 0xb7, 0xea, 0xe5, 0x69, 0xe7, 0xae, 0xc4, 0x8e, 0xc3, 0xf5, 0x4f,
    0xdb, 0xe8, 0xad, 0xe7, 0x53, 0x65, 0xe7, 0x1b, 0xa6, 0xb1, 0xee, 0xcf,
    0x3f, 0xc5, 0x84, 0x7f, 0x12, 0xf5, 0x28, 0xfc, 0x1a, 0xbd, 0x28, 0x7b,
    0x82, 0xb1, 0xc8, 0xe7, 0x42, 0xc1, 0x91, 0x01, 0xb6, 0xb4, 0xef, 0xb0,
    0xe2, 0xc6, 0x9e, 0x42, 0xbd, 0x7e, 0x7d, 0xab, 0x18, 0xd4, 0x43, 0xdb,
    0x68, 0x70, 0xff, 0x97, 0x35, 0xdf, 0x26, 0xbd, 0xf8, 0x20, 0x81, 0x71,
    0xa8, 0x58, 0x44, 0x95, 0xea, 0xbe, 0xf9, 0xb7, 0xa9, 0x3e, 0xd1, 0xfd,
    0x00, 0x81, 0xd4, 0xfa, 0xb9, 0x52, 0x6e, 0x59, 0xd5, 0x5b, 0xbc, 0xfc,
    0x88, 0x02, 0x21, 0xcf, 0x06, 0x4d, 0x6d, 0x91, 0xd0, 0xf7, 0x26, 0xbf,
    0x0d, 0x39, 0x1c, 0x5e, 0x8f, 0xdb, 0x16, 0x47, 0xb7, 0xed, 0xb0, 0xe0,
    0xee, 0x83, 0x73, 0x4f, 0x3a, 0x37, 0xf7, 0x75, 0xc7, 0xe6, 0xbe, 0xee,
    0xd4, 0xdc, 0x93, 0x28, 0x4d, 0x67, 0xe4, 0x91, 0xd4, 0x78, 0xd5, 0xb4,
    0x20, 0xb1, 0xfe, 0x6c, 0xc3, 0xb7, 0x91, 0x18, 0x86, 0x1f, 0x88, 0xe1,
    0x5f, 0x4b, 0x62, 0xf3, 0x8c, 0x73, 0xd5, 0xfe, 0x17, 0x5f, 0x85, 0xa8,
    0x5d, 0x0c, 0x7e, 0x4f, 0x02, 0xd7, 0xf2, 0xd3, 0xeb, 0xcf, 0x86, 0xa9,
    0x57, 0xd0, 0x60, 0x1d, 0xf4, 0x45, 0x4e, 0xeb, 0x00, 0xa0, 0x6e, 0x2c,
    0xf6, 0x59, 0xeb, 0x2f, 0x87, 0xed, 0x3e, 0xc3, 0x63, 0x9e, 0xdf, 0x11,
    0x36, 0xb1, 0x40, 0xc0, 0xba, 0xac, 0x59, 0x82, 0xb4, 0xd5, 0x8e, 0x3e,
    0xab, 0xde, 0x6a, 0x8a, 0xe8, 0x9d, 0x34, 0x7c, 0xd6, 0xed, 0xc4, 0xc7,
    0xed, 0xf5, 0xa6, 0x1e, 0x20, 0x61, 0xe6, 0x71, 0x69, 0x49, 0xf5, 0x9d,
    0x03, 0xee, 0x26, 0x29, 0xbf, 0x85, 0xd4, 0xfd, 0x07, 0xf1, 0x9f, 0x4b,
    0x6b, 0x6a, 0xbb, 0x50, 0x53, 0x7b, 0x8a, 0xc4, 0x07, 0x6e, 0x0b, 0x83,
    0x5c, 0x64, 0xee, 0x3b, 0x8a, 0x55, 0x78, 0x1d, 0x45, 0x57, 0xaa, 0x8c,
    0x50, 0x04, 0x1b, 0x2d, 0x4b, 0xb4, 0xa5, 0x76, 0xf5, 0xc8, 0xac, 0x3b,
    0x0a, 0x5e, 0x25, 0x11, 0xfe, 0x6f, 0x57, 0xbf, 0x0c, 0xe4, 0x8d, 0x22,
    0x92, 0xb5, 0x06, 0xe3, 0x03, 0xaf, 0x84, 0xbb, 0xf8, 0xd8, 0xa9, 0xa0,
    0x7b, 0x1d, 0xad, 0xeb, 0xfd, 0x91, 0x79, 0x35, 0xae, 0xa0, 0x2c, 0x5e,
    0xf1, 0x2a, 0xa5, 0x89, 0x6e, 0x1e, 0xff, 0x1c, 0xdf, 0xf1, 0xf4, 0x8d,
    0x2f, 0x5d, 0x72, 0xa9, 0xbc, 0xa6, 0xaf, 0x50, 0x89, 0x8b, 0x60, 0xac,
    0x1e, 0x98, 0x90, 0x1b, 0x58, 0x9d, 0x38, 0xf1, 0x58, 0xf6, 0x10, 0xd6,
    0x85, 0xca, 0x92, 0x57, 0x2e, 0x5d, 0xd1, 0xaa, 0x4e, 0xa0, 0x37, 0xa4,
    0x4a, 0xd7, 0x8d, 0xe4, 0xc5, 0x38, 0x16, 0x46, 0xc2, 0x5f, 0xe3, 0x8d,
    0xf5, 0x8c, 0xa7, 0x6a, 0x97, 0xd0, 0x48, 0xf1, 0xe8, 0x66, 0x9b, 0xfc,
    0xf8, 0x75, 0x18, 0xad, 0xb8, 0x2b, 0x31, 0x03, 0x49, 0x90, 0x97, 0x59,
    0x45, 0x5c, 0x20, 0x6e, 0x7f, 0xca, 0x83, 0x1a, 0x8e, 0x51, 0xe7, 0x4e,
    0x7d, 0xa0, 0x90, 0x28, 0x2a, 0xa8, 0x0f, 0x31, 0x63, 0x59, 0x42, 0x3c,
    0xa9, 0xc2, 0xe2, 0x12, 0xb7, 0xa2, 0x7f, 0xa1, 0x0f, 0x7d, 0x3b, 0x95,
    0xff, 0x8e, 0x12, 0x76, 0x57, 0xdb, 0xd0, 0x56, 0xc2, 0x20, 0xbe, 0x72,
    0x2f, 0x77, 0xaa, 0x54, 0x26, 0xbe, 0xf0, 0xef, 0xe3, 0x55, 0x5e, 0xc8,
    0xab, 0x40, 0x40, 0xcc, 0x00, 0x32, 0xe7, 0x58, 0xff, 0xc5, 0x1b, 0x0c,
    0x4a, 0x64, 0x07, 0xfc, 0x5a, 0xf6, 0x47, 0xf1, 0x4a, 0x16, 0x74, 0x05,
    0x8a, 0x6a, 0x24, 0x5d, 0x9a, 0x14, 0x5d, 0xed, 0xa2, 0x9e, 0x84, 0x87,
    0x97, 0x27, 0xc0, 0x8e, 0x51, 0xe9, 0x5e, 0x74, 0x13, 0xdb, 0x5c, 0xcd,
    0xba, 0xbd, 0xab, 0x76, 0x99, 0xb1, 0x54, 0xde, 0x95, 0x15, 0x69, 0x39,
    0xbc, 0x52, 0x0e, 0x54, 0x13, 0xb5, 0xd4, 0xa1, 0x85, 0x0c, 0x45, 0x7a,
    0xeb, 0x1c, 0x46, 0xb7, 0x02, 0x93, 0xea, 0xa4, 0xc0, 0x4b, 0xb9, 0x50,
    0x3f, 0x08, 0xde, 0xa2, 0x82, 0xfc, 0x1c, 0x66, 0x39, 0x27, 0x69, 0x11,
    0x26, 0x1b, 0xef, 0x70, 0x13, 0x51, 0x71, 0x8b, 0x9d, 0x7e, 0xa0, 0xdd,
    0x94, 0x58, 0x2a, 0x81, 0x54, 0xb6, 0x0d, 0x74, 0x83, 0x6e, 0x0c, 0x0b,
    0x03, 0x9b, 0xe5, 0xe0, 0x02, 0x9c, 0xd6, 0xde, 0x5e, 0x99, 0x96, 0xf5,
    0x44, 0x07, 0x5c, 0xa4, 0x40, 0x54, 0x71, 0xc1, 0x92, 0xb3, 0xc6, 0x47,
    0x15, 0xab, 0x71, 0x3f, 0x44, 0xd7, 0xad, 0x47, 0x95, 0x2b, 0x8b, 0xf8,
    0xbd, 0x77, 0x71, 0xed, 0xfd, 0xf4, 0x00, 0x3f, 0x24, 0x0e, 0x7f, 0xc4,
    0x17, 0xdf, 0x0f, 0xe6, 0xf9, 0x72, 0x31, 0xfe, 0x3f, 0xd4, 0xee, 0x45,
    0xce, 0xe2, 0x7f, 0x00, 0x00,
    0x00,
};
const unsigned int webui_index_html_len = 9905u;
#else
const unsigned char webui_index_html[] = {
    0x3c, 0x21, 0x64, 0x6f, 0x63, 0x74, 0x79, 0x70, 0x65, 0x20, 0x68, 0x74,
    0x6d, 0x6c, 0x3e, 0x3c, 0x68, 0x74, 0x6d, 0x6c, 0x20, 0x6c, 0x61, 0x6e,
    0x67, 0x3d, 0x22, 0x65, 0x6e, 0x22, 0x3e, 0x3c, 0x68, 0x65, 0x61, 0x64,
    0x3e, 0x3c, 0x6d, 0x65, 0x74, 0x61, 0x20, 0x63, 0x68, 0x61, 0x72, 0x73,
    0x65, 0x74, 0x3d, 0x22, 0x75, 0x74, 0x66, 0x2d, 0x38, 0x22, 0x3e, 0x3c,
    0x6d, 0x65, 0x74, 0x61, 0x20, 0x6e, 0x61, 0x6d, 0x65, 0x3d, 0x22, 0x76,
    0x69, 0x65, 0x77, 0x70, 0x6f, 0x72, 0x74, 0x22, 0x20, 0x63, 0x6f, 0x6e,
    0x74, 0x65, 0x6e, 0x74, 0x3d, 0x22, 0x77, 0x69, 0x64, 0x74, 0x68, 0x3d,
    0x64, 0x65, 0x76, 0x69, 0x63, 0x65, 0x2d, 0x77, 0x69, 0x64, 0x74, 0x68,
    0x2c, 0x69, 0x6e, 0x69, 0x74, 0x69, 0x61, 0x6c, 0x2d, 0x73, 0x63, 0x61,
    0x6c, 0x65, 0x3d, 0x31, 0x22, 0x3e, 0x3c, 0x74, 0x69, 0x74, 0x6c, 0x65,
    0x3e, 0x53, 0x74, 0x69, 0x63, 0x6b, 0x53, 0x33, 0x20, 0x41, 0x75, 0x74,
    0x6f, 0x6d, 0x61, 0x74, 0x69, 0x6f, 0x6e, 0x73, 0x3c, 0x2f, 0x74, 0x69,
    0x74, 0x6c, 0x65, 0x3e, 0x3c, 0x73, 0x74, 0x79, 0x6c, 0x65, 0x3e, 0x2a,
    0x7b, 0x62, 0x6f, 0x78, 0x2d, 0x73, 0x69, 0x7a, 0x69, 0x6e, 0x67, 0x3a,
    0x62, 0x6f, 0x72, 0x64, 0x65, 0x72, 0x2d, 0x62, 0x6f, 0x78, 0x7d, 0x62,
    0x6f, 0x64, 0x79, 0x7b, 0x63, 0x6f, 0x6c, 0x6f, 0x72, 0x2d, 0x73, 0x63,
    0x68, 0x65, 0x6d, 0x65, 0x3a, 0x64, 0x61, 0x72, 0x6b, 0x3b, 0x6f, 0x76,
    0x65, 0x72, 0x66, 0x6c, 0x6f, 0x77, 0x2d, 0x77, 0x72, 0x61, 0x70, 0x3a,
    0x61, 0x6e, 0x79, 0x77, 0x68, 0x65, 0x72, 0x65, 0x3b, 0x6d, 0x61, 0x72,
    0x67, 0x69, 0x6e, 0x3a, 0x30, 0x3b, 0x62, 0x61, 0x63, 0x6b, 0x67, 0x72,
    0x6f, 0x75, 0x6e, 0x64, 0x3a, 0x23, 0x31, 0x30, 0x31, 0x36, 0x31, 0x39,
    0x3b, 0x63, 0x6f, 0x6c, 0x6f, 0x72, 0x3a, 0x23, 0x65, 0x38, 0x65, 0x65,
    0x66, 0x30, 0x3b, 0x66, 0x6f, 0x6e, 0x74, 0x3a, 0x31, 0x72, 0x65, 0x6d,
    0x2f, 0x31, 0x2e, 0x35, 0x20, 0x73, 0x79, 0x73, 0x74, 0x65, 0x6d, 0x2d,
    0x75, 0x69, 0x2c, 0x2d, 0x61, 0x70, 0x70, 0x6c, 0x65, 0x2d, 0x73, 0x79,
    0x73, 0x74, 0x65, 0x6d, 0x2c, 0x53, 0x65, 0x67, 0x6f, 0x65, 0x20, 0x55,
    0x49, 0x2c, 0x73, 0x61, 0x6e, 0x73, 0x2d, 0x73, 0x65, 0x72, 0x69, 0x66,
    0x7d, 0x61, 0x7b, 0x63, 0x6f, 0x6c, 0x6f, 0x72, 0x3a, 0x69, 0x6e, 0x68,
    0x65, 0x72, 0x69, 0x74, 0x3b, 0x74, 0x65, 0x78, 0x74, 0x2d, 0x64, 0x65,
    0x63, 0x6f, 0x72, 0x61, 0x74, 0x69, 0x6f, 0x6e, 0x3a, 0x6e, 0x6f, 0x6e,
    0x65, 0x7d, 0x62, 0x75, 0x74, 0x74, 0x6f, 0x6e, 0x2c, 0x69, 0x6e, 0x70,
    0x75, 0x74, 0x2c, 0x73, 0x65, 0x6c, 0x65, 0x63, 0x74, 0x2c, 0x74, 0x65,
    0x78, 0x74, 0x61, 0x72, 0x65, 0x61, 0x7b, 0x66, 0x6f, 0x6e, 0x74, 0x3a,
    0x69, 0x6e, 0x68, 0x65, 0x72, 0x69, 0x74, 0x7d, 0x5b, 0x68, 0x69, 0x64,
    0x64, 0x65, 0x6e, 0x5d, 0x7b, 0x64, 0x69, 0x73, 0x70, 0x6c, 0x61, 0x79,
    0x3a, 0x6e, 0x6f, 0x6e, 0x65, 0x21, 0x69, 0x6d, 0x70, 0x6f, 0x72, 0x74,
    0x61, 0x6e, 0x74, 0x7d, 0x62, 0x75, 0x74, 0x74, 0x6f, 0x6e, 0x2c, 0x61,
    0x2c, 0x69, 0x6e, 0x70, 0x75, 0x74, 0x2c, 0x73, 0x65, 0x6c, 0x65, 0x63,
    0x74, 0x2c, 0x74, 0x65, 0x78, 0x74, 0x61, 0x72, 0x65, 0x61, 0x2c, 0x73,
    0x75, 0x6d, 0x6d, 0x61, 0x72, 0x79, 0x7b, 0x6f, 0x75, 0x74, 0x6c, 0x69,
    0x6e, 0x65, 0x2d, 0x6f, 0x66, 0x66, 0x73, 0x65, 0x74, 0x3a, 0x34, 0x70,
    0x78, 0x7d, 0x3a, 0x66, 0x6f, 0x63, 0x75, 0x73, 0x2d, 0x76, 0x69, 0x73,
    0x69, 0x62, 0x6c, 0x65, 0x7b, 0x6f, 0x75, 0x74, 0x6c, 0x69, 0x6e, 0x65,
    0x3a, 0x32, 0x70, 0x78, 0x20, 0x73, 0x6f, 0x6c, 0x69, 0x64, 0x20, 0x23,
    0x61, 0x64, 0x65, 0x38, 0x63, 0x64, 0x7d, 0x2e, 0x72, 0x61, 0x69, 0x6c,
    0x7b, 0x70, 0x6f, 0x73, 0x69, 0x74, 0x69, 0x6f, 0x6e, 0x3a, 0x66, 0x69,
    0x78, 0x65, 0x64, 0x3b, 0x69, 0x6e, 0x73, 0x65, 0x74, 0x3a, 0x30, 0x20,
    0x61, 0x75, 0x74, 0x6f, 0x20, 0x30, 0x20, 0x30, 0x3b, 0x77, 0x69, 0x64,
    0x74, 0x68, 0x3a, 0x31, 0x33, 0x72, 0x65, 0x6d, 0x3b, 0x62, 0x61, 0x63,
    0x6b, 0x67, 0x72, 0x6f, 0x75, 0x6e, 0x64, 0x3a, 0x23, 0x31, 0x35, 0x31,
    0x65, 0x32, 0x32, 0x3b, 0x62, 0x6f, 0x72, 0x64, 0x65, 0x72, 0x2d, 0x72,
    0x69, 0x67, 0x68, 0x74, 0x3a, 0x31, 0x70, 0x78, 0x20, 0x73, 0x6f, 0x6c,
    0x69, 0x64, 0x20, 0x23, 0x32, 0x61, 0x33, 0x38, 0x33, 0x65, 0x3b, 0x70,
    0x61, 0x64, 0x64, 0x69, 0x6e, 0x67, 0x3a, 0x32, 0x72, 0x65, 0x6d, 0x20,
    0x31, 0x72, 0x65, 0x6d, 0x3b, 0x64, 0x69, 0x73, 0x70, 0x6c, 0x61, 0x79,
    0x3a, 0x66, 0x6c, 0x65, 0x78, 0x3b, 0x66, 0x6c, 0x65, 0x78, 0x2d, 0x64,
    0x69, 0x72, 0x65, 0x63, 0x74, 0x69, 0x6f, 0x6e, 0x3a, 0x63, 0x6f, 0x6c,
    0x75, 0x6d, 0x6e, 0x7d, 0x2e, 0x62, 0x72, 0x61, 0x6e, 0x64, 0x7b, 0x77,
    0x69, 0x64, 0x74, 0x68, 0x3a, 0x34, 0x34, 0x70, 0x78, 0x3b, 0x68, 0x65,
    0x69, 0x67, 0x68, 0x74, 0x3a, 0x34, 0x34, 0x70, 0x78, 0x3b, 0x6d, 0x61,
    0x72, 0x67, 0x69, 0x6e, 0x3a, 0x30, 0x20, 0x2e, 0x38, 0x72, 0x65, 0x6d,
    0x20, 0x32, 0x72, 0x65, 0x6d, 0x3b, 0x66, 0x6f, 0x6e, 0x74, 0x2d, 0x73,
    0x69, 0x7a, 0x65, 0x3a, 0x30, 0x3b, 0x62, 0x61, 0x63, 0x6b, 0x67, 0x72,
    0x6f, 0x75, 0x6e, 0x64, 0x3a, 0x63, 0x65, 0x6e, 0x74, 0x65, 0x72, 0x2f,
    0x32, 0x34, 0x70, 0x78, 0x20, 0x6e, 0x6f, 0x2d, 0x72, 0x65, 0x70, 0x65,
    0x61, 0x74, 0x20, 0x75, 0x72, 0x6c, 0x28, 0x27, 0x64, 0x61, 0x74, 0x61,
    0x3a, 0x69, 0x6d, 0x61, 0x67, 0x65, 0x2f, 0x73, 0x76, 0x67, 0x2b, 0x78,
    0x6d, 0x6c, 0x2c, 0x25, 0x33, 0x43, 0x73, 0x76, 0x67, 0x20, 0x78, 0x6d,
    0x6c, 0x6e, 0x73, 0x3d, 0x22, 0x68, 0x74, 0x74, 0x70, 0x3a, 0x2f, 0x2f,
    0x77, 0x77, 0x77, 0x2e, 0x77, 0x33, 0x2e, 0x6f, 0x72, 0x67, 0x2f, 0x32,
    0x30, 0x30, 0x30, 0x2f, 0x73, 0x76, 0x67, 0x22, 0x20, 0x76, 0x69, 0x65,
    0x77, 0x42, 0x6f, 0x78, 0x3d, 0x22, 0x30, 0x20, 0x30, 0x20, 0x32, 0x34,
    0x20, 0x32, 0x34, 0x22, 0x20, 0x66, 0x69, 0x6c, 0x6c, 0x3d, 0x22, 0x6e,
    0x6f, 0x6e, 0x65, 0x22, 0x20, 0x73, 0x74, 0x72, 0x6f, 0x6b, 0x65, 0x3d,
    0x22, 0x25, 0x32, 0x33, 0x61, 0x64, 0x65, 0x38, 0x63, 0x64, 0x22, 0x20,
    0x73, 0x74, 0x72, 0x6f, 0x6b, 0x65, 0x2d, 0x77, 0x69, 0x64, 0x74, 0x68,
    0x3d, 0x22, 0x31, 0x2e, 0x35, 0x22, 0x25, 0x33, 0x45, 0x25, 0x33, 0x43,
    0x70, 0x61, 0x74, 0x68, 0x20, 0x64, 0x3d, 0x22, 0x6d, 0x31, 0x33, 0x20,
    0x32, 0x2d, 0x39, 0x20, 0x31, 0x32, 0x68, 0x37, 0x6c, 0x2d, 0x31, 0x20,
    0x38, 0x4c, 0x32, 0x30, 0x20, 0x39, 0x68, 0x2d, 0x37, 0x7a, 0x22, 0x2f,
    0x25, 0x33, 0x45, 0x25, 0x33, 0x43, 0x2f, 0x73, 0x76, 0x67, 0x25, 0x33,
    0x45, 0x27, 0x29, 0x7d, 0x2e, 0x62, 0x72, 0x61, 0x6e, 0x64, 0x20, 0x73,
    0x70, 0x61, 0x6e, 0x7b, 0x64, 0x69, 0x73, 0x70, 0x6c, 0x61, 0x79, 0x3a,
    0x6e, 0x6f, 0x6e, 0x65, 0x7d, 0x2e, 0x72, 0x61, 0x69, 0x6c, 0x20, 0x6e,
    0x61, 0x76, 0x7b, 0x64, 0x69, 0x73, 0x70, 0x6c, 0x61, 0x79, 0x3a, 0x67,
    0x72, 0x69, 0x64, 0x3b, 0x67, 0x61, 0x70, 0x3a, 0x2e, 0x34, 0x72, 0x65,
    0x6d, 0x7d, 0x2e, 0x72, 0x61, 0x69, 0x6c, 0x20, 0x6e, 0x61, 0x76, 0x20,
    0x61, 0x7b, 0x70, 0x61, 0x64, 0x64, 0x69, 0x6e, 0x67, 0x3a, 0x2e, 0x38,
    0x72, 0x65, 0x6d, 0x20, 0x31, 0x72, 0x65, 0x6d, 0x3b, 0x62, 0x6f, 0x72,
    0x64, 0x65, 0x72, 0x2d, 0x72, 0x61, 0x64, 0x69, 0x75, 0x73, 0x3a, 0x2e,
    0x34, 0x72, 0x65, 0x6d, 0x3b, 0x63, 0x6f, 0x6c, 0x6f, 0x72, 0x3a, 0x23,
    0x61, 0x65, 0x62, 0x66, 0x63, 0x36, 0x7d, 0x2e, 0x72, 0x61, 0x69, 0x6c,
    0x20, 0x6e, 0x61, 0x76, 0x20, 0x61, 0x3a, 0x68, 0x6f, 0x76, 0x65, 0x72,
    0x7b, 0x62, 0x61, 0x63, 0x6b, 0x67, 0x72, 0x6f, 0x75, 0x6e, 0x64, 0x3a,
    0x23, 0x32, 0x30, 0x33, 0x30, 0x33, 0x37, 0x7d, 0x2e, 0x72, 0x61, 0x69,
    0x6c, 0x20, 0x6e, 0x61, 0x76, 0x20, 0x61, 0x5b, 0x61, 0x72, 0x69, 0x61,
    0x2d, 0x63, 0x75, 0x72, 0x72, 0x65, 0x6e, 0x74, 0x5d, 0x7b, 0x62, 0x61,
    0x63, 0x6b, 0x67, 0x72, 0x6f, 0x75, 0x6e, 0x64, 0x3a, 0x23, 0x32, 0x35,
    0x33, 0x61, 0x33, 0x33, 0x3b, 0x63, 0x6f, 0x6c, 0x6f, 0x72, 0x3a, 0x23,
    0x62, 0x31, 0x66, 0x31, 0x64, 0x32, 0x3b, 0x62, 0x6f, 0x72, 0x64, 0x65,
    0x72, 0x2d, 0x6c, 0x65, 0x66, 0x74, 0x3a, 0x33, 0x70, 0x78, 0x20, 0x73,
    0x6f, 0x6c, 0x69, 0x64, 0x20, 0x23, 0x61, 0x64, 0x65, 0x38, 0x63, 0x64,
    0x7d, 0x6d, 0x61, 0x69, 0x6e, 0x7b, 0x6d, 0x61, 0x72, 0x67, 0x69, 0x6e,
    0x2d, 0x6c, 0x65, 0x66, 0x74, 0x3a, 0x31, 0x33, 0x72, 0x65, 0x6d, 0x3b,
    0x70, 0x61, 0x64, 0x64, 0x69, 0x6e, 0x67, 0x3a, 0x32, 0x72, 0x65, 0x6d,
    0x20, 0x33, 0x72, 0x65, 0x6d, 0x7d, 0x68, 0x65, 0x61, 0x64, 0x65, 0x72,
    0x2c, 0x2e, 0x73, 0x65, 0x63, 0x74, 0x69, 0x6f, 0x6e, 0x2d, 0x68, 0x65,
    0x61, 0x64, 0x2c, 0x2e, 0x61, 0x63, 0x74, 0x69, 0x6f, 0x6e, 0x73, 0x7b,
    0x64, 0x69, 0x73, 0x70, 0x6c, 0x61, 0x79, 0x3a, 0x66, 0x6c, 0x65, 0x78,
    0x3b, 0x61, 0x6c, 0x69, 0x67, 0x6e, 0x2d, 0x69, 0x74, 0x65, 0x6d, 0x73,
    0x3a, 0x63, 0x65, 0x6e, 0x74, 0x65, 0x72, 0x3b, 0x6a, 0x75, 0x73, 0x74,
    0x69, 0x66, 0x79, 0x2d, 0x63, 0x6f, 0x6e, 0x74, 0x65, 0x6e, 0x74, 0x3a,
    0x73, 0x70, 0x61, 0x63, 0x65, 0x2d, 0x62, 0x65, 0x74, 0x77, 0x65, 0x65,
    0x6e, 0x3b, 0x67, 0x61, 0x70, 0x3a, 0x31, 0x72, 0x65, 0x6d, 0x7d, 0x68,
    0x65, 0x61, 0x64, 0x65, 0x72, 0x7b, 0x6d, 0x61, 0x72, 0x67, 0x69, 0x6e,
    0x2d, 0x62, 0x6f, 0x74, 0x74, 0x6f, 0x6d, 0x3a, 0x31, 0x2e, 0x35, 0x72,
    0x65, 0x6d, 0x3b, 0x66, 0x6c, 0x65, 0x78, 0x2d, 0x77, 0x72, 0x61, 0x70,
    0x3a, 0x77, 0x72, 0x61, 0x70, 0x7d, 0x68, 0x31, 0x7b, 0x66, 0x6f, 0x6e,
    0x74, 0x2d, 0x73, 0x69, 0x7a, 0x65, 0x3a, 0x32, 0x72, 0x65, 0x6d, 0x3b,
    0x6c, 0x65, 0x74, 0x74, 0x65, 0x72, 0x2d, 0x73, 0x70, 0x61, 0x63, 0x69,
    0x6e, 0x67, 0x3a, 0x2d, 0x2e, 0x30, 0x34, 0x65, 0x6d, 0x3b, 0x6d, 0x61,
    0x72, 0x67, 0x69, 0x6e, 0x3a, 0x2e, 0x32, 0x35, 0x72, 0x65, 0x6d, 0x20,
    0x30, 0x7d, 0x68, 0x32, 0x7b, 0x66, 0x6f, 0x6e, 0x74, 0x2d, 0x73, 0x69,
    0x7a, 0x65, 0x3a, 0x31, 0x2e, 0x31, 0x35, 0x72, 0x65, 0x6d, 0x3b, 0x6c,
    0x65, 0x74, 0x74, 0x65, 0x72, 0x2d, 0x73, 0x70, 0x61, 0x63, 0x69, 0x6e,
    0x67, 0x3a, 0x2d, 0x2e, 0x30, 0x32, 0x65, 0x6d, 0x3b, 0x6d, 0x61, 0x72,
    0x67, 0x69, 0x6e, 0x3a, 0x30, 0x20, 0x30, 0x20, 0x2e, 0x36, 0x72, 0x65,
    0x6d, 0x7d, 0x70, 0x7b, 0x63, 0x6f, 0x6c, 0x6f, 0x72, 0x3a, 0x23, 0x61,
    0x65, 0x62, 0x66, 0x63, 0x36, 0x3b, 0x6d, 0x61, 0x72, 0x67, 0x69, 0x6e,
    0x3a, 0x2e, 0x34, 0x72, 0x65, 0x6d, 0x20, 0x30, 0x20, 0x31, 0x2e, 0x32,
    0x72, 0x65, 0x6d, 0x3b, 0x66, 0x6f, 0x6e, 0x74, 0x2d, 0x73, 0x69, 0x7a,
    0x65, 0x3a, 0x2e, 0x38, 0x37, 0x35, 0x72, 0x65, 0x6d, 0x7d, 0x2e, 0x65,
    0x79, 0x65, 0x62, 0x72, 0x6f, 0x77, 0x7b, 0x66, 0x6f, 0x6e, 0x74, 0x2d,
    0x73, 0x69, 0x7a, 0x65, 0x3a, 0x2e, 0x37, 0x35, 0x72, 0x65, 0x6d, 0x3b,
    0x6c, 0x65, 0x74, 0x74, 0x65, 0x72, 0x2d, 0x73, 0x70, 0x61, 0x63, 0x69,
    0x6e, 0x67, 0x3a, 0x2e, 0x31, 0x65, 0x6d, 0x3b, 0x63, 0x6f, 0x6c, 0x6f,
    0x72, 0x3a, 0x23, 0x61, 0x33, 0x62, 0x39, 0x62, 0x30, 0x7d, 0x2e, 0x70,
    0x69, 0x6c, 0x6c, 0x7b, 0x70, 0x61, 0x64, 0x64, 0x69, 0x6e, 0x67, 0x3a,
    0x2e, 0x33, 0x35, 0x72, 0x65, 0x6d, 0x20, 0x2e, 0x36, 0x35, 0x72, 0x65,
    0x6d, 0x3b, 0x62, 0x6f, 0x72, 0x64, 0x65, 0x72, 0x3a, 0x31, 0x70, 0x78,
    0x20, 0x73, 0x6f, 0x6c, 0x69, 0x64, 0x20, 0x23, 0x34, 0x34, 0x35, 0x35,
    0x35, 0x65, 0x3b, 0x62, 0x6f, 0x72, 0x64, 0x65, 0x72, 0x2d, 0x72, 0x61,
    0x64, 0x69, 0x75, 0x73, 0x3a, 0x32, 0x72, 0x65, 0x6d, 0x3b, 0x63, 0x6f,
    0x6c, 0x6f, 0x72, 0x3a, 0x23, 0x63, 0x31, 0x63, 0x66, 0x64, 0x35, 0x3b,
    0x66, 0x6f, 0x6e, 0x74, 0x2d, 0x73, 0x69, 0x7a, 0x65, 0x3a, 0x2e, 0x37,
    0x35, 0x72, 0x65, 0x6d, 0x3b, 0x77, 0x68, 0x69, 0x74, 0x65, 0x2d, 0x73,
    0x70, 0x61, 0x63, 0x65, 0x3a, 0x6e, 0x6f, 0x77, 0x72, 0x61, 0x70, 0x7d,
    0x2e, 0x63, 0x61, 0x72, 0x64, 0x7b, 0x62, 0x61, 0x63, 0x6b, 0x67, 0x72,
    0x6f, 0x75, 0x6e, 0x64, 0x3a, 0x23, 0x31, 0x39, 0x32, 0x33, 0x32, 0x38,
    0x3b, 0x62, 0x6f, 0x72, 0x64, 0x65, 0x72, 0x3a, 0x31, 0x70, 0x78, 0x20,
    0x73, 0x6f, 0x6c, 0x69, 0x64, 0x20, 0x23, 0x32, 0x65, 0x33, 0x64, 0x34,
    0x34, 0x3b, 0x62, 0x6f, 0x72, 0x64, 0x65, 0x72, 0x2d, 0x72, 0x61, 0x64,
    0x69, 0x75, 0x73, 0x3a, 0x2e, 0x36, 0x35, 0x72, 0x65, 0x6d, 0x3b, 0x70,
    0x61, 0x64, 0x64, 0x69, 0x6e, 0x67, 0x3a, 0x31, 0x2e, 0x35, 0x72, 0x65,
    0x6d, 0x3b, 0x6d, 0x61, 0x72, 0x67, 0x69, 0x6e, 0x2d, 0x62, 0x6f, 0x74,
    0x74, 0x6f, 0x6d, 0x3a, 0x31, 0x2e, 0x32, 0x72, 0x65, 0x6d, 0x7d, 0x2e,
    0x73, 0x65, 0x63, 0x74, 0x69, 0x6f, 0x6e, 0x2d, 0x68, 0x65, 0x61, 0x64,
    0x7b, 0x6d, 0x61, 0x72, 0x67, 0x69, 0x6e, 0x2d, 0x62, 0x6f, 0x74, 0x74,
    0x6f, 0x6d, 0x3a, 0x31, 0x72, 0x65, 0x6d, 0x7d, 0x2e, 0x73, 0x65, 0x63,
    0x74, 0x69, 0x6f, 0x6e, 0x2d, 0x68, 0x65, 0x61, 0x64, 0x20, 0x70, 0x7b,
    0x6d, 0x61, 0x72, 0x67, 0x69, 0x6e, 0x2d, 0x62, 0x6f, 0x74, 0x74, 0x6f,
    0x6d, 0x3a, 0x30, 0x7d, 0x2e, 0x63, 0x6f, 0x6c, 0x75, 0x6d, 0x6e, 0x73,
    0x7b, 0x64, 0x69, 0x73, 0x70, 0x6c, 0x61, 0x79, 0x3a, 0x67, 0x72, 0x69,
    0x64, 0x3b, 0x67, 0x72, 0x69, 0x64, 0x2d, 0x74, 0x65, 0x6d, 0x70, 0x6c,
    0x61, 0x74, 0x65, 0x2d, 0x63, 0x6f, 0x6c, 0x75, 0x6d, 0x6e, 0x73, 0x3a,
    0x6d, 0x69, 0x6e, 0x6d, 0x61, 0x78, 0x28, 0x30, 0x2c, 0x31, 0x2e, 0x34,
    0x66, 0x72, 0x29, 0x20, 0x6d, 0x69, 0x6e, 0x6d, 0x61, 0x78, 0x28, 0x30,
    0x2c, 0x31, 0x66, 0x72, 0x29, 0x3b, 0x67, 0x61, 0x70, 0x3a, 0x31, 0x2e,
    0x32, 0x72, 0x65, 0x6d, 0x7d, 0x2e, 0x63, 0x6f, 0x6c, 0x75, 0x6d, 0x6e,
    0x73, 0x20, 0x2e, 0x63, 0x61, 0x72, 0x64, 0x7b, 0x6d, 0x69, 0x6e, 0x2d,
    0x77, 0x69, 0x64, 0x74, 0x68, 0x3a, 0x30, 0x7d, 0x2e, 0x61, 0x63, 0x74,
    0x69, 0x6f, 0x6e, 0x73, 0x7b, 0x6a, 0x75, 0x73, 0x74, 0x69, 0x66, 0x79,
    0x2d, 0x63, 0x6f, 0x6e, 0x74, 0x65, 0x6e, 0x74, 0x3a, 0x66, 0x6c, 0x65,
    0x78, 0x2d, 0x73, 0x74, 0x61, 0x72, 0x74, 0x3b, 0x66, 0x6c, 0x65, 0x78,
    0x2d, 0x77, 0x72, 0x61, 0x70, 0x3a, 0x77, 0x72, 0x61, 0x70, 0x3b, 0x67,
    0x61, 0x70, 0x3a, 0x2e, 0x36, 0x72, 0x65, 0x6d, 0x7d, 0x2e, 0x75, 0x6e,
    0x6c, 0x6f, 0x63, 0x6b, 0x7b, 0x64, 0x69, 0x73, 0x70, 0x6c, 0x61, 0x79,
    0x3a, 0x67, 0x72, 0x69, 0x64, 0x3b, 0x67, 0x72, 0x69, 0x64, 0x2d, 0x74,
    0x65, 0x6d, 0x70, 0x6c, 0x61, 0x74, 0x65, 0x2d, 0x63, 0x6f, 0x6c, 0x75,
    0x6d, 0x6e, 0x73, 0x3a, 0x31, 0x66, 0x72, 0x20, 0x31, 0x66, 0x72, 0x3b,
    0x67, 0x61, 0x70, 0x3a, 0x31, 0x2e, 0x35, 0x72, 0x65, 0x6d, 0x3b, 0x62,
    0x6f, 0x72, 0x64, 0x65, 0x72, 0x2d, 0x63, 0x6f, 0x6c, 0x6f, 0x72, 0x3a,
    0x23, 0x34, 0x62, 0x36, 0x35, 0x35, 0x39, 0x7d, 0x2e, 0x75, 0x6e, 0x6c,
    0x6f, 0x63, 0x6b, 0x20, 0x70, 0x7b, 0x6d, 0x61, 0x72, 0x67, 0x69, 0x6e,
    0x2d, 0x62, 0x6f, 0x74, 0x74, 0x6f, 0x6d, 0x3a, 0x30, 0x7d, 0x2e, 0x75,
    0x6e, 0x6c, 0x6f, 0x63, 0x6b, 0x20, 0x69, 0x6e, 0x70, 0x75, 0x74, 0x7b,
    0x6d, 0x69, 0x6e, 0x2d, 0x77, 0x69, 0x64, 0x74, 0x68, 0x3a, 0x30, 0x3b,
    0x66, 0x6c, 0x65, 0x78, 0x3a, 0x31, 0x3b, 0x77, 0x69, 0x64, 0x74, 0x68,
    0x3a, 0x31, 0x30, 0x72, 0x65, 0x6d, 0x7d, 0x2e, 0x75, 0x6e, 0x6c, 0x6f,
    0x63, 0x6b, 0x20, 0x6c, 0x61, 0x62, 0x65, 0x6c, 0x7b, 0x6d, 0x61, 0x72,
    0x67, 0x69, 0x6e, 0x2d, 0x62, 0x6f, 0x74, 0x74, 0x6f, 0x6d, 0x3a, 0x2e,
    0x33, 0x72, 0x65, 0x6d, 0x7d, 0x2e, 0x63, 0x6f, 0x6e, 0x74, 0x72, 0x6f,
    0x6c, 0x73, 0x7b, 0x70, 0x61, 0x64, 0x64, 0x69, 0x6e, 0x67, 0x3a, 0x30,
    0x3b, 0x6d, 0x61, 0x72, 0x67, 0x69, 0x6e, 0x3a, 0x30, 0x3b, 0x62, 0x6f,
    0x72, 0x64, 0x65, 0x72, 0x3a, 0x30, 0x3b, 0x6d, 0x69, 0x6e, 0x2d, 0x77,
    0x69, 0x64, 0x74, 0x68, 0x3a, 0x30, 0x7d, 0x6c, 0x61, 0x62, 0x65, 0x6c,
    0x7b, 0x64, 0x69, 0x73, 0x70, 0x6c, 0x61, 0x79, 0x3a, 0x62, 0x6c, 0x6f,
    0x63, 0x6b, 0x3b, 0x66, 0x6f, 0x6e, 0x74, 0x2d, 0x73, 0x69, 0x7a, 0x65,
    0x3a, 0x2e, 0x38, 0x37, 0x35, 0x72, 0x65, 0x6d, 0x3b, 0x63, 0x6f, 0x6c,
    0x6f, 0x72, 0x3a, 0x23, 0x63, 0x35, 0x64, 0x32, 0x64, 0x38, 0x3b, 0x6d,
    0x61, 0x72, 0x67, 0x69, 0x6e, 0x3a, 0x30, 0x20, 0x30, 0x20, 0x31, 0x72,
    0x65, 0x6d, 0x7d, 0x69, 0x6e, 0x70, 0x75, 0x74, 0x2c, 0x73, 0x65, 0x6c,
    0x65, 0x63, 0x74, 0x2c, 0x74, 0x65, 0x78, 0x74, 0x61, 0x72, 0x65, 0x61,
    0x7b, 0x77, 0x69, 0x64, 0x74, 0x68, 0x3a, 0x31, 0x30, 0x30, 0x25, 0x3b,
    0x6d, 0x61, 0x72, 0x67, 0x69, 0x6e, 0x2d, 0x74, 0x6f, 0x70, 0x3a, 0x2e,
    0x34, 0x72, 0x65, 0x6d, 0x3b, 0x70, 0x61, 0x64, 0x64, 0x69, 0x6e, 0x67,
    0x3a, 0x2e, 0x37, 0x72, 0x65, 0x6d, 0x20, 0x2e, 0x38, 0x72, 0x65, 0x6d,
    0x3b, 0x63, 0x6f, 0x6c, 0x6f, 0x72, 0x3a, 0x23, 0x65, 0x38, 0x65, 0x65,
    0x66, 0x30, 0x3b, 0x62, 0x61, 0x63, 0x6b, 0x67, 0x72, 0x6f, 0x75, 0x6e,
    0x64, 0x3a, 0x23, 0x31, 0x30, 0x31, 0x39, 0x31, 0x65, 0x3b, 0x62, 0x6f,
    0x72, 0x64, 0x65, 0x72, 0x3a, 0x31, 0x70, 0x78, 0x20, 0x73, 0x6f, 0x6c,
    0x69, 0x64, 0x20, 0x23, 0x34, 0x33, 0x35, 0x35, 0x35, 0x66, 0x3b, 0x62,
    0x6f, 0x72, 0x64, 0x65, 0x72, 0x2d, 0x72, 0x61, 0x64, 0x69, 0x75, 0x73,
    0x3a, 0x2e, 0x34, 0x72, 0x65, 0x6d, 0x3b, 0x6d, 0x69, 0x6e, 0x2d, 0x68,
    0x65, 0x69, 0x67, 0x68, 0x74, 0x3a, 0x32, 0x2e, 0x38, 0x72, 0x65, 0x6d,
    0x7d, 0x69, 0x6e, 0x70, 0x75, 0x74, 0x2c, 0x73, 0x65, 0x6c, 0x65, 0x63,
    0x74, 0x7b, 0x74, 0x65, 0x78, 0x74, 0x2d, 0x61, 0x6c, 0x69, 0x67, 0x6e,
    0x3a, 0x63, 0x65, 0x6e, 0x74, 0x65, 0x72, 0x7d, 0x69, 0x6e, 0x70, 0x75,
    0x74, 0x3a, 0x3a, 0x70, 0x6c, 0x61, 0x63, 0x65, 0x68, 0x6f, 0x6c, 0x64,
    0x65, 0x72, 0x2c, 0x74, 0x65, 0x78, 0x74, 0x61, 0x72, 0x65, 0x61, 0x3a,
    0x3a, 0x70, 0x6c, 0x61, 0x63, 0x65, 0x68, 0x6f, 0x6c, 0x64, 0x65, 0x72,
    0x7b, 0x63, 0x6f, 0x6c, 0x6f, 0x72, 0x3a, 0x23, 0x38, 0x62, 0x39, 0x66,
    0x61, 0x39, 0x7d, 0x74, 0x65, 0x78, 0x74, 0x61, 0x72, 0x65, 0x61, 0x7b,
    0x6d, 0x69, 0x6e, 0x2d, 0x68, 0x65, 0x69, 0x67, 0x68, 0x74, 0x3a, 0x31,
    0x32, 0x72, 0x65, 0x6d, 0x3b, 0x66, 0x6f, 0x6e, 0x74, 0x3a, 0x2e, 0x38,
    0x37, 0x35, 0x72, 0x65, 0x6d, 0x2f, 0x31, 0x2e, 0x36, 0x20, 0x75, 0x69,
    0x2d, 0x6d, 0x6f, 0x6e, 0x6f, 0x73, 0x70, 0x61, 0x63, 0x65, 0x2c, 0x6d,
    0x6f, 0x6e, 0x6f, 0x73, 0x70, 0x61, 0x63, 0x65, 0x3b, 0x72, 0x65, 0x73,
    0x69, 0x7a, 0x65, 0x3a, 0x76, 0x65, 0x72, 0x74, 0x69, 0x63, 0x61, 0x6c,
    0x7d, 0x73, 0x6d, 0x61, 0x6c, 0x6c, 0x7b, 0x64, 0x69, 0x73, 0x70, 0x6c,
    0x61, 0x79, 0x3a, 0x62, 0x6c, 0x6f, 0x63, 0x6b, 0x3b, 0x66, 0x6f, 0x6e,
    0x74, 0x2d, 0x73, 0x69, 0x7a, 0x65, 0x3a, 0x2e, 0x37, 0x35, 0x72, 0x65,
    0x6d, 0x3b, 0x63, 0x6f, 0x6c, 0x6f, 0x72, 0x3a, 0x23, 0x61, 0x65, 0x62,
    0x66, 0x63, 0x36, 0x3b, 0x6d, 0x61, 0x72, 0x67, 0x69, 0x6e, 0x2d, 0x74,
    0x6f, 0x70, 0x3a, 0x2e, 0x33, 0x35, 0x72, 0x65, 0x6d, 0x7d, 0x2e, 0x63,
    0x68, 0x65, 0x63, 0x6b, 0x7b, 0x64, 0x69, 0x73, 0x70, 0x6c, 0x61, 0x79,
    0x3a, 0x66, 0x6c, 0x65, 0x78, 0x3b, 0x67, 0x61, 0x70, 0x3a, 0x2e, 0x35,
    0x35, 0x72, 0x65, 0x6d, 0x3b, 0x61, 0x6c, 0x69, 0x67, 0x6e, 0x2d, 0x69,
    0x74, 0x65, 0x6d, 0x73, 0x3a, 0x63, 0x65, 0x6e, 0x74, 0x65, 0x72, 0x3b,
    0x6d, 0x61, 0x72, 0x67, 0x69, 0x6e, 0x3a, 0x30, 0x20, 0x30, 0x20, 0x2e,
    0x38, 0x72, 0x65, 0x6d, 0x3b, 0x77, 0x68, 0x69, 0x74, 0x65, 0x2d, 0x73,
    0x70, 0x61, 0x63, 0x65, 0x3a, 0x6e, 0x6f, 0x77, 0x72, 0x61, 0x70, 0x7d,
    0x2e, 0x63, 0x68, 0x65, 0x63, 0x6b, 0x20, 0x69, 0x6e, 0x70, 0x75, 0x74,
    0x7b, 0x77, 0x69, 0x64, 0x74, 0x68, 0x3a, 0x31, 0x2e, 0x31, 0x72, 0x65,
    0x6d, 0x3b, 0x68, 0x65, 0x69, 0x67, 0x68, 0x74, 0x3a, 0x31, 0x2e, 0x31,
    0x72, 0x65, 0x6d, 0x3b, 0x6d, 0x69, 0x6e, 0x2d, 0x68, 0x65, 0x69, 0x67,
    0x68, 0x74, 0x3a, 0x30, 0x3b, 0x6d, 0x61, 0x72, 0x67, 0x69, 0x6e, 0x3a,
    0x30, 0x3b, 0x61, 0x63, 0x63, 0x65, 0x6e, 0x74, 0x2d, 0x63, 0x6f, 0x6c,
    0x6f, 0x72, 0x3a, 0x23, 0x61, 0x64, 0x65, 0x38, 0x63, 0x64, 0x7d, 0x62,
    0x75, 0x74, 0x74, 0x6f, 0x6e, 0x7b, 0x70, 0x61, 0x64, 0x64, 0x69, 0x6e,
    0x67, 0x3a, 0x2e, 0x36, 0x35, 0x72, 0x65, 0x6d, 0x20, 0x31, 0x72, 0x65,
    0x6d, 0x3b, 0x62, 0x6f, 0x72, 0x64, 0x65, 0x72, 0x3a, 0x31, 0x70, 0x78,
    0x20, 0x73, 0x6f, 0x6c, 0x69, 0x64, 0x20, 0x74, 0x72, 0x61, 0x6e, 0x73,
    0x70, 0x61, 0x72, 0x65, 0x6e, 0x74, 0x3b, 0x62, 0x6f, 0x72, 0x64, 0x65,
    0x72, 0x2d, 0x72, 0x61, 0x64, 0x69, 0x75, 0x73, 0x3a, 0x2e, 0x34, 0x72,
    0x65, 0x6d, 0x3b, 0x62, 0x61, 0x63, 0x6b, 0x67, 0x72, 0x6f, 0x75, 0x6e,
    0x64, 0x3a, 0x23, 0x61, 0x64, 0x65, 0x38, 0x63, 0x64, 0x3b, 0x63, 0x6f,
    0x6c, 0x6f, 0x72, 0x3a, 0x23, 0x31, 0x30, 0x32, 0x35, 0x31, 0x63, 0x3b,
    0x66, 0x6f, 0x6e, 0x74, 0x2d, 0x73, 0x69, 0x7a, 0x65, 0x3a, 0x2e, 0x38,
    0x37, 0x35, 0x72, 0x65, 0x6d, 0x3b, 0x66, 0x6f, 0x6e, 0x74, 0x2d, 0x77,
    0x65, 0x69, 0x67, 0x68, 0x74, 0x3a, 0x36, 0x30, 0x30, 0x3b, 0x63, 0x75,
    0x72, 0x73, 0x6f, 0x72, 0x3a, 0x70, 0x6f, 0x69, 0x6e, 0x74, 0x65, 0x72,
    0x3b, 0x6d, 0x69, 0x6e, 0x2d, 0x68, 0x65, 0x69, 0x67, 0x68, 0x74, 0x3a,
    0x32, 0x2e, 0x37, 0x35, 0x72, 0x65, 0x6d, 0x7d, 0x62, 0x75, 0x74, 0x74,
    0x6f, 0x6e, 0x3a, 0x68, 0x6f, 0x76, 0x65, 0x72, 0x7b, 0x66, 0x69, 0x6c,
    0x74, 0x65, 0x72, 0x3a, 0x62, 0x72, 0x69, 0x67, 0x68, 0x74, 0x6e, 0x65,
    0x73, 0x73, 0x28, 0x31, 0x2e, 0x31, 0x29, 0x7d, 0x62, 0x75, 0x74, 0x74,
    0x6f, 0x6e, 0x2e, 0x73, 0x65, 0x63, 0x6f, 0x6e, 0x64, 0x61, 0x72, 0x79,
    0x7b, 0x62, 0x61, 0x63, 0x6b, 0x67, 0x72, 0x6f, 0x75, 0x6e, 0x64, 0x3a,
    0x23, 0x32, 0x33, 0x33, 0x32, 0x33, 0x39, 0x3b, 0x62, 0x6f, 0x72, 0x64,
    0x65, 0x72, 0x2d, 0x63, 0x6f, 0x6c, 0x6f, 0x72, 0x3a, 0x23, 0x34, 0x33,
    0x35, 0x35, 0x35, 0x66, 0x3b, 0x63, 0x6f, 0x6c, 0x6f, 0x72, 0x3a, 0x23,
    0x64, 0x61, 0x65, 0x35, 0x65, 0x62, 0x7d, 0x62, 0x75, 0x74, 0x74, 0x6f,
    0x6e, 0x2e, 0x64, 0x61, 0x6e, 0x67, 0x65, 0x72, 0x7b, 0x62, 0x61, 0x63,
    0x6b, 0x67, 0x72, 0x6f, 0x75, 0x6e, 0x64, 0x3a, 0x74, 0x72, 0x61, 0x6e,
    0x73, 0x70, 0x61, 0x72, 0x65, 0x6e, 0x74, 0x3b, 0x62, 0x6f, 0x72, 0x64,
    0x65, 0x72, 0x2d, 0x63, 0x6f, 0x6c, 0x6f, 0x72, 0x3a, 0x23, 0x62, 0x35,
    0x36, 0x63, 0x37, 0x31, 0x3b, 0x63, 0x6f, 0x6c, 0x6f, 0x72, 0x3a, 0x23,
    0x66, 0x66, 0x62, 0x37, 0x62, 0x62, 0x7d, 0x62, 0x75, 0x74, 0x74, 0x6f,
    0x6e, 0x3a, 0x64, 0x69, 0x73, 0x61, 0x62, 0x6c, 0x65, 0x64, 0x7b, 0x6f,
    0x70, 0x61, 0x63, 0x69, 0x74, 0x79, 0x3a, 0x2e, 0x35, 0x3b, 0x63, 0x75,
    0x72, 0x73, 0x6f, 0x72, 0x3a, 0x64, 0x65, 0x66, 0x61, 0x75, 0x6c, 0x74,
    0x7d, 0x2e, 0x74, 0x61, 0x62, 0x73, 0x7b, 0x64, 0x69, 0x73, 0x70, 0x6c,
    0x61, 0x79, 0x3a, 0x66, 0x6c, 0x65, 0x78, 0x3b, 0x67, 0x61, 0x70, 0x3a,
    0x2e, 0x34, 0x72, 0x65, 0x6d, 0x3b, 0x6d, 0x61, 0x72, 0x67, 0x69, 0x6e,
    0x3a, 0x30, 0x20, 0x30, 0x20, 0x31, 0x2e, 0x32, 0x72, 0x65, 0x6d, 0x3b,
    0x62, 0x6f, 0x72, 0x64, 0x65, 0x72, 0x2d, 0x62, 0x6f, 0x74, 0x74, 0x6f,
    0x6d, 0x3a, 0x31, 0x70, 0x78, 0x20, 0x73, 0x6f, 0x6c, 0x69, 0x64, 0x20,
    0x23, 0x32, 0x65, 0x33, 0x64, 0x34, 0x34, 0x3b, 0x70, 0x61, 0x64, 0x64,
    0x69, 0x6e, 0x67, 0x2d, 0x62, 0x6f, 0x74, 0x74, 0x6f, 0x6d, 0x3a, 0x2e,
    0x36, 0x72, 0x65, 0x6d, 0x7d, 0x2e, 0x74, 0x61, 0x62, 0x73, 0x20, 0x62,
    0x75, 0x74, 0x74, 0x6f, 0x6e, 0x7b, 0x62, 0x61, 0x63, 0x6b, 0x67, 0x72,
    0x6f, 0x75, 0x6e, 0x64, 0x3a, 0x74, 0x72, 0x61, 0x6e, 0x73, 0x70, 0x61,
    0x72, 0x65, 0x6e, 0x74, 0x3b, 0x63, 0x6f, 0x6c, 0x6f, 0x72, 0x3a, 0x23,
    0x61, 0x63, 0x62, 0x66, 0x63, 0x37, 0x7d, 0x2e, 0x74, 0x61, 0x62, 0x73,
    0x20, 0x2e, 0x73, 0x65, 0x6c, 0x65, 0x63, 0x74, 0x65, 0x64, 0x7b, 0x63,
    0x6f, 0x6c, 0x6f, 0x72, 0x3a, 0x23, 0x62, 0x31, 0x66, 0x31, 0x64, 0x32,
    0x3b, 0x62, 0x61, 0x63, 0x6b, 0x67, 0x72, 0x6f, 0x75, 0x6e, 0x64, 0x3a,
    0x23, 0x32, 0x35, 0x33, 0x61, 0x33, 0x33, 0x7d, 0x2e, 0x6b, 0x76, 0x7b,
    0x64, 0x69, 0x73, 0x70, 0x6c, 0x61, 0x79, 0x3a, 0x67, 0x72, 0x69, 0x64,
    0x3b, 0x67, 0x72, 0x69, 0x64, 0x2d, 0x74, 0x65, 0x6d, 0x70, 0x6c, 0x61,
    0x74, 0x65, 0x2d, 0x63, 0x6f, 0x6c, 0x75, 0x6d, 0x6e, 0x73, 0x3a, 0x37,
    0x72, 0x65, 0x6d, 0x20, 0x6d, 0x69, 0x6e, 0x6d, 0x61, 0x78, 0x28, 0x30,
    0x2c, 0x31, 0x66, 0x72, 0x29, 0x3b, 0x67, 0x61, 0x70, 0x3a, 0x2e, 0x35,
    0x35, 0x72, 0x65, 0x6d, 0x20, 0x31, 0x72, 0x65, 0x6d, 0x3b, 0x66, 0x6f,
    0x6e, 0x74, 0x2d, 0x73, 0x69, 0x7a, 0x65, 0x3a, 0x2e, 0x38, 0x37, 0x35,
    0x72, 0x65, 0x6d, 0x7d, 0x2e, 0x6b, 0x76, 0x20, 0x62, 0x7b, 0x66, 0x6f,
    0x6e, 0x74, 0x2d, 0x77, 0x65, 0x69, 0x67, 0x68, 0x74, 0x3a, 0x34, 0x30,
    0x30, 0x3b, 0x63, 0x6f, 0x6c, 0x6f, 0x72, 0x3a, 0x23, 0x39, 0x65, 0x62,
    0x33, 0x62, 0x64, 0x7d, 0x2e, 0x6b, 0x76, 0x20, 0x73, 0x70, 0x61, 0x6e,
    0x7b, 0x6f, 0x76, 0x65, 0x72, 0x66, 0x6c, 0x6f, 0x77, 0x2d, 0x77, 0x72,
    0x61, 0x70, 0x3a, 0x61, 0x6e, 0x79, 0x77, 0x68, 0x65, 0x72, 0x65, 0x7d,
    0x2e, 0x73, 0x61, 0x76, 0x65, 0x64, 0x7b, 0x64, 0x69, 0x73, 0x70, 0x6c,
    0x61, 0x79, 0x3a, 0x66, 0x6c, 0x65, 0x78, 0x3b, 0x66, 0x6c, 0x65, 0x78,
    0x2d, 0x64, 0x69, 0x72, 0x65, 0x63, 0x74, 0x69, 0x6f, 0x6e, 0x3a, 0x63,
    0x6f, 0x6c, 0x75, 0x6d, 0x6e, 0x3b, 0x61, 0x6c, 0x69, 0x67, 0x6e, 0x2d,
    0x69, 0x74, 0x65, 0x6d, 0x73, 0x3a, 0x66, 0x6c, 0x65, 0x78, 0x2d, 0x73,
    0x74, 0x61, 0x72, 0x74, 0x7d, 0x2e, 0x73, 0x61, 0x76, 0x65, 0x64, 0x20,
    0x68, 0x32, 0x7b, 0x6d, 0x61, 0x72, 0x67, 0x69, 0x6e, 0x2d, 0x74, 0x6f,
    0x70, 0x3a, 0x2e, 0x36, 0x72, 0x65, 0x6d, 0x3b, 0x6f, 0x76, 0x65, 0x72,
    0x66, 0x6c, 0x6f, 0x77, 0x2d, 0x77, 0x72, 0x61, 0x70, 0x3a, 0x61, 0x6e,
    0x79, 0x77, 0x68, 0x65, 0x72, 0x65, 0x7d, 0x2e, 0x64, 0x69, 0x76, 0x69,
    0x64, 0x65, 0x72, 0x7b, 0x62, 0x6f, 0x72, 0x64, 0x65, 0x72, 0x2d, 0x74,
    0x6f, 0x70, 0x3a, 0x31, 0x70, 0x78, 0x20, 0x73, 0x6f, 0x6c, 0x69, 0x64,
    0x20, 0x23, 0x33, 0x33, 0x34, 0x36, 0x34, 0x65, 0x3b, 0x6d, 0x61, 0x72,
    0x67, 0x69, 0x6e, 0x2d, 0x74, 0x6f, 0x70, 0x3a, 0x31, 0x2e, 0x38, 0x72,
    0x65, 0x6d, 0x3b, 0x70, 0x61, 0x64, 0x64, 0x69, 0x6e, 0x67, 0x2d, 0x74,
    0x6f, 0x70, 0x3a, 0x31, 0x72, 0x65, 0x6d, 0x3b, 0x77, 0x69, 0x64, 0x74,
    0x68, 0x3a, 0x31, 0x30, 0x30, 0x25, 0x7d, 0x2e, 0x62, 0x61, 0x6e, 0x6e,
    0x65, 0x72, 0x7b, 0x70, 0x61, 0x64, 0x64, 0x69, 0x6e, 0x67, 0x3a, 0x2e,
    0x38, 0x72, 0x65, 0x6d, 0x20, 0x31, 0x72, 0x65, 0x6d, 0x3b, 0x6d, 0x61,
    0x72, 0x67, 0x69, 0x6e, 0x2d, 0x62, 0x6f, 0x74, 0x74, 0x6f, 0x6d, 0x3a,
    0x31, 0x2e, 0x32, 0x72, 0x65, 0x6d, 0x3b, 0x62, 0x6f, 0x72, 0x64, 0x65,
    0x72, 0x2d, 0x72, 0x61, 0x64, 0x69, 0x75, 0x73, 0x3a, 0x2e, 0x34, 0x72,
    0x65, 0x6d, 0x3b, 0x66, 0x6f, 0x6e, 0x74, 0x2d, 0x73, 0x69, 0x7a, 0x65,
    0x3a, 0x2e, 0x38, 0x37, 0x35, 0x72, 0x65, 0x6d, 0x3b, 0x62, 0x61, 0x63,
    0x6b, 0x67, 0x72, 0x6f, 0x75, 0x6e, 0x64, 0x3a, 0x23, 0x32, 0x30, 0x33,
    0x33, 0x33, 0x62, 0x3b, 0x63, 0x6f, 0x6c, 0x6f, 0x72, 0x3a, 0x23, 0x63,
    0x31, 0x65, 0x31, 0x65, 0x65, 0x7d, 0x2e, 0x62, 0x61, 0x6e, 0x6e, 0x65,
    0x72, 0x2e, 0x6f, 0x6b, 0x7b, 0x62, 0x61, 0x63, 0x6b, 0x67, 0x72, 0x6f,
    0x75, 0x6e, 0x64, 0x3a, 0x23, 0x32, 0x30, 0x33, 0x38, 0x32, 0x65, 0x3b,
    0x63, 0x6f, 0x6c, 0x6f, 0x72, 0x3a, 0x23, 0x62, 0x31, 0x66, 0x31, 0x64,
    0x32, 0x7d, 0x2e, 0x62, 0x61, 0x6e, 0x6e, 0x65, 0x72, 0x2e, 0x65, 0x72,
    0x72, 0x7b, 0x62, 0x61, 0x63, 0x6b, 0x67, 0x72, 0x6f, 0x75, 0x6e, 0x64,
    0x3a, 0x23, 0x34, 0x31, 0x32, 0x38, 0x32, 0x63, 0x3b, 0x63, 0x6f, 0x6c,
    0x6f, 0x72, 0x3a, 0x23, 0x66, 0x66, 0x62, 0x37, 0x62, 0x62, 0x7d, 0x2e,
    0x62, 0x61, 0x6e, 0x6e, 0x65, 0x72, 0x2e, 0x77, 0x61, 0x72, 0x6e, 0x7b,
    0x62, 0x61, 0x63, 0x6b, 0x67, 0x72, 0x6f, 0x75, 0x6e, 0x64, 0x3a, 0x23,
    0x33, 0x63, 0x33, 0x34, 0x32, 0x33, 0x3b, 0x63, 0x6f, 0x6c, 0x6f, 0x72,
    0x3a, 0x23, 0x66, 0x66, 0x65, 0x30, 0x61, 0x38, 0x7d, 0x2e, 0x62, 0x61,
    0x6e, 0x6e, 0x65, 0x72, 0x3a, 0x65, 0x6d, 0x70, 0x74, 0x79, 0x7b, 0x64,
    0x69, 0x73, 0x70, 0x6c, 0x61, 0x79, 0x3a, 0x6e, 0x6f, 0x6e, 0x65, 0x7d,
    0x64, 0x65, 0x74, 0x61, 0x69, 0x6c, 0x73, 0x7b, 0x62, 0x6f, 0x72, 0x64,
    0x65, 0x72, 0x2d, 0x74, 0x6f, 0x70, 0x3a, 0x31, 0x70, 0x78, 0x20, 0x73,
    0x6f, 0x6c, 0x69, 0x64, 0x20, 0x23, 0x33, 0x33, 0x34, 0x36, 0x34, 0x65,
    0x3b, 0x70, 0x61, 0x64, 0x64, 0x69, 0x6e, 0x67, 0x2d, 0x74, 0x6f, 0x70,
    0x3a, 0x31, 0x72, 0x65, 0x6d, 0x3b, 0x6d, 0x61, 0x72, 0x67, 0x69, 0x6e,
    0x2d, 0x74, 0x6f, 0x70, 0x3a, 0x31, 0x72, 0x65, 0x6d, 0x7d, 0x73, 0x75,
    0x6d, 0x6d, 0x61, 0x72, 0x79, 0x7b, 0x63, 0x75, 0x72, 0x73, 0x6f, 0x72,
    0x3a, 0x70, 0x6f, 0x69, 0x6e, 0x74, 0x65, 0x72, 0x3b, 0x63, 0x6f, 0x6c,
    0x6f, 0x72, 0x3a, 0x23, 0x63, 0x35, 0x64, 0x32, 0x64, 0x38, 0x3b, 0x66,
    0x6f, 0x6e, 0x74, 0x2d, 0x73, 0x69, 0x7a, 0x65, 0x3a, 0x2e, 0x38, 0x37,
    0x35, 0x72, 0x65, 0x6d, 0x7d, 0x64, 0x65, 0x74, 0x61, 0x69, 0x6c, 0x73,
    0x5b, 0x6f, 0x70, 0x65, 0x6e, 0x5d, 0x3e, 0x73, 0x75, 0x6d, 0x6d, 0x61,
    0x72, 0x79, 0x7b, 0x6d, 0x61, 0x72, 0x67, 0x69, 0x6e, 0x2d, 0x62, 0x6f,
    0x74, 0x74, 0x6f, 0x6d, 0x3a, 0x31, 0x72, 0x65, 0x6d, 0x7d, 0x2e, 0x73,
    0x74, 0x61, 0x74, 0x75, 0x73, 0x7b, 0x77, 0x68, 0x69, 0x74, 0x65, 0x2d,
    0x73, 0x70, 0x61, 0x63, 0x65, 0x3a, 0x70, 0x72, 0x65, 0x2d, 0x77, 0x72,
    0x61, 0x70, 0x3b, 0x6f, 0x76, 0x65, 0x72, 0x66, 0x6c, 0x6f, 0x77, 0x2d,
    0x77, 0x72, 0x61, 0x70, 0x3a, 0x61, 0x6e, 0x79, 0x77, 0x68, 0x65, 0x72,
    0x65, 0x3b, 0x6f, 0x76, 0x65, 0x72, 0x66, 0x6c, 0x6f, 0x77, 0x3a, 0x61,
    0x75, 0x74, 0x6f, 0x3b, 0x6d, 0x61, 0x78, 0x2d, 0x68, 0x65, 0x69, 0x67,
    0x68, 0x74, 0x3a, 0x32, 0x30, 0x72, 0x65, 0x6d, 0x3b, 0x70, 0x61, 0x64,
    0x64, 0x69, 0x6e, 0x67, 0x3a, 0x31, 0x72, 0x65, 0x6d, 0x3b, 0x62, 0x61,
    0x63, 0x6b, 0x67, 0x72, 0x6f, 0x75, 0x6e, 0x64, 0x3a, 0x23, 0x31, 0x30,
    0x31, 0x39, 0x31, 0x65, 0x3b, 0x62, 0x6f, 0x72, 0x64, 0x65, 0x72, 0x2d,
    0x72, 0x61, 0x64, 0x69, 0x75, 0x73, 0x3a, 0x2e, 0x34, 0x72, 0x65, 0x6d,
    0x3b, 0x63, 0x6f, 0x6c, 0x6f, 0x72, 0x3a, 0x23, 0x62, 0x37, 0x63, 0x62,
    0x64, 0x34, 0x3b, 0x66, 0x6f, 0x6e, 0x74, 0x3a, 0x2e, 0x38, 0x72, 0x65,
    0x6d, 0x2f, 0x31, 0x2e, 0x36, 0x20, 0x75, 0x69, 0x2d, 0x6d, 0x6f, 0x6e,
    0x6f, 0x73, 0x70, 0x61, 0x63, 0x65, 0x2c, 0x6d, 0x6f, 0x6e, 0x6f, 0x73,
    0x70, 0x61, 0x63, 0x65, 0x7d, 0x2e, 0x6e, 0x65, 0x74, 0x77, 0x6f, 0x72,
    0x6b, 0x2d, 0x72, 0x6f, 0x77, 0x7b, 0x64, 0x69, 0x73, 0x70, 0x6c, 0x61,
    0x79, 0x3a, 0x62, 0x6c, 0x6f, 0x63, 0x6b, 0x3b, 0x77, 0x69, 0x64, 0x74,
    0x68, 0x3a, 0x31, 0x30, 0x30, 0x25, 0x3b, 0x74, 0x65, 0x78, 0x74, 0x2d,
    0x61, 0x6c, 0x69, 0x67, 0x6e, 0x3a, 0x6c, 0x65, 0x66, 0x74, 0x3b, 0x62,
    0x61, 0x63, 0x6b, 0x67, 0x72, 0x6f, 0x75, 0x6e, 0x64, 0x3a, 0x23, 0x32,
    0x33, 0x33, 0x32, 0x33, 0x39, 0x3b, 0x63, 0x6f, 0x6c, 0x6f, 0x72, 0x3a,
    0x23, 0x64, 0x31, 0x65, 0x35, 0x64, 0x63, 0x3b, 0x6d, 0x61, 0x72, 0x67,
    0x69, 0x6e, 0x2d, 0x62, 0x6f, 0x74, 0x74, 0x6f, 0x6d, 0x3a, 0x2e, 0x34,
    0x72, 0x65, 0x6d, 0x3b, 0x6f, 0x76, 0x65, 0x72, 0x66, 0x6c, 0x6f, 0x77,
    0x2d, 0x77, 0x72, 0x61, 0x70, 0x3a, 0x61, 0x6e, 0x79, 0x77, 0x68, 0x65,
    0x72, 0x65, 0x7d, 0x23, 0x77, 0x69, 0x66, 0x69, 0x5f, 0x6e, 0x65, 0x74,
    0x77, 0x6f, 0x72, 0x6b, 0x73, 0x7b, 0x6d, 0x61, 0x78, 0x2d, 0x68, 0x65,
    0x69, 0x67, 0x68, 0x74, 0x3a, 0x31, 0x34, 0x72, 0x65, 0x6d, 0x3b, 0x6f,
    0x76, 0x65, 0x72, 0x66, 0x6c, 0x6f, 0x77, 0x3a, 0x61, 0x75, 0x74, 0x6f,
    0x3b, 0x6d, 0x61, 0x72, 0x67, 0x69, 0x6e, 0x2d, 0x62, 0x6f, 0x74, 0x74,
    0x6f, 0x6d, 0x3a, 0x31, 0x72, 0x65, 0x6d, 0x7d, 0x2e, 0x6f, 0x70, 0x65,
    0x72, 0x61, 0x74, 0x69, 0x6f, 0x6e, 0x7b, 0x6d, 0x61, 0x72, 0x67, 0x69,
    0x6e, 0x2d, 0x74, 0x6f, 0x70, 0x3a, 0x31, 0x2e, 0x35, 0x72, 0x65, 0x6d,
    0x7d, 0x2e, 0x73, 0x6b, 0x69, 0x70, 0x3a, 0x6e, 0x6f, 0x74, 0x28, 0x3a,
    0x66, 0x6f, 0x63, 0x75, 0x73, 0x29, 0x7b, 0x70, 0x6f, 0x73, 0x69, 0x74,
    0x69, 0x6f, 0x6e, 0x3a, 0x61, 0x62, 0x73, 0x6f, 0x6c, 0x75, 0x74, 0x65,
    0x3b, 0x77, 0x69, 0x64, 0x74, 0x68, 0x3a, 0x31, 0x70, 0x78, 0x3b, 0x68,
    0x65, 0x69, 0x67, 0x68, 0x74, 0x3a, 0x31, 0x70, 0x78, 0x3b, 0x6f, 0x76,
    0x65, 0x72, 0x66, 0x6c, 0x6f, 0x77, 0x3a, 0x68, 0x69, 0x64, 0x64, 0x65,
    0x6e, 0x3b, 0x63, 0x6c, 0x69, 0x70, 0x2d, 0x70, 0x61, 0x74, 0x68, 0x3a,
    0x69, 0x6e, 0x73, 0x65, 0x74, 0x28, 0x35, 0x30, 0x25, 0x29, 0x7d, 0x2e,
    0x73, 0x6b, 0x69, 0x70, 0x3a, 0x66, 0x6f, 0x63, 0x75, 0x73, 0x7b, 0x64,
    0x69, 0x73, 0x70, 0x6c, 0x61, 0x79, 0x3a, 0x62, 0x6c, 0x6f, 0x63, 0x6b,
    0x3b, 0x70, 0x61, 0x64, 0x64, 0x69, 0x6e, 0x67, 0x3a, 0x31, 0x72, 0x65,
    0x6d, 0x3b, 0x62, 0x61, 0x63, 0x6b, 0x67, 0x72, 0x6f, 0x75, 0x6e, 0x64,
    0x3a, 0x23, 0x31, 0x39, 0x32, 0x33, 0x32, 0x38, 0x7d, 0x40, 0x6d, 0x65,
    0x64, 0x69, 0x61, 0x28, 0x6d, 0x61, 0x78, 0x2d, 0x77, 0x69, 0x64, 0x74,
    0x68, 0x3a, 0x31, 0x30, 0x30, 0x30, 0x70, 0x78, 0x29, 0x7b, 0x6d, 0x61,
    0x69, 0x6e, 0x7b, 0x70, 0x61, 0x64, 0x64, 0x69, 0x6e, 0x67, 0x3a, 0x31,
    0x2e, 0x35, 0x72, 0x65, 0x6d, 0x7d, 0x2e, 0x72, 0x61, 0x69, 0x6c, 0x7b,
    0x77, 0x69, 0x64, 0x74, 0x68, 0x3a, 0x31, 0x31, 0x72, 0x65, 0x6d, 0x7d,
    0x6d, 0x61, 0x69, 0x6e, 0x7b, 0x6d, 0x61, 0x72, 0x67, 0x69, 0x6e, 0x2d,
    0x6c, 0x65, 0x66, 0x74, 0x3a, 0x31, 0x31, 0x72, 0x65, 0x6d, 0x7d, 0x2e,
    0x63, 0x6f, 0x6c, 0x75, 0x6d, 0x6e, 0x73, 0x2c, 0x2e, 0x75, 0x6e, 0x6c,
    0x6f, 0x63, 0x6b, 0x7b, 0x67, 0x72, 0x69, 0x64, 0x2d, 0x74, 0x65, 0x6d,
    0x70, 0x6c, 0x61, 0x74, 0x65, 0x2d, 0x63, 0x6f, 0x6c, 0x75, 0x6d, 0x6e,
    0x73, 0x3a, 0x31, 0x66, 0x72, 0x7d, 0x2e, 0x73, 0x65, 0x63, 0x74, 0x69,
    0x6f, 0x6e, 0x2d, 0x68, 0x65, 0x61, 0x64, 0x7b, 0x66, 0x6c, 0x65, 0x78,
    0x2d, 0x77, 0x72, 0x61, 0x70, 0x3a, 0x77, 0x72, 0x61, 0x70, 0x7d, 0x7d,
    0x2e, 0x72, 0x61, 0x69, 0x6c, 0x3e, 0x62, 0x75, 0x74, 0x74, 0x6f, 0x6e,
    0x2c, 0x23, 0x6e, 0x61, 0x76, 0x5f, 0x74, 0x6f, 0x67, 0x67, 0x6c, 0x65,
    0x7b, 0x64, 0x69, 0x73, 0x70, 0x6c, 0x61, 0x79, 0x3a, 0x6e, 0x6f, 0x6e,
    0x65, 0x7d, 0x40, 0x6d, 0x65, 0x64, 0x69, 0x61, 0x28, 0x6d, 0x61, 0x78,
    0x2d, 0x77, 0x69, 0x64, 0x74, 0x68, 0x3a, 0x36, 0x35, 0x30, 0x70, 0x78,
    0x29, 0x7b, 0x2e, 0x72, 0x61, 0x69, 0x6c, 0x7b, 0x64, 0x69, 0x73, 0x70,
    0x6c, 0x61, 0x79, 0x3a, 0x6e, 0x6f, 0x6e, 0x65, 0x3b, 0x69, 0x6e, 0x73,
    0x65, 0x74, 0x3a, 0x30, 0x20, 0x61, 0x75, 0x74, 0x6f, 0x20, 0x30, 0x20,
    0x30, 0x3b, 0x6d, 0x61, 0x72, 0x67, 0x69, 0x6e, 0x3a, 0x30, 0x3b, 0x77,
    0x69, 0x64, 0x74, 0x68, 0x3a, 0x6d, 0x69, 0x6e, 0x28, 0x31, 0x38, 0x72,
    0x65, 0x6d, 0x2c, 0x38, 0x35, 0x76, 0x77, 0x29, 0x3b, 0x68, 0x65, 0x69,
    0x67, 0x68, 0x74, 0x3a, 0x31, 0x30, 0x30, 0x64, 0x76, 0x68, 0x3b, 0x70,
    0x61, 0x64, 0x64, 0x69, 0x6e, 0x67, 0x3a, 0x31, 0x72, 0x65, 0x6d, 0x3b,
    0x62, 0x6f, 0x72, 0x64, 0x65, 0x72, 0x3a, 0x30, 0x3b, 0x62, 0x6f, 0x72,
    0x64, 0x65, 0x72, 0x2d, 0x72, 0x69, 0x67, 0x68, 0x74, 0x3a, 0x31, 0x70,
    0x78, 0x20, 0x73, 0x6f, 0x6c, 0x69, 0x64, 0x20, 0x23, 0x34, 0x33, 0x35,
    0x35, 0x35, 0x66, 0x3b, 0x63, 0x6f, 0x6c, 0x6f, 0x72, 0x3a, 0x23, 0x65,
    0x38, 0x65, 0x65, 0x66, 0x30, 0x3b, 0x6f, 0x76, 0x65, 0x72, 0x66, 0x6c,
    0x6f, 0x77, 0x3a, 0x61, 0x75, 0x74, 0x6f, 0x3b, 0x74, 0x72, 0x61, 0x6e,
    0x73, 0x66, 0x6f, 0x72, 0x6d, 0x3a, 0x74, 0x72, 0x61, 0x6e, 0x73, 0x6c,
    0x61, 0x74, 0x65, 0x58, 0x28, 0x2d, 0x31, 0x30, 0x30, 0x25, 0x29, 0x3b,
    0x74, 0x72, 0x61, 0x6e, 0x73, 0x69, 0x74, 0x69, 0x6f, 0x6e, 0x3a, 0x74,
    0x72, 0x61, 0x6e, 0x73, 0x66, 0x6f, 0x72, 0x6d, 0x20, 0x2e, 0x32, 0x34,
    0x73, 0x20, 0x65, 0x61, 0x73, 0x65, 0x2c, 0x64, 0x69, 0x73, 0x70, 0x6c,
    0x61, 0x79, 0x20, 0x2e, 0x32, 0x34, 0x73, 0x20, 0x61, 0x6c, 0x6c, 0x6f,
    0x77, 0x2d, 0x64, 0x69, 0x73, 0x63, 0x72, 0x65, 0x74, 0x65, 0x2c, 0x6f,
    0x76, 0x65, 0x72, 0x6c, 0x61, 0x79, 0x20, 0x2e, 0x32, 0x34, 0x73, 0x20,
    0x61, 0x6c, 0x6c, 0x6f, 0x77, 0x2d, 0x64, 0x69, 0x73, 0x63, 0x72, 0x65,
    0x74, 0x65, 0x7d, 0x2e, 0x72, 0x61, 0x69, 0x6c, 0x3a, 0x70, 0x6f, 0x70,
    0x6f, 0x76, 0x65, 0x72, 0x2d, 0x6f, 0x70, 0x65, 0x6e, 0x7b, 0x64, 0x69,
    0x73, 0x70, 0x6c, 0x61, 0x79, 0x3a, 0x66, 0x6c, 0x65, 0x78, 0x3b, 0x74,
    0x72, 0x61, 0x6e, 0x73, 0x66, 0x6f, 0x72, 0x6d, 0x3a, 0x74, 0x72, 0x61,
    0x6e, 0x73, 0x6c, 0x61, 0x74, 0x65, 0x58, 0x28, 0x30, 0x29, 0x7d, 0x40,
    0x73, 0x74, 0x61, 0x72, 0x74, 0x69, 0x6e, 0x67, 0x2d, 0x73, 0x74, 0x79,
    0x6c, 0x65, 0x7b, 0x2e, 0x72, 0x61, 0x69, 0x6c, 0x3a, 0x70, 0x6f, 0x70,
    0x6f, 0x76, 0x65, 0x72, 0x2d, 0x6f, 0x70, 0x65, 0x6e, 0x7b, 0x74, 0x72,
    0x61, 0x6e, 0x73, 0x66, 0x6f, 0x72, 0x6d, 0x3a, 0x74, 0x72, 0x61, 0x6e,
    0x73, 0x6c, 0x61, 0x74, 0x65, 0x58, 0x28, 0x2d, 0x31, 0x30, 0x30, 0x25,
    0x29, 0x7d, 0x7d, 0x2e, 0x72, 0x61, 0x69, 0x6c, 0x3e, 0x62, 0x75, 0x74,
    0x74, 0x6f, 0x6e, 0x7b, 0x64, 0x69, 0x73, 0x70, 0x6c, 0x61, 0x79, 0x3a,
    0x62, 0x6c, 0x6f, 0x63, 0x6b, 0x7d, 0x2e, 0x72, 0x61, 0x69, 0x6c, 0x3e,
    0x62, 0x75, 0x74, 0x74, 0x6f, 0x6e, 0x5b, 0x70, 0x6f, 0x70, 0x6f, 0x76,
    0x65, 0x72, 0x74, 0x61, 0x72, 0x67, 0x65, 0x74, 0x5d, 0x7b, 0x70, 0x6f,
    0x73, 0x69, 0x74, 0x69, 0x6f, 0x6e, 0x3a, 0x61, 0x62, 0x73, 0x6f, 0x6c,
    0x75, 0x74, 0x65, 0x3b, 0x72, 0x69, 0x67, 0x68, 0x74, 0x3a, 0x2e, 0x37,
    0x35, 0x72, 0x65, 0x6d, 0x3b, 0x74, 0x6f, 0x70, 0x3a, 0x31, 0x72, 0x65,
    0x6d, 0x7d, 0x2e, 0x72, 0x61, 0x69, 0x6c, 0x3a, 0x3a, 0x62, 0x61, 0x63,
    0x6b, 0x64, 0x72, 0x6f, 0x70, 0x7b, 0x62, 0x61, 0x63, 0x6b, 0x67, 0x72,
    0x6f, 0x75, 0x6e, 0x64, 0x3a, 0x23, 0x30, 0x30, 0x30, 0x39, 0x3b, 0x6f,
    0x70, 0x61, 0x63, 0x69, 0x74, 0x79, 0x3a, 0x30, 0x3b, 0x74, 0x72, 0x61,
    0x6e, 0x73, 0x69, 0x74, 0x69, 0x6f, 0x6e, 0x3a, 0x6f, 0x70, 0x61, 0x63,
    0x69, 0x74, 0x79, 0x20, 0x2e, 0x32, 0x34, 0x73, 0x2c, 0x64, 0x69, 0x73,
    0x70, 0x6c, 0x61, 0x79, 0x20, 0x2e, 0x32, 0x34, 0x73, 0x20, 0x61, 0x6c,
    0x6c, 0x6f, 0x77, 0x2d, 0x64, 0x69, 0x73, 0x63, 0x72, 0x65, 0x74, 0x65,
    0x2c, 0x6f, 0x76, 0x65, 0x72, 0x6c, 0x61, 0x79, 0x20, 0x2e, 0x32, 0x34,
    0x73, 0x20, 0x61, 0x6c, 0x6c, 0x6f, 0x77, 0x2d, 0x64, 0x69, 0x73, 0x63,
    0x72, 0x65, 0x74, 0x65, 0x7d, 0x2e, 0x72, 0x61, 0x69, 0x6c, 0x3a, 0x70,
    0x6f, 0x70, 0x6f, 0x76, 0x65, 0x72, 0x2d, 0x6f, 0x70, 0x65, 0x6e, 0x3a,
    0x3a, 0x62, 0x61, 0x63, 0x6b, 0x64, 0x72, 0x6f, 0x70, 0x7b, 0x6f, 0x70,
    0x61, 0x63, 0x69, 0x74, 0x79, 0x3a, 0x31, 0x7d, 0x40, 0x73, 0x74, 0x61,
    0x72, 0x74, 0x69, 0x6e, 0x67, 0x2d, 0x73, 0x74, 0x79, 0x6c, 0x65, 0x7b,
    0x2e, 0x72, 0x61, 0x69, 0x6c, 0x3a, 0x70, 0x6f, 0x70, 0x6f, 0x76, 0x65,
    0x72, 0x2d, 0x6f, 0x70, 0x65, 0x6e, 0x3a, 0x3a, 0x62, 0x61, 0x63, 0x6b,
    0x64, 0x72, 0x6f, 0x70, 0x7b, 0x6f, 0x70, 0x61, 0x63, 0x69, 0x74, 0x79,
    0x3a, 0x30, 0x7d, 0x7d, 0x2e, 0x72, 0x61, 0x69, 0x6c, 0x20, 0x6e, 0x61,
    0x76, 0x20, 0x61, 0x7b, 0x70, 0x61, 0x64, 0x64, 0x69, 0x6e, 0x67, 0x3a,
    0x31, 0x72, 0x65, 0x6d, 0x3b, 0x6d, 0x69, 0x6e, 0x2d, 0x68, 0x65, 0x69,
    0x67, 0x68, 0x74, 0x3a, 0x33, 0x72, 0x65, 0x6d, 0x7d, 0x2e, 0x72, 0x61,
    0x69, 0x6c, 0x20, 0x6e, 0x61, 0x76, 0x20, 0x61, 0x5b, 0x61, 0x72, 0x69,
    0x61, 0x2d, 0x63, 0x75, 0x72, 0x72, 0x65, 0x6e, 0x74, 0x5d, 0x7b, 0x62,
    0x6f, 0x72, 0x64, 0x65, 0x72, 0x2d, 0x6c, 0x65, 0x66, 0x74, 0x3a, 0x33,
    0x70, 0x78, 0x20, 0x73, 0x6f, 0x6c, 0x69, 0x64, 0x20, 0x23, 0x61, 0x64,
    0x65, 0x38, 0x63, 0x64, 0x7d, 0x23, 0x6e, 0x61, 0x76, 0x5f, 0x74, 0x6f,
    0x67, 0x67, 0x6c, 0x65, 0x7b, 0x64, 0x69, 0x73, 0x70, 0x6c, 0x61, 0x79,
    0x3a, 0x62, 0x6c, 0x6f, 0x63, 0x6b, 0x7d, 0x6d, 0x61, 0x69, 0x6e, 0x7b,
    0x6d, 0x61, 0x72, 0x67, 0x69, 0x6e, 0x3a, 0x30, 0x3b, 0x70, 0x61, 0x64,
    0x64, 0x69, 0x6e, 0x67, 0x3a, 0x31, 0x72, 0x65, 0x6d, 0x7d, 0x68, 0x65,
    0x61, 0x64, 0x65, 0x72, 0x7b, 0x67, 0x61, 0x70, 0x3a, 0x2e, 0x36, 0x72,
    0x65, 0x6d, 0x3b, 0x61, 0x6c, 0x69, 0x67, 0x6e, 0x2d, 0x69, 0x74, 0x65,
    0x6d, 0x73, 0x3a, 0x66, 0x6c, 0x65, 0x78, 0x2d, 0x73, 0x74, 0x61, 0x72,
    0x74, 0x7d, 0x68, 0x65, 0x61, 0x64, 0x65, 0x72, 0x3e, 0x64, 0x69, 0x76,
    0x3a, 0x66, 0x69, 0x72, 0x73, 0x74, 0x2d, 0x6f, 0x66, 0x2d, 0x74, 0x79,
    0x70, 0x65, 0x7b, 0x66, 0x6c, 0x65, 0x78, 0x3a, 0x31, 0x3b, 0x6d, 0x69,
    0x6e, 0x2d, 0x77, 0x69, 0x64, 0x74, 0x68, 0x3a, 0x30, 0x7d, 0x68, 0x65,
    0x61, 0x64, 0x65, 0x72, 0x7b, 0x66, 0x6c, 0x65, 0x78, 0x2d, 0x77, 0x72,
    0x61, 0x70, 0x3a, 0x6e, 0x6f, 0x77, 0x72, 0x61, 0x70, 0x3b, 0x70, 0x61,
    0x64, 0x64, 0x69, 0x6e, 0x67, 0x2d, 0x62, 0x6f, 0x74, 0x74, 0x6f, 0x6d,
    0x3a, 0x31, 0x72, 0x65, 0x6d, 0x3b, 0x62, 0x6f, 0x72, 0x64, 0x65, 0x72,
    0x2d, 0x62, 0x6f, 0x74, 0x74, 0x6f, 0x6d, 0x3a, 0x31, 0x70, 0x78, 0x20,
    0x73, 0x6f, 0x6c, 0x69, 0x64, 0x20, 0x23, 0x32, 0x65, 0x33, 0x64, 0x34,
    0x34, 0x7d, 0x68, 0x65, 0x61, 0x64, 0x65, 0x72, 0x20, 0x2e, 0x61, 0x63,
    0x74, 0x69, 0x6f, 0x6e, 0x73, 0x7b, 0x67, 0x61, 0x70, 0x3a, 0x30, 0x7d,
    0x68, 0x31, 0x7b, 0x66, 0x6f, 0x6e, 0x74, 0x2d, 0x73, 0x69, 0x7a, 0x65,
    0x3a, 0x31, 0x2e, 0x33, 0x35, 0x72, 0x65, 0x6d, 0x7d, 0x23, 0x6e, 0x61,
    0x76, 0x5f, 0x74, 0x6f, 0x67, 0x67, 0x6c, 0x65, 0x2c, 0x23, 0x72, 0x65,
    0x66, 0x72, 0x65, 0x73, 0x68, 0x2c, 0x2e, 0x72, 0x61, 0x69, 0x6c, 0x3e,
    0x62, 0x75, 0x74, 0x74, 0x6f, 0x6e, 0x5b, 0x70, 0x6f, 0x70, 0x6f, 0x76,
    0x65, 0x72, 0x74, 0x61, 0x72, 0x67, 0x65, 0x74, 0x5d, 0x7b, 0x70, 0x61,
    0x64, 0x64, 0x69, 0x6e, 0x67, 0x3a, 0x30, 0x3b, 0x77, 0x69, 0x64, 0x74,
    0x68, 0x3a, 0x34, 0x34, 0x70, 0x78, 0x3b, 0x6d, 0x69, 0x6e, 0x2d, 0x77,
    0x69, 0x64, 0x74, 0x68, 0x3a, 0x34, 0x34, 0x70, 0x78, 0x3b, 0x68, 0x65,
    0x69, 0x67, 0x68, 0x74, 0x3a, 0x34, 0x34, 0x70, 0x78, 0x3b, 0x6d, 0x69,
    0x6e, 0x2d, 0x68, 0x65, 0x69, 0x67, 0x68, 0x74, 0x3a, 0x34, 0x34, 0x70,
    0x78, 0x3b, 0x62, 0x61, 0x63, 0x6b, 0x67, 0x72, 0x6f, 0x75, 0x6e, 0x64,
    0x3a, 0x74, 0x72, 0x61, 0x6e, 0x73, 0x70, 0x61, 0x72, 0x65, 0x6e, 0x74,
    0x3b, 0x62, 0x6f, 0x72, 0x64, 0x65, 0x72, 0x3a, 0x30, 0x3b, 0x63, 0x6f,
    0x6c, 0x6f, 0x72, 0x3a, 0x23, 0x63, 0x35, 0x64, 0x32, 0x64, 0x38, 0x3b,
    0x66, 0x6f, 0x6e, 0x74, 0x2d, 0x73, 0x69, 0x7a, 0x65, 0x3a, 0x30, 0x7d,
    0x23, 0x6e, 0x61, 0x76, 0x5f, 0x74, 0x6f, 0x67, 0x67, 0x6c, 0x65, 0x3a,
    0x62, 0x65, 0x66, 0x6f, 0x72, 0x65, 0x2c, 0x2e, 0x72, 0x61, 0x69, 0x6c,
    0x3e, 0x62, 0x75, 0x74, 0x74, 0x6f, 0x6e, 0x5b, 0x70, 0x6f, 0x70, 0x6f,
    0x76, 0x65, 0x72, 0x74, 0x61, 0x72, 0x67, 0x65, 0x74, 0x5d, 0x3a, 0x62,
    0x65, 0x66, 0x6f, 0x72, 0x65, 0x7b, 0x63, 0x6f, 0x6e, 0x74, 0x65, 0x6e,
    0x74, 0x3a, 0x27, 0x27, 0x3b, 0x64, 0x69, 0x73, 0x70, 0x6c, 0x61, 0x79,
    0x3a, 0x62, 0x6c, 0x6f, 0x63, 0x6b, 0x3b, 0x77, 0x69, 0x64, 0x74, 0x68,
    0x3a, 0x32, 0x34, 0x70, 0x78, 0x3b, 0x68, 0x65, 0x69, 0x67, 0x68, 0x74,
    0x3a, 0x32, 0x34, 0x70, 0x78, 0x3b, 0x6d, 0x61, 0x72, 0x67, 0x69, 0x6e,
    0x3a, 0x61, 0x75, 0x74, 0x6f, 0x3b, 0x62, 0x61, 0x63, 0x6b, 0x67, 0x72,
    0x6f, 0x75, 0x6e, 0x64, 0x3a, 0x63, 0x65, 0x6e, 0x74, 0x65, 0x72, 0x2f,
    0x32, 0x34, 0x70, 0x78, 0x20, 0x6e, 0x6f, 0x2d, 0x72, 0x65, 0x70, 0x65,
    0x61, 0x74, 0x20, 0x75, 0x72, 0x6c, 0x28, 0x27, 0x64, 0x61, 0x74, 0x61,
    0x3a, 0x69, 0x6d, 0x61, 0x67, 0x65, 0x2f, 0x73, 0x76, 0x67, 0x2b, 0x78,
    0x6d, 0x6c, 0x2c, 0x25, 0x33, 0x43, 0x73, 0x76, 0x67, 0x20, 0x78, 0x6d,
    0x6c, 0x6e, 0x73, 0x3d, 0x22, 0x68, 0x74, 0x74, 0x70, 0x3a, 0x2f, 0x2f,
    0x77, 0x77, 0x77, 0x2e, 0x77, 0x33, 0x2e, 0x6f, 0x72, 0x67, 0x2f, 0x32,
    0x30, 0x30, 0x30, 0x2f, 0x73, 0x76, 0x67, 0x22, 0x20, 0x76, 0x69, 0x65,
    0x77, 0x42, 0x6f, 0x78, 0x3d, 0x22, 0x30, 0x20, 0x30, 0x20, 0x32, 0x34,
    0x20, 0x32, 0x34, 0x22, 0x20, 0x66, 0x69, 0x6c, 0x6c, 0x3d, 0x22, 0x6e,
    0x6f, 0x6e, 0x65, 0x22, 0x20, 0x73, 0x74, 0x72, 0x6f, 0x6b, 0x65, 0x3d,
    0x22, 0x25, 0x32, 0x33, 0x63, 0x35, 0x64, 0x32, 0x64, 0x38, 0x22, 0x20,
    0x73, 0x74, 0x72, 0x6f, 0x6b, 0x65, 0x2d, 0x77, 0x69, 0x64, 0x74, 0x68,
    0x3d, 0x22, 0x31, 0x2e, 0x35, 0x22, 0x25, 0x33, 0x45, 0x25, 0x33, 0x43,
    0x70, 0x61, 0x74, 0x68, 0x20, 0x64, 0x3d, 0x22, 0x4d, 0x34, 0x20, 0x36,
    0x68, 0x31, 0x36, 0x4d, 0x34, 0x20, 0x31, 0x32, 0x68, 0x31, 0x36, 0x4d,
    0x34, 0x20, 0x31, 0x38, 0x68, 0x31, 0x36, 0x22, 0x2f, 0x25, 0x33, 0x45,
    0x25, 0x33, 0x43, 0x2f, 0x73, 0x76, 0x67, 0x25, 0x33, 0x45, 0x27, 0x29,
    0x7d, 0x23, 0x72, 0x65, 0x66, 0x72, 0x65, 0x73, 0x68, 0x3a, 0x62, 0x65,
    0x66, 0x6f, 0x72, 0x65, 0x7b, 0x63, 0x6f, 0x6e, 0x74, 0x65, 0x6e, 0x74,
    0x3a, 0x22, 0xe2, 0x86, 0xbb, 0x22, 0x3b, 0x66, 0x6f, 0x6e, 0x74, 0x2d,
    0x73, 0x69, 0x7a, 0x65, 0x3a, 0x31, 0x2e, 0x36, 0x72, 0x65, 0x6d, 0x7d,
    0x2e, 0x72, 0x61, 0x69, 0x6c, 0x3e, 0x23, 0x63, 0x6f, 0x6e, 0x6e, 0x65,
    0x63, 0x74, 0x69, 0x6f, 0x6e, 0x5f, 0x70, 0x69, 0x6c, 0x6c, 0x7b, 0x6d,
    0x61, 0x72, 0x67, 0x69, 0x6e, 0x2d, 0x74, 0x6f, 0x70, 0x3a, 0x61, 0x75,
    0x74, 0x6f, 0x3b, 0x62, 0x6f, 0x72, 0x64, 0x65, 0x72, 0x3a, 0x30, 0x3b,
    0x70, 0x61, 0x64, 0x64, 0x69, 0x6e, 0x67, 0x3a, 0x2e, 0x37, 0x35, 0x72,
    0x65, 0x6d, 0x20, 0x30, 0x3b, 0x6d, 0x61, 0x78, 0x2d, 0x77, 0x69, 0x64,
    0x74, 0x68, 0x3a, 0x63, 0x61, 0x6c, 0x63, 0x28, 0x31, 0x30, 0x30, 0x25,
    0x20, 0x2d, 0x20, 0x35, 0x36, 0x70, 0x78, 0x29, 0x3b, 0x77, 0x68, 0x69,
    0x74, 0x65, 0x2d, 0x73, 0x70, 0x61, 0x63, 0x65, 0x3a, 0x6e, 0x6f, 0x72,
    0x6d, 0x61, 0x6c, 0x7d, 0x2e, 0x72, 0x61, 0x69, 0x6c, 0x3e, 0x23, 0x6c,
    0x6f, 0x63, 0x6b, 0x5f, 0x64, 0x65, 0x76, 0x69, 0x63, 0x65, 0x7b, 0x70,
    0x6f, 0x73, 0x69, 0x74, 0x69, 0x6f, 0x6e, 0x3a, 0x61, 0x62, 0x73, 0x6f,
    0x6c, 0x75, 0x74, 0x65, 0x3b, 0x62, 0x6f, 0x74, 0x74, 0x6f, 0x6d, 0x3a,
    0x31, 0x2e, 0x35, 0x72, 0x65, 0x6d, 0x3b, 0x72, 0x69, 0x67, 0x68, 0x74,
    0x3a, 0x31, 0x72, 0x65, 0x6d, 0x3b, 0x77, 0x69, 0x64, 0x74, 0x68, 0x3a,
    0x34, 0x34, 0x70, 0x78, 0x3b, 0x68, 0x65, 0x69, 0x67, 0x68, 0x74, 0x3a,
    0x34, 0x34, 0x70, 0x78, 0x3b, 0x70, 0x61, 0x64, 0x64, 0x69, 0x6e, 0x67,
    0x3a, 0x30, 0x3b, 0x62, 0x6f, 0x72, 0x64, 0x65, 0x72, 0x3a, 0x30, 0x3b,
    0x66, 0x6f, 0x6e, 0x74, 0x2d, 0x73, 0x69, 0x7a, 0x65, 0x3a, 0x30, 0x3b,
    0x62, 0x61, 0x63, 0x6b, 0x67, 0x72, 0x6f, 0x75, 0x6e, 0x64, 0x3a, 0x63,
    0x65, 0x6e, 0x74, 0x65, 0x72, 0x2f, 0x32, 0x32, 0x70, 0x78, 0x20, 0x6e,
    0x6f, 0x2d, 0x72, 0x65, 0x70, 0x65, 0x61, 0x74, 0x20, 0x75, 0x72, 0x6c,
    0x28, 0x27, 0x64, 0x61, 0x74, 0x61, 0x3a, 0x69, 0x6d, 0x61, 0x67, 0x65,
    0x2f, 0x73, 0x76, 0x67, 0x2b, 0x78, 0x6d, 0x6c, 0x2c, 0x25, 0x33, 0x43,
    0x73, 0x76, 0x67, 0x20, 0x78, 0x6d, 0x6c, 0x6e, 0x73, 0x3d, 0x22, 0x68,
    0x74, 0x74, 0x70, 0x3a, 0x2f, 0x2f, 0x77, 0x77, 0x77, 0x2e, 0x77, 0x33,
    0x2e, 0x6f, 0x72, 0x67, 0x2f, 0x32, 0x30, 0x30, 0x30, 0x2f, 0x73, 0x76,
    0x67, 0x22, 0x20, 0x76, 0x69, 0x65, 0x77, 0x42, 0x6f, 0x78, 0x3d, 0x22,
    0x30, 0x20, 0x30, 0x20, 0x32, 0x34, 0x20, 0x32, 0x34, 0x22, 0x20, 0x66,
    0x69, 0x6c, 0x6c, 0x3d, 0x22, 0x6e, 0x6f, 0x6e, 0x65, 0x22, 0x20, 0x73,
    0x74, 0x72, 0x6f, 0x6b, 0x65, 0x3d, 0x22, 0x25, 0x32, 0x33, 0x63, 0x35,
    0x64, 0x32, 0x64, 0x38, 0x22, 0x20, 0x73, 0x74, 0x72, 0x6f, 0x6b, 0x65,
    0x2d, 0x77, 0x69, 0x64, 0x74, 0x68, 0x3d, 0x22, 0x31, 0x2e, 0x35, 0x22,
    0x25, 0x33, 0x45, 0x25, 0x33, 0x43, 0x70, 0x61, 0x74, 0x68, 0x20, 0x64,
    0x3d, 0x22, 0x4d, 0x37, 0x20, 0x31, 0x30, 0x56, 0x37, 0x61, 0x35, 0x20,
    0x35, 0x20, 0x30, 0x20, 0x30, 0x20, 0x31, 0x20, 0x31, 0x30, 0x20, 0x30,
    0x76, 0x33, 0x4d, 0x35, 0x20, 0x31, 0x30, 0x68, 0x31, 0x34, 0x76, 0x31,
    0x31, 0x48, 0x35, 0x7a, 0x22, 0x2f, 0x25, 0x33, 0x45, 0x25, 0x33, 0x43,
    0x2f, 0x73, 0x76, 0x67, 0x25, 0x33, 0x45, 0x27, 0x29, 0x7d, 0x2e, 0x63,
    0x61, 0x72, 0x64, 0x7b, 0x70, 0x61, 0x64, 0x64, 0x69, 0x6e, 0x67, 0x3a,
    0x31, 0x72, 0x65, 0x6d, 0x7d, 0x2e, 0x74, 0x61, 0x62, 0x73, 0x7b, 0x66,
    0x6c, 0x65, 0x78, 0x2d, 0x77, 0x72, 0x61, 0x70, 0x3a, 0x77, 0x72, 0x61,
    0x70, 0x7d, 0x2e, 0x6b, 0x76, 0x7b, 0x67, 0x72, 0x69, 0x64, 0x2d, 0x74,
    0x65, 0x6d, 0x70, 0x6c, 0x61, 0x74, 0x65, 0x2d, 0x63, 0x6f, 0x6c, 0x75,
    0x6d, 0x6e, 0x73, 0x3a, 0x35, 0x2e, 0x35, 0x72, 0x65, 0x6d, 0x20, 0x6d,
    0x69, 0x6e, 0x6d, 0x61, 0x78, 0x28, 0x30, 0x2c, 0x31, 0x66, 0x72, 0x29,
    0x7d, 0x7d, 0x64, 0x69, 0x61, 0x6c, 0x6f, 0x67, 0x7b, 0x77, 0x69, 0x64,
    0x74, 0x68, 0x3a, 0x6d, 0x69, 0x6e, 0x28, 0x35, 0x38, 0x72, 0x65, 0x6d,
    0x2c, 0x39, 0x35, 0x76, 0x77, 0x29, 0x3b, 0x6d, 0x61, 0x78, 0x2d, 0x68,
    0x65, 0x69, 0x67, 0x68, 0x74, 0x3a, 0x39, 0x30, 0x76, 0x68, 0x3b, 0x70,
    0x61, 0x64, 0x64, 0x69, 0x6e, 0x67, 0x3a, 0x31, 0x2e, 0x35, 0x72, 0x65,
    0x6d, 0x3b, 0x62, 0x61, 0x63, 0x6b, 0x67, 0x72, 0x6f, 0x75, 0x6e, 0x64,
    0x3a, 0x23, 0x31, 0x30, 0x31, 0x36, 0x31, 0x39, 0x3b, 0x63, 0x6f, 0x6c,
    0x6f, 0x72, 0x3a, 0x23, 0x65, 0x38, 0x65, 0x65, 0x66, 0x30, 0x3b, 0x62,
    0x6f, 0x72, 0x64, 0x65, 0x72, 0x3a, 0x31, 0x70, 0x78, 0x20, 0x73, 0x6f,
    0x6c, 0x69, 0x64, 0x20, 0x23, 0x34, 0x33, 0x35, 0x35, 0x35, 0x66, 0x3b,
    0x62, 0x6f, 0x72, 0x64, 0x65, 0x72, 0x2d, 0x72, 0x61, 0x64, 0x69, 0x75,
    0x73, 0x3a, 0x2e, 0x36, 0x35, 0x72, 0x65, 0x6d, 0x3b, 0x6f, 0x76, 0x65,
    0x72, 0x66, 0x6c, 0x6f, 0x77, 0x3a, 0x61, 0x75, 0x74, 0x6f, 0x7d, 0x64,
    0x69, 0x61, 0x6c, 0x6f, 0x67, 0x3a, 0x3a, 0x62, 0x61, 0x63, 0x6b, 0x64,
    0x72, 0x6f, 0x70, 0x7b, 0x62, 0x61, 0x63, 0x6b, 0x67, 0x72, 0x6f, 0x75,
    0x6e, 0x64, 0x3a, 0x23, 0x30, 0x30, 0x30, 0x61, 0x7d, 0x2e, 0x6c, 0x69,
    0x73, 0x74, 0x2d, 0x68, 0x65, 0x61, 0x64, 0x2c, 0x2e, 0x72, 0x75, 0x6c,
    0x65, 0x2d, 0x72, 0x6f, 0x77, 0x7b, 0x64, 0x69, 0x73, 0x70, 0x6c, 0x61,
    0x79, 0x3a, 0x67, 0x72, 0x69, 0x64, 0x3b, 0x67, 0x72, 0x69, 0x64, 0x2d,
    0x74, 0x65, 0x6d, 0x70, 0x6c, 0x61, 0x74, 0x65, 0x2d, 0x63, 0x6f, 0x6c,
    0x75, 0x6d, 0x6e, 0x73, 0x3a, 0x6d, 0x69, 0x6e, 0x6d, 0x61, 0x78, 0x28,
    0x30, 0x2c, 0x32, 0x66, 0x72, 0x29, 0x20, 0x6d, 0x69, 0x6e, 0x6d, 0x61,
    0x78, 0x28, 0x30, 0x2c, 0x31, 0x2e, 0x33, 0x66, 0x72, 0x29, 0x20, 0x6d,
    0x69, 0x6e, 0x6d, 0x61, 0x78, 0x28, 0x30, 0x2c, 0x31, 0x2e, 0x33, 0x66,
    0x72, 0x29, 0x20, 0x36, 0x72, 0x65, 0x6d, 0x3b, 0x61, 0x6c, 0x69, 0x67,
    0x6e, 0x2d, 0x69, 0x74, 0x65, 0x6d, 0x73, 0x3a, 0x63, 0x65, 0x6e, 0x74,
    0x65, 0x72, 0x3b, 0x67, 0x61, 0x70, 0x3a, 0x31, 0x72, 0x65, 0x6d, 0x7d,
    0x2e, 0x6c, 0x69, 0x73, 0x74, 0x2d, 0x68, 0x65, 0x61, 0x64, 0x7b, 0x70,
    0x61, 0x64, 0x64, 0x69, 0x6e, 0x67, 0x3a, 0x31, 0x72, 0x65, 0x6d, 0x3b,
    0x63, 0x6f, 0x6c, 0x6f, 0x72, 0x3a, 0x23, 0x39, 0x65, 0x62, 0x33, 0x62,
    0x64, 0x3b, 0x66, 0x6f, 0x6e, 0x74, 0x2d, 0x73, 0x69, 0x7a, 0x65, 0x3a,
    0x2e, 0x37, 0x35, 0x72, 0x65, 0x6d, 0x3b, 0x62, 0x6f, 0x72, 0x64, 0x65,
    0x72, 0x2d, 0x62, 0x6f, 0x74, 0x74, 0x6f, 0x6d, 0x3a, 0x31, 0x70, 0x78,
    0x20, 0x73, 0x6f, 0x6c, 0x69, 0x64, 0x20, 0x23, 0x33, 0x33, 0x34, 0x36,
    0x34, 0x65, 0x7d, 0x2e, 0x72, 0x75, 0x6c, 0x65, 0x2d, 0x72, 0x6f, 0x77,
    0x7b, 0x77, 0x69, 0x64, 0x74, 0x68, 0x3a, 0x31, 0x30, 0x30, 0x25, 0x3b,
    0x74, 0x65, 0x78, 0x74, 0x2d, 0x61, 0x6c, 0x69, 0x67, 0x6e, 0x3a, 0x6c,
    0x65, 0x66, 0x74, 0x3b, 0x62, 0x6f, 0x72, 0x64, 0x65, 0x72, 0x2d, 0x72,
    0x61, 0x64, 0x69, 0x75, 0x73, 0x3a, 0x30, 0x3b, 0x62, 0x6f, 0x72, 0x64,
    0x65, 0x72, 0x2d, 0x62, 0x6f, 0x74, 0x74, 0x6f, 0x6d, 0x3a, 0x31, 0x70,
    0x78, 0x20, 0x73, 0x6f, 0x6c, 0x69, 0x64, 0x20, 0x23, 0x33, 0x33, 0x34,
    0x36, 0x34, 0x65, 0x3b, 0x62, 0x61, 0x63, 0x6b, 0x67, 0x72, 0x6f, 0x75,
    0x6e, 0x64, 0x3a, 0x74, 0x72, 0x61, 0x6e, 0x73, 0x70, 0x61, 0x72, 0x65,
    0x6e, 0x74, 0x3b, 0x63, 0x6f, 0x6c, 0x6f, 0x72, 0x3a, 0x23, 0x65, 0x38,
    0x65, 0x65, 0x66, 0x30, 0x3b, 0x70, 0x61, 0x64, 0x64, 0x69, 0x6e, 0x67,
    0x3a, 0x31, 0x2e, 0x32, 0x35, 0x72, 0x65, 0x6d, 0x20, 0x31, 0x72, 0x65,
    0x6d, 0x3b, 0x66, 0x6f, 0x6e, 0x74, 0x2d, 0x77, 0x65, 0x69, 0x67, 0x68,
    0x74, 0x3a, 0x34, 0x30, 0x30, 0x7d, 0x2e, 0x72, 0x75, 0x6c, 0x65, 0x2d,
    0x72, 0x6f, 0x77, 0x3a, 0x68, 0x6f, 0x76, 0x65, 0x72, 0x7b, 0x62, 0x61,
    0x63, 0x6b, 0x67, 0x72, 0x6f, 0x75, 0x6e, 0x64, 0x3a, 0x23, 0x31, 0x39,
    0x32, 0x33, 0x32, 0x38, 0x7d, 0x2e, 0x72, 0x75, 0x6c, 0x65, 0x2d, 0x6e,
    0x61, 0x6d, 0x65, 0x7b, 0x66, 0x6f, 0x6e, 0x74, 0x2d, 0x77, 0x65, 0x69,
    0x67, 0x68, 0x74, 0x3a, 0x36, 0x30, 0x30, 0x7d, 0x2e, 0x72, 0x75, 0x6c,
    0x65, 0x2d, 0x6d, 0x65, 0x74, 0x61, 0x7b, 0x63, 0x6f, 0x6c, 0x6f, 0x72,
    0x3a, 0x23, 0x61, 0x65, 0x62, 0x66, 0x63, 0x36, 0x3b, 0x66, 0x6f, 0x6e,
    0x74, 0x2d, 0x73, 0x69, 0x7a, 0x65, 0x3a, 0x2e, 0x38, 0x37, 0x35, 0x72,
    0x65, 0x6d, 0x7d, 0x2e, 0x72, 0x75, 0x6c, 0x65, 0x2d, 0x72, 0x6f, 0x77,
    0x20, 0x2e, 0x70, 0x69, 0x6c, 0x6c, 0x7b, 0x6a, 0x75, 0x73, 0x74, 0x69,
    0x66, 0x79, 0x2d, 0x73, 0x65, 0x6c, 0x66, 0x3a, 0x73, 0x74, 0x61, 0x72,
    0x74, 0x7d, 0x2e, 0x65, 0x6d, 0x70, 0x74, 0x79, 0x7b, 0x70, 0x61, 0x64,
    0x64, 0x69, 0x6e, 0x67, 0x3a, 0x33, 0x72, 0x65, 0x6d, 0x20, 0x31, 0x72,
    0x65, 0x6d, 0x3b, 0x62, 0x6f, 0x72, 0x64, 0x65, 0x72, 0x3a, 0x31, 0x70,
    0x78, 0x20, 0x64, 0x61, 0x73, 0x68, 0x65, 0x64, 0x20, 0x23, 0x34, 0x33,
    0x35, 0x35, 0x35, 0x66, 0x3b, 0x62, 0x6f, 0x72, 0x64, 0x65, 0x72, 0x2d,
    0x72, 0x61, 0x64, 0x69, 0x75, 0x73, 0x3a, 0x2e, 0x34, 0x72, 0x65, 0x6d,
    0x3b, 0x74, 0x65, 0x78, 0x74, 0x2d, 0x61, 0x6c, 0x69, 0x67, 0x6e, 0x3a,
    0x63, 0x65, 0x6e, 0x74, 0x65, 0x72, 0x7d, 0x2e, 0x70, 0x61, 0x67, 0x65,
    0x3e, 0x66, 0x69, 0x65, 0x6c, 0x64, 0x73, 0x65, 0x74, 0x3e, 0x64, 0x65,
    0x74, 0x61, 0x69, 0x6c, 0x73, 0x7b, 0x6d, 0x61, 0x72, 0x67, 0x69, 0x6e,
    0x2d, 0x74, 0x6f, 0x70, 0x3a, 0x30, 0x3b, 0x6d, 0x61, 0x72, 0x67, 0x69,
    0x6e, 0x2d, 0x62, 0x6f, 0x74, 0x74, 0x6f, 0x6d, 0x3a, 0x31, 0x2e, 0x32,
    0x72, 0x65, 0x6d, 0x7d, 0x2e, 0x70, 0x61, 0x67, 0x65, 0x3e, 0x66, 0x69,
    0x65, 0x6c, 0x64, 0x73, 0x65, 0x74, 0x3e, 0x64, 0x65, 0x74, 0x61, 0x69,
    0x6c, 0x73, 0x3e, 0x73, 0x75, 0x6d, 0x6d, 0x61, 0x72, 0x79, 0x7b, 0x70,
    0x61, 0x64, 0x64, 0x69, 0x6e, 0x67, 0x3a, 0x2e, 0x35, 0x72, 0x65, 0x6d,
    0x20, 0x30, 0x3b, 0x66, 0x6f, 0x6e, 0x74, 0x2d, 0x73, 0x69, 0x7a, 0x65,
    0x3a, 0x31, 0x72, 0x65, 0x6d, 0x3b, 0x66, 0x6f, 0x6e, 0x74, 0x2d, 0x77,
    0x65, 0x69, 0x67, 0x68, 0x74, 0x3a, 0x36, 0x30, 0x30, 0x7d, 0x40, 0x6d,
    0x65, 0x64, 0x69, 0x61, 0x28, 0x6d, 0x61, 0x78, 0x2d, 0x77, 0x69, 0x64,
    0x74, 0x68, 0x3a, 0x31, 0x30, 0x30, 0x30, 0x70, 0x78, 0x29, 0x7b, 0x2e,
    0x6c, 0x69, 0x73, 0x74, 0x2d, 0x68, 0x65, 0x61, 0x64, 0x7b, 0x64, 0x69,
    0x73, 0x70, 0x6c, 0x61, 0x79, 0x3a, 0x6e, 0x6f, 0x6e, 0x65, 0x7d, 0x2e,
    0x72, 0x75, 0x6c, 0x65, 0x2d, 0x72, 0x6f, 0x77, 0x7b, 0x67, 0x72, 0x69,
    0x64, 0x2d, 0x74, 0x65, 0x6d, 0x70, 0x6c, 0x61, 0x74, 0x65, 0x2d, 0x63,
    0x6f, 0x6c, 0x75, 0x6d, 0x6e, 0x73, 0x3a, 0x6d, 0x69, 0x6e, 0x6d, 0x61,
    0x78, 0x28, 0x30, 0x2c, 0x31, 0x66, 0x72, 0x29, 0x20, 0x61, 0x75, 0x74,
    0x6f, 0x3b, 0x67, 0x61, 0x70, 0x3a, 0x2e, 0x34, 0x72, 0x65, 0x6d, 0x7d,
    0x2e, 0x72, 0x75, 0x6c, 0x65, 0x2d, 0x72, 0x6f, 0x77, 0x20, 0x2e, 0x72,
    0x75, 0x6c, 0x65, 0x2d, 0x6e, 0x61, 0x6d, 0x65, 0x7b, 0x67, 0x72, 0x69,
    0x64, 0x2d, 0x63, 0x6f, 0x6c, 0x75, 0x6d, 0x6e, 0x3a, 0x31, 0x7d, 0x2e,
    0x72, 0x75, 0x6c, 0x65, 0x2d, 0x72, 0x6f, 0x77, 0x20, 0x2e, 0x72, 0x75,
    0x6c, 0x65, 0x2d, 0x6d, 0x65, 0x74, 0x61, 0x7b, 0x67, 0x72, 0x69, 0x64,
    0x2d, 0x63, 0x6f, 0x6c, 0x75, 0x6d, 0x6e, 0x3a, 0x31, 0x7d, 0x2e, 0x72,
    0x75, 0x6c, 0x65, 0x2d, 0x72, 0x6f, 0x77, 0x20, 0x2e, 0x70, 0x69, 0x6c,
    0x6c, 0x7b, 0x67, 0x72, 0x69, 0x64, 0x2d, 0x63, 0x6f, 0x6c, 0x75, 0x6d,
    0x6e, 0x3a, 0x32, 0x3b, 0x67, 0x72, 0x69, 0x64, 0x2d, 0x72, 0x6f, 0x77,
    0x3a, 0x31, 0x2f, 0x34, 0x7d, 0x64, 0x69, 0x61, 0x6c, 0x6f, 0x67, 0x7b,
    0x70, 0x61, 0x64, 0x64, 0x69, 0x6e, 0x67, 0x3a, 0x31, 0x72, 0x65, 0x6d,
    0x3b, 0x77, 0x69, 0x64, 0x74, 0x68, 0x3a, 0x39, 0x35, 0x76, 0x77, 0x7d,
    0x2e, 0x72, 0x75, 0x6c, 0x65, 0x2d, 0x72, 0x6f, 0x77, 0x20, 0x73, 0x70,
    0x61, 0x6e, 0x7b, 0x6f, 0x76, 0x65, 0x72, 0x66, 0x6c, 0x6f, 0x77, 0x2d,
    0x77, 0x72, 0x61, 0x70, 0x3a, 0x61, 0x6e, 0x79, 0x77, 0x68, 0x65, 0x72,
    0x65, 0x7d, 0x7d, 0x40, 0x6d, 0x65, 0x64, 0x69, 0x61, 0x28, 0x70, 0x72,
    0x65, 0x66, 0x65, 0x72, 0x73, 0x2d, 0x72, 0x65, 0x64, 0x75, 0x63, 0x65,
    0x64, 0x2d, 0x6d, 0x6f, 0x74, 0x69, 0x6f, 0x6e, 0x3a, 0x72, 0x65, 0x64,
    0x75, 0x63, 0x65, 0x29, 0x7b, 0x2e, 0x72, 0x61, 0x69, 0x6c, 0x2c, 0x2e,
    0x72, 0x61, 0x69, 0x6c, 0x3a, 0x3a, 0x62, 0x61, 0x63, 0x6b, 0x64, 0x72,
    0x6f, 0x70, 0x7b, 0x74, 0x72, 0x61, 0x6e, 0x73, 0x69, 0x74, 0x69, 0x6f,
    0x6e, 0x3a, 0x6e, 0x6f, 0x6e, 0x65, 0x7d, 0x7d, 0x3c, 0x2f, 0x73, 0x74,
    0x79, 0x6c, 0x65, 0x3e, 0x3c, 0x2f, 0x68, 0x65, 0x61, 0x64, 0x3e, 0x3c,
    0x62, 0x6f, 0x64, 0x79, 0x3e, 0x3c, 0x61, 0x20, 0x63, 0x6c, 0x61, 0x73,
    0x73, 0x3d, 0x22, 0x73, 0x6b, 0x69, 0x70, 0x22, 0x20, 0x68, 0x72, 0x65,
    0x66, 0x3d, 0x22, 0x23, 0x63, 0x6f, 0x6e, 0x74, 0x65, 0x6e, 0x74, 0x22,
    0x3e, 0x53, 0x6b, 0x69, 0x70, 0x20, 0x74, 0x6f, 0x20, 0x63, 0x6f, 0x6e,
    0x74, 0x72, 0x6f, 0x6c, 0x73, 0x3c, 0x2f, 0x61, 0x3e, 0x3c, 0x61, 0x73,
    0x69, 0x64, 0x65, 0x20, 0x69, 0x64, 0x3d, 0x22, 0x6d, 0x6f, 0x62, 0x69,
    0x6c, 0x65, 0x5f, 0x6e, 0x61, 0x76, 0x22, 0x20, 0x63, 0x6c, 0x61, 0x73,
    0x73, 0x3d, 0x22, 0x72, 0x61, 0x69, 0x6c, 0x22, 0x3e, 0x3c, 0x61, 0x20,
    0x63, 0x6c, 0x61, 0x73, 0x73, 0x3d, 0x22, 0x62, 0x72, 0x61, 0x6e, 0x64,
    0x22, 0x20, 0x68, 0x72, 0x65, 0x66, 0x3d, 0x22, 0x23, 0x61, 0x75, 0x74,
    0x6f, 0x6d, 0x61, 0x74, 0x69, 0x6f, 0x6e, 0x73, 0x22, 0x3e, 0x53, 0x74,
    0x69, 0x63, 0x6b, 0x53, 0x33, 0x3c, 0x73, 0x70, 0x61, 0x6e, 0x3e, 0x41,
    0x55, 0x54, 0x4f, 0x4d, 0x41, 0x54, 0x49, 0x4f, 0x4e, 0x53, 0x3c, 0x2f,
    0x73, 0x70, 0x61, 0x6e, 0x3e, 0x3c, 0x2f, 0x61, 0x3e, 0x3c, 0x62, 0x75,
    0x74, 0x74, 0x6f, 0x6e, 0x20, 0x70, 0x6f, 0x70, 0x6f, 0x76, 0x65, 0x72,
    0x74, 0x61, 0x72, 0x67, 0x65, 0x74, 0x3d, 0x22, 0x6d, 0x6f, 0x62, 0x69,
    0x6c, 0x65, 0x5f, 0x6e, 0x61, 0x76, 0x22, 0x20, 0x70, 0x6f, 0x70, 0x6f,
    0x76, 0x65, 0x72, 0x74, 0x61, 0x72, 0x67, 0x65, 0x74, 0x61, 0x63, 0x74,
    0x69, 0x6f, 0x6e, 0x3d, 0x22, 0x68, 0x69, 0x64, 0x65, 0x22, 0x3e, 0x43,
    0x6c, 0x6f, 0x73, 0x65, 0x3c, 0x2f, 0x62, 0x75, 0x74, 0x74, 0x6f, 0x6e,
    0x3e, 0x3c, 0x6e, 0x61, 0x76, 0x20, 0x61, 0x72, 0x69, 0x61, 0x2d, 0x6c,
    0x61, 0x62, 0x65, 0x6c, 0x3d, 0x22, 0x53, 0x65, 0x63, 0x74, 0x69, 0x6f,
    0x6e, 0x73, 0x22, 0x3e, 0x3c, 0x61, 0x20, 0x68, 0x72, 0x65, 0x66, 0x3d,
    0x22, 0x23, 0x61, 0x75, 0x74, 0x6f, 0x6d, 0x61, 0x74, 0x69, 0x6f, 0x6e,
    0x73, 0x22, 0x20, 0x64, 0x61, 0x74, 0x61, 0x2d, 0x76, 0x69, 0x65, 0x77,
    0x3d, 0x22, 0x61, 0x75, 0x74, 0x6f, 0x6d, 0x61, 0x74, 0x69, 0x6f, 0x6e,
    0x73, 0x22, 0x20, 0x61, 0x72, 0x69, 0x61, 0x2d, 0x63, 0x75, 0x72, 0x72,
    0x65, 0x6e, 0x74, 0x3d, 0x22, 0x70, 0x61, 0x67, 0x65, 0x22, 0x3e, 0x41,
    0x75, 0x74, 0x6f, 0x6d, 0x61, 0x74, 0x69, 0x6f, 0x6e, 0x73, 0x3c, 0x2f,
    0x61, 0x3e, 0x3c, 0x61, 0x20, 0x68, 0x72, 0x65, 0x66, 0x3d, 0x22, 0x23,
    0x73, 0x65, 0x74, 0x74, 0x69, 0x6e, 0x67, 0x73, 0x22, 0x20, 0x64, 0x61,
    0x74, 0x61, 0x2d, 0x76, 0x69, 0x65, 0x77, 0x3d, 0x22, 0x73, 0x65, 0x74,
    0x74, 0x69, 0x6e, 0x67, 0x73, 0x22, 0x3e, 0x53, 0x65, 0x74, 0x74, 0x69,
    0x6e, 0x67, 0x73, 0x3c, 0x2f, 0x61, 0x3e, 0x3c, 0x2f, 0x6e, 0x61, 0x76,
    0x3e, 0x3c, 0x2f, 0x61, 0x73, 0x69, 0x64, 0x65, 0x3e, 0x3c, 0x6d, 0x61,
    0x69, 0x6e, 0x20, 0x69, 0x64, 0x3d, 0x22, 0x63, 0x6f, 0x6e, 0x74, 0x65,
    0x6e, 0x74, 0x22, 0x3e, 0x3c, 0x68, 0x65, 0x61, 0x64, 0x65, 0x72, 0x3e,
    0x3c, 0x62, 0x75, 0x74, 0x74, 0x6f, 0x6e, 0x20, 0x69, 0x64, 0x3d, 0x22,
    0x6e, 0x61, 0x76, 0x5f, 0x74, 0x6f, 0x67, 0x67, 0x6c, 0x65, 0x22, 0x20,
    0x70, 0x6f, 0x70, 0x6f, 0x76, 0x65, 0x72, 0x74, 0x61, 0x72, 0x67, 0x65,
    0x74, 0x3d, 0x22, 0x6d, 0x6f, 0x62, 0x69, 0x6c, 0x65, 0x5f, 0x6e, 0x61,
    0x76, 0x22, 0x3e, 0x4d, 0x65, 0x6e, 0x75, 0x3c, 0x2f, 0x62, 0x75, 0x74,
    0x74, 0x6f, 0x6e, 0x3e, 0x3c, 0x64, 0x69, 0x76, 0x3e, 0x3c, 0x68, 0x31,
    0x20, 0x69, 0x64, 0x3d, 0x22, 0x70, 0x61, 0x67, 0x65, 0x5f, 0x74, 0x69,
    0x74, 0x6c, 0x65, 0x22, 0x3e, 0x41, 0x75, 0x74, 0x6f, 0x6d, 0x61, 0x74,
    0x69, 0x6f, 0x6e, 0x73, 0x3c, 0x2f, 0x68, 0x31, 0x3e, 0x3c, 0x2f, 0x64,
    0x69, 0x76, 0x3e, 0x3c, 0x64, 0x69, 0x76, 0x20, 0x63, 0x6c, 0x61, 0x73,
    0x73, 0x3d, 0x22, 0x61, 0x63, 0x74, 0x69, 0x6f, 0x6e, 0x73, 0x22, 0x3e,
    0x3c, 0x73, 0x70, 0x61, 0x6e, 0x20, 0x69, 0x64, 0x3d, 0x22, 0x63, 0x6f,
    0x6e, 0x6e, 0x65, 0x63, 0x74, 0x69, 0x6f, 0x6e, 0x5f, 0x70, 0x69, 0x6c,
    0x6c, 0x22, 0x20, 0x63, 0x6c, 0x61, 0x73, 0x73, 0x3d, 0x22, 0x70, 0x69,
    0x6c, 0x6c, 0x22, 0x3e, 0x4c, 0x6f, 0x63, 0x6b, 0x65, 0x64, 0x3c, 0x2f,
    0x73, 0x70, 0x61, 0x6e, 0x3e, 0x3c, 0x62, 0x75, 0x74, 0x74, 0x6f, 0x6e,
    0x20, 0x69, 0x64, 0x3d, 0x22, 0x72, 0x65, 0x66, 0x72, 0x65, 0x73, 0x68,
    0x22, 0x20, 0x63, 0x6c, 0x61, 0x73, 0x73, 0x3d, 0x22, 0x73, 0x65, 0x63,
    0x6f, 0x6e, 0x64, 0x61, 0x72, 0x79, 0x22, 0x20, 0x64, 0x69, 0x73, 0x61,
    0x62, 0x6c, 0x65, 0x64, 0x3e, 0x52, 0x65, 0x66, 0x72, 0x65, 0x73, 0x68,
    0x3c, 0x2f, 0x62, 0x75, 0x74, 0x74, 0x6f, 0x6e, 0x3e, 0x3c, 0x62, 0x75,
    0x74, 0x74, 0x6f, 0x6e, 0x20, 0x69, 0x64, 0x3d, 0x22, 0x6c, 0x6f, 0x63,
    0x6b, 0x5f, 0x64, 0x65, 0x76, 0x69, 0x63, 0x65, 0x22, 0x20, 0x63, 0x6c,
    0x61, 0x73, 0x73, 0x3d, 0x22, 0x73, 0x65, 0x63, 0x6f, 0x6e, 0x64, 0x61,
    0x72, 0x79, 0x22, 0x20, 0x64, 0x69, 0x73, 0x61, 0x62, 0x6c, 0x65, 0x64,
    0x3e, 0x4c, 0x6f, 0x63, 0x6b, 0x3c, 0x2f, 0x62, 0x75, 0x74, 0x74, 0x6f,
    0x6e, 0x3e, 0x3c, 0x2f, 0x64, 0x69, 0x76, 0x3e, 0x3c, 0x2f, 0x68, 0x65,
    0x61, 0x64, 0x65, 0x72, 0x3e, 0x3c, 0x64, 0x69, 0x76, 0x20, 0x69, 0x64,
    0x3d, 0x22, 0x62, 0x61, 0x6e, 0x6e, 0x65, 0x72, 0x22, 0x20, 0x63, 0x6c,
    0x61, 0x73, 0x73, 0x3d, 0x22, 0x62, 0x61, 0x6e, 0x6e, 0x65, 0x72, 0x20,
    0x69, 0x6e, 0x66, 0x6f, 0x22, 0x20, 0x72, 0x6f, 0x6c, 0x65, 0x3d, 0x22,
    0x73, 0x74, 0x61, 0x74, 0x75, 0x73, 0x22, 0x20, 0x61, 0x72, 0x69, 0x61,
    0x2d, 0x6c, 0x69, 0x76, 0x65, 0x3d, 0x22, 0x70, 0x6f, 0x6c, 0x69, 0x74,
    0x65, 0x22, 0x3e, 0x3c, 0x2f, 0x64, 0x69, 0x76, 0x3e, 0x3c, 0x73, 0x65,
    0x63, 0x74, 0x69, 0x6f, 0x6e, 0x20, 0x69, 0x64, 0x3d, 0x22, 0x75, 0x6e,
    0x6c, 0x6f, 0x63, 0x6b, 0x5f, 0x70, 0x61, 0x6e, 0x65, 0x6c, 0x22, 0x20,
    0x63, 0x6c, 0x61, 0x73, 0x73, 0x3d, 0x22, 0x63, 0x61, 0x72, 0x64, 0x20,
    0x75, 0x6e, 0x6c, 0x6f, 0x63, 0x6b, 0x22, 0x3e, 0x3c, 0x64, 0x69, 0x76,
    0x3e, 0x3c, 0x68, 0x32, 0x3e, 0x55, 0x6e, 0x6c, 0x6f, 0x63, 0x6b, 0x20,
    0x79, 0x6f, 0x75, 0x72, 0x20, 0x64, 0x65, 0x76, 0x69, 0x63, 0x65, 0x3c,
    0x2f, 0x68, 0x32, 0x3e, 0x3c, 0x70, 0x3e, 0x45, 0x6e, 0x74, 0x65, 0x72,
    0x20, 0x74, 0x68, 0x65, 0x20, 0x63, 0x6f, 0x64, 0x65, 0x20, 0x6f, 0x6e,
    0x20, 0x79, 0x6f, 0x75, 0x72, 0x20, 0x64, 0x65, 0x76, 0x69, 0x63, 0x65,
    0x2e, 0x20, 0x49, 0x74, 0x20, 0x63, 0x68, 0x61, 0x6e, 0x67, 0x65, 0x73,
    0x20, 0x6f, 0x6e, 0x20, 0x72, 0x65, 0x6f, 0x70, 0x65, 0x6e, 0x69, 0x6e,
    0x67, 0x2e, 0x3c, 0x2f, 0x70, 0x3e, 0x3c, 0x2f, 0x64, 0x69, 0x76, 0x3e,
    0x3c, 0x66, 0x6f, 0x72, 0x6d, 0x20, 0x69, 0x64, 0x3d, 0x22, 0x75, 0x6e,
    0x6c, 0x6f, 0x63, 0x6b, 0x5f, 0x66, 0x6f, 0x72, 0x6d, 0x22, 0x3e, 0x3c,
    0x6c, 0x61, 0x62, 0x65, 0x6c, 0x20, 0x66, 0x6f, 0x72, 0x3d, 0x22, 0x64,
    0x65, 0x76, 0x69, 0x63, 0x65, 0x5f, 0x63, 0x6f, 0x64, 0x65, 0x22, 0x3e,
    0x44, 0x65, 0x76, 0x69, 0x63, 0x65, 0x20, 0x63, 0x6f, 0x64, 0x65, 0x3c,
    0x2f, 0x6c, 0x61, 0x62, 0x65, 0x6c, 0x3e, 0x3c, 0x64, 0x69, 0x76, 0x20,
    0x63, 0x6c, 0x61, 0x73, 0x73, 0x3d, 0x22, 0x61, 0x63, 0x74, 0x69, 0x6f,
    0x6e, 0x73, 0x22, 0x3e, 0x3c, 0x69, 0x6e, 0x70, 0x75, 0x74, 0x20, 0x69,
    0x64, 0x3d, 0x22, 0x64, 0x65, 0x76, 0x69, 0x63, 0x65, 0x5f, 0x63, 0x6f,
    0x64, 0x65, 0x22, 0x20, 0x61, 0x75, 0x74, 0x6f, 0x63, 0x6f, 0x6d, 0x70,
    0x6c, 0x65, 0x74, 0x65, 0x3d, 0x22, 0x6f, 0x66, 0x66, 0x22, 0x20, 0x6d,
    0x61, 0x78, 0x6c, 0x65, 0x6e, 0x67, 0x74, 0x68, 0x3d, 0x22, 0x31, 0x36,
    0x22, 0x20, 0x6d, 0x69, 0x6e, 0x6c, 0x65, 0x6e, 0x67, 0x74, 0x68, 0x3d,
    0x22, 0x31, 0x36, 0x22, 0x20, 0x70, 0x61, 0x74, 0x74, 0x65, 0x72, 0x6e,
    0x3d, 0x22, 0x5b, 0x61, 0x2d, 0x66, 0x41, 0x2d, 0x46, 0x30, 0x2d, 0x39,
    0x5d, 0x7b, 0x31, 0x36, 0x7d, 0x22, 0x20, 0x72, 0x65, 0x71, 0x75, 0x69,
    0x72, 0x65, 0x64, 0x20, 0x61, 0x75, 0x74, 0x6f, 0x63, 0x61, 0x70, 0x69,
    0x74, 0x61, 0x6c, 0x69, 0x7a, 0x65, 0x3d, 0x22, 0x6e, 0x6f, 0x6e, 0x65,
    0x22, 0x20, 0x73, 0x70, 0x65, 0x6c, 0x6c, 0x63, 0x68, 0x65, 0x63, 0x6b,
    0x3d, 0x22, 0x66, 0x61, 0x6c, 0x73, 0x65, 0x22, 0x3e, 0x3c, 0x62, 0x75,
    0x74, 0x74, 0x6f, 0x6e, 0x20, 0x69, 0x64, 0x3d, 0x22, 0x75, 0x6e, 0x6c,
    0x6f, 0x63, 0x6b, 0x5f, 0x64, 0x65, 0x76, 0x69, 0x63, 0x65, 0x22, 0x20,
    0x74, 0x79, 0x70, 0x65, 0x3d, 0x22, 0x73, 0x75, 0x62, 0x6d, 0x69, 0x74,
    0x22, 0x3e, 0x55, 0x6e, 0x6c, 0x6f, 0x63, 0x6b, 0x3c, 0x2f, 0x62, 0x75,
    0x74, 0x74, 0x6f, 0x6e, 0x3e, 0x3c, 0x2f, 0x64, 0x69, 0x76, 0x3e, 0x3c,
    0x2f, 0x66, 0x6f, 0x72, 0x6d, 0x3e, 0x3c, 0x2f, 0x73, 0x65, 0x63, 0x74,
    0x69, 0x6f, 0x6e, 0x3e, 0x3c, 0x73, 0x65, 0x63, 0x74, 0x69, 0x6f, 0x6e,
    0x20, 0x63, 0x6c, 0x61, 0x73, 0x73, 0x3d, 0x22, 0x70, 0x61, 0x67, 0x65,
    0x22, 0x20, 0x64, 0x61, 0x74, 0x61, 0x2d, 0x70, 0x61, 0x67, 0x65, 0x3d,
    0x22, 0x61, 0x75, 0x74, 0x6f, 0x6d, 0x61, 0x74, 0x69, 0x6f, 0x6e, 0x73,
    0x22, 0x3e, 0x3c, 0x66, 0x69, 0x65, 0x6c, 0x64, 0x73, 0x65, 0x74, 0x20,
    0x63, 0x6c, 0x61, 0x73, 0x73, 0x3d, 0x22, 0x63, 0x6f, 0x6e, 0x74, 0x72,
    0x6f, 0x6c, 0x73, 0x22, 0x20, 0x64, 0x69, 0x73, 0x61, 0x62, 0x6c, 0x65,
    0x64, 0x20, 0x61, 0x72, 0x69, 0x61, 0x2d, 0x6c, 0x61, 0x62, 0x65, 0x6c,
    0x3d, 0x22, 0x41, 0x75, 0x74, 0x6f, 0x6d, 0x61, 0x74, 0x69, 0x6f, 0x6e,
    0x73, 0x22, 0x3e, 0x3c, 0x64, 0x69, 0x76, 0x20, 0x63, 0x6c, 0x61, 0x73,
    0x73, 0x3d, 0x22, 0x73, 0x65, 0x63, 0x74, 0x69, 0x6f, 0x6e, 0x2d, 0x68,
    0x65, 0x61, 0x64, 0x22, 0x3e, 0x3c, 0x64, 0x69, 0x76, 0x3e, 0x3c, 0x68,
    0x32, 0x3e, 0x59, 0x6f, 0x75, 0x72, 0x20, 0x61, 0x75, 0x74, 0x6f, 0x6d,
    0x61, 0x74, 0x69, 0x6f, 0x6e, 0x73, 0x3c, 0x2f, 0x68, 0x32, 0x3e, 0x3c,
    0x70, 0x20, 0x69, 0x64, 0x3d, 0x22, 0x72, 0x75, 0x6c, 0x65, 0x5f, 0x63,
    0x6f, 0x75, 0x6e, 0x74, 0x22, 0x3e, 0x55, 0x6e, 0x6c, 0x6f, 0x63, 0x6b,
    0x20, 0x74, 0x6f, 0x20, 0x6c, 0x6f, 0x61, 0x64, 0x20, 0x73, 0x61, 0x76,
    0x65, 0x64, 0x20, 0x61, 0x75, 0x74, 0x6f, 0x6d, 0x61, 0x74, 0x69, 0x6f,
    0x6e, 0x73, 0x2e, 0x3c, 0x2f, 0x70, 0x3e, 0x3c, 0x2f, 0x64, 0x69, 0x76,
    0x3e, 0x3c, 0x62, 0x75, 0x74, 0x74, 0x6f, 0x6e, 0x20, 0x69, 0x64, 0x3d,
    0x22, 0x6e, 0x65, 0x77, 0x5f, 0x61, 0x75, 0x74, 0x6f, 0x6d, 0x61, 0x74,
    0x69, 0x6f, 0x6e, 0x22, 0x3e, 0x4e, 0x65, 0x77, 0x20, 0x61, 0x75, 0x74,
    0x6f, 0x6d, 0x61, 0x74, 0x69, 0x6f, 0x6e, 0x3c, 0x2f, 0x62, 0x75, 0x74,
    0x74, 0x6f, 0x6e, 0x3e, 0x3c, 0x2f, 0x64, 0x69, 0x76, 0x3e, 0x3c, 0x64,
    0x69, 0x76, 0x20, 0x63, 0x6c, 0x61, 0x73, 0x73, 0x3d, 0x22, 0x6c, 0x69,
    0x73, 0x74, 0x2d, 0x68, 0x65, 0x61, 0x64, 0x22, 0x20, 0x61, 0x72, 0x69,
    0x61, 0x2d, 0x68, 0x69, 0x64, 0x64, 0x65, 0x6e, 0x3d, 0x22, 0x74, 0x72,
    0x75, 0x65, 0x22, 0x3e, 0x3c, 0x73, 0x70, 0x61, 0x6e, 0x3e, 0x41, 0x75,
    0x74, 0x6f, 0x6d, 0x61, 0x74, 0x69, 0x6f, 0x6e, 0x3c, 0x2f, 0x73, 0x70,
    0x61, 0x6e, 0x3e, 0x3c, 0x73, 0x70, 0x61, 0x6e, 0x3e, 0x57, 0x68, 0x65,
    0x6e, 0x3c, 0x2f, 0x73, 0x70, 0x61, 0x6e, 0x3e, 0x3c, 0x73, 0x70, 0x61,
    0x6e, 0x3e, 0x41, 0x63, 0x74, 0x69, 0x6f, 0x6e, 0x3c, 0x2f, 0x73, 0x70,
    0x61, 0x6e, 0x3e, 0x3c, 0x73, 0x70, 0x61, 0x6e, 0x3e, 0x53, 0x74, 0x61,
    0x74, 0x75, 0x73, 0x3c, 0x2f, 0x73, 0x70, 0x61, 0x6e, 0x3e, 0x3c, 0x2f,
    0x64, 0x69, 0x76, 0x3e, 0x3c, 0x64, 0x69, 0x76, 0x20, 0x69, 0x64, 0x3d,
    0x22, 0x72, 0x75, 0x6c, 0x65, 0x5f, 0x6c, 0x69, 0x73, 0x74, 0x22, 0x20,
    0x61, 0x72, 0x69, 0x61, 0x2d, 0x6c, 0x69, 0x76, 0x65, 0x3d, 0x22, 0x70,
    0x6f, 0x6c, 0x69, 0x74, 0x65, 0x22, 0x3e, 0x3c, 0x70, 0x20, 0x63, 0x6c,
    0x61, 0x73, 0x73, 0x3d, 0x22, 0x65, 0x6d, 0x70, 0x74, 0x79, 0x22, 0x3e,
    0x59, 0x6f, 0x75, 0x72, 0x20, 0x73, 0x61, 0x76, 0x65, 0x64, 0x20, 0x61,
    0x75, 0x74, 0x6f, 0x6d, 0x61, 0x74, 0x69, 0x6f, 0x6e, 0x73, 0x20, 0x77,
    0x69, 0x6c, 0x6c, 0x20, 0x61, 0x70, 0x70, 0x65, 0x61, 0x72, 0x20, 0x68,
    0x65, 0x72, 0x65, 0x2e, 0x3c, 0x2f, 0x70, 0x3e, 0x3c, 0x2f, 0x64, 0x69,
    0x76, 0x3e, 0x3c, 0x2f, 0x66, 0x69, 0x65, 0x6c, 0x64, 0x73, 0x65, 0x74,
    0x3e, 0x3c, 0x2f, 0x73, 0x65, 0x63, 0x74, 0x69, 0x6f, 0x6e, 0x3e, 0x3c,
    0x73, 0x65, 0x63, 0x74, 0x69, 0x6f, 0x6e, 0x20, 0x63, 0x6c, 0x61, 0x73,
    0x73, 0x3d, 0x22, 0x70, 0x61, 0x67, 0x65, 0x22, 0x20, 0x64, 0x61, 0x74,
    0x61, 0x2d, 0x70, 0x61, 0x67, 0x65, 0x3d, 0x22, 0x73, 0x65, 0x74, 0x74,
    0x69, 0x6e, 0x67, 0x73, 0x22, 0x20, 0x68, 0x69, 0x64, 0x64, 0x65, 0x6e,
    0x3e, 0x3c, 0x66, 0x69, 0x65, 0x6c, 0x64, 0x73, 0x65, 0x74, 0x20, 0x63,
    0x6c, 0x61, 0x73, 0x73, 0x3d, 0x22, 0x63, 0x6f, 0x6e, 0x74, 0x72, 0x6f,
    0x6c, 0x73, 0x22, 0x20, 0x64, 0x69, 0x73, 0x61, 0x62, 0x6c, 0x65, 0x64,
    0x20, 0x61, 0x72, 0x69, 0x61, 0x2d, 0x6c, 0x61, 0x62, 0x65, 0x6c, 0x3d,
    0x22, 0x53, 0x65, 0x74, 0x74, 0x69, 0x6e, 0x67, 0x73, 0x22, 0x3e, 0x3c,
    0x64, 0x65, 0x74, 0x61, 0x69, 0x6c, 0x73, 0x20, 0x69, 0x64, 0x3d, 0x22,
    0x6e, 0x65, 0x74, 0x77, 0x6f, 0x72, 0x6b, 0x5f, 0x73, 0x65, 0x74, 0x74,
    0x69, 0x6e, 0x67, 0x73, 0x22, 0x20, 0x6f, 0x70, 0x65, 0x6e, 0x3e, 0x3c,
    0x73, 0x75, 0x6d, 0x6d, 0x61, 0x72, 0x79, 0x3e, 0x4e, 0x65, 0x74, 0x77,
    0x6f, 0x72, 0x6b, 0x20, 0x63, 0x6f, 0x6e, 0x6e, 0x65, 0x63, 0x74, 0x69,
    0x6f, 0x6e, 0x3c, 0x2f, 0x73, 0x75, 0x6d, 0x6d, 0x61, 0x72, 0x79, 0x3e,
    0x3c, 0x64, 0x69, 0x76, 0x20, 0x63, 0x6c, 0x61, 0x73, 0x73, 0x3d, 0x22,
    0x63, 0x61, 0x72, 0x64, 0x22, 0x3e, 0x3c, 0x68, 0x32, 0x3e, 0x43, 0x6f,
    0x6e, 0x6e, 0x65, 0x63, 0x74, 0x69, 0x6f, 0x6e, 0x3c, 0x2f, 0x68, 0x32,
    0x3e, 0x3c, 0x64, 0x69, 0x76, 0x20, 0x69, 0x64, 0x3d, 0x22, 0x6e, 0x65,
    0x74, 0x5f, 0x73, 0x75, 0x6d, 0x6d, 0x61, 0x72, 0x79, 0x22, 0x20, 0x63,
    0x6c, 0x61, 0x73, 0x73, 0x3d, 0x22, 0x6b, 0x76, 0x22, 0x3e, 0x3c, 0x62,
    0x3e, 0x4d, 0x6f, 0x64, 0x65, 0x3c, 0x2f, 0x62, 0x3e, 0x3c, 0x73, 0x70,
    0x61, 0x6e, 0x3e, 0x55, 0x6e, 0x6c, 0x6f, 0x63, 0x6b, 0x20, 0x74, 0x6f,
    0x20, 0x6c, 0x6f, 0x61, 0x64, 0x20, 0x63, 0x6f, 0x6e, 0x6e, 0x65, 0x63,
    0x74, 0x69, 0x6f, 0x6e, 0x20, 0x64, 0x65, 0x74, 0x61, 0x69, 0x6c, 0x73,
    0x3c, 0x2f, 0x73, 0x70, 0x61, 0x6e, 0x3e, 0x3c, 0x2f, 0x64, 0x69, 0x76,
    0x3e, 0x3c, 0x2f, 0x64, 0x69, 0x76, 0x3e, 0x3c, 0x6e, 0x61, 0x76, 0x20,
    0x63, 0x6c, 0x61, 0x73, 0x73, 0x3d, 0x22, 0x74, 0x61, 0x62, 0x73, 0x22,
    0x20, 0x61, 0x72, 0x69, 0x61, 0x2d, 0x6c, 0x61, 0x62, 0x65, 0x6c, 0x3d,
    0x22, 0x43, 0x6f, 0x6e, 0x6e, 0x65, 0x63, 0x74, 0x69, 0x6f, 0x6e, 0x20,
    0x6d, 0x6f, 0x64, 0x65, 0x22, 0x3e, 0x3c, 0x62, 0x75, 0x74, 0x74, 0x6f,
    0x6e, 0x20, 0x69, 0x64, 0x3d, 0x22, 0x74, 0x61, 0x62, 0x5f, 0x77, 0x69,
    0x66, 0x69, 0x22, 0x20, 0x61, 0x72, 0x69, 0x61, 0x2d, 0x70, 0x72, 0x65,
    0x73, 0x73, 0x65, 0x64, 0x3d, 0x22, 0x74, 0x72, 0x75, 0x65, 0x22, 0x20,
    0x63, 0x6c, 0x61, 0x73, 0x73, 0x3d, 0x22, 0x73, 0x65, 0x6c, 0x65, 0x63,
    0x74, 0x65, 0x64, 0x22, 0x3e, 0x57, 0x69, 0x2d, 0x46, 0x69, 0x3c, 0x2f,
    0x62, 0x75, 0x74, 0x74, 0x6f, 0x6e, 0x3e, 0x3c, 0x62, 0x75, 0x74, 0x74,
    0x6f, 0x6e, 0x20, 0x69, 0x64, 0x3d, 0x22, 0x74, 0x61, 0x62, 0x5f, 0x61,
    0x70, 0x22, 0x20, 0x61, 0x72, 0x69, 0x61, 0x2d, 0x70, 0x72, 0x65, 0x73,
    0x73, 0x65, 0x64, 0x3d, 0x22, 0x66, 0x61, 0x6c, 0x73, 0x65, 0x22, 0x3e,
    0x53, 0x65, 0x74, 0x75, 0x70, 0x20, 0x68, 0x6f, 0x74, 0x73, 0x70, 0x6f,
    0x74, 0x3c, 0x2f, 0x62, 0x75, 0x74, 0x74, 0x6f, 0x6e, 0x3e, 0x3c, 0x62,
    0x75, 0x74, 0x74, 0x6f, 0x6e, 0x20, 0x69, 0x64, 0x3d, 0x22, 0x74, 0x61,
    0x62, 0x5f, 0x6e, 0x65, 0x74, 0x5f, 0x73, 0x74, 0x61, 0x74, 0x75, 0x73,
    0x22, 0x20, 0x61, 0x72, 0x69, 0x61, 0x2d, 0x70, 0x72, 0x65, 0x73, 0x73,
    0x65, 0x64, 0x3d, 0x22, 0x66, 0x61, 0x6c, 0x73, 0x65, 0x22, 0x3e, 0x52,
    0x61, 0x77, 0x20, 0x73, 0x74, 0x61, 0x74, 0x75, 0x73, 0x3c, 0x2f, 0x62,
    0x75, 0x74, 0x74, 0x6f, 0x6e, 0x3e, 0x3c, 0x2f, 0x6e, 0x61, 0x76, 0x3e,
    0x3c, 0x64, 0x69, 0x76, 0x20, 0x69, 0x64, 0x3d, 0x22, 0x70, 0x61, 0x6e,
    0x65, 0x6c, 0x5f, 0x77, 0x69, 0x66, 0x69, 0x22, 0x20, 0x63, 0x6c, 0x61,
    0x73, 0x73, 0x3d, 0x22, 0x63, 0x6f, 0x6c, 0x75, 0x6d, 0x6e, 0x73, 0x22,
    0x3e, 0x3c, 0x73, 0x65, 0x63, 0x74, 0x69, 0x6f, 0x6e, 0x20, 0x63, 0x6c,
    0x61, 0x73, 0x73, 0x3d, 0x22, 0x63, 0x61, 0x72, 0x64, 0x22, 0x3e, 0x3c,
    0x64, 0x69, 0x76, 0x20, 0x63, 0x6c, 0x61, 0x73, 0x73, 0x3d, 0x22, 0x73,
    0x65, 0x63, 0x74, 0x69, 0x6f, 0x6e, 0x2d, 0x68, 0x65, 0x61, 0x64, 0x22,
    0x3e, 0x3c, 0x64, 0x69, 0x76, 0x3e, 0x3c, 0x68, 0x32, 0x3e, 0x4a, 0x6f,
    0x69, 0x6e, 0x20, 0x61, 0x20, 0x6e, 0x65, 0x74, 0x77, 0x6f, 0x72, 0x6b,
    0x3c, 0x2f, 0x68, 0x32, 0x3e, 0x3c, 0x2f, 0x64, 0x69, 0x76, 0x3e, 0x3c,
    0x62, 0x75, 0x74, 0x74, 0x6f, 0x6e, 0x20, 0x69, 0x64, 0x3d, 0x22, 0x77,
    0x69, 0x66, 0x69, 0x5f, 0x73, 0x63, 0x61, 0x6e, 0x22, 0x20, 0x63, 0x6c,
    0x61, 0x73, 0x73, 0x3d, 0x22, 0x73, 0x65, 0x63, 0x6f, 0x6e, 0x64, 0x61,
    0x72, 0x79, 0x22, 0x3e, 0x53, 0x63, 0x61, 0x6e, 0x20, 0x57, 0x69, 0x2d,
    0x46, 0x69, 0x3c, 0x2f, 0x62, 0x75, 0x74, 0x74, 0x6f, 0x6e, 0x3e, 0x3c,
    0x2f, 0x64, 0x69, 0x76, 0x3e, 0x3c, 0x64, 0x69, 0x76, 0x20, 0x69, 0x64,
    0x3d, 0x22, 0x77, 0x69, 0x66, 0x69, 0x5f, 0x6e, 0x65, 0x74, 0x77, 0x6f,
    0x72, 0x6b, 0x73, 0x22, 0x20, 0x61, 0x72, 0x69, 0x61, 0x2d, 0x6c, 0x69,
    0x76, 0x65, 0x3d, 0x22, 0x70, 0x6f, 0x6c, 0x69, 0x74, 0x65, 0x22, 0x3e,
    0x3c, 0x2f, 0x64, 0x69, 0x76, 0x3e, 0x3c, 0x6c, 0x61, 0x62, 0x65, 0x6c,
    0x3e, 0x4e, 0x65, 0x74, 0x77, 0x6f, 0x72, 0x6b, 0x20, 0x6e, 0x61, 0x6d,
    0x65, 0x20, 0x28, 0x53, 0x53, 0x49, 0x44, 0x29, 0x3c, 0x69, 0x6e, 0x70,
    0x75, 0x74, 0x20, 0x69, 0x64, 0x3d, 0x22, 0x77, 0x69, 0x66, 0x69, 0x5f,
    0x73, 0x73, 0x69, 0x64, 0x22, 0x20, 0x6d, 0x61, 0x78, 0x6c, 0x65, 0x6e,
    0x67, 0x74, 0x68, 0x3d, 0x22, 0x33, 0x32, 0x22, 0x20, 0x61, 0x75, 0x74,
    0x6f, 0x63, 0x61, 0x70, 0x69, 0x74, 0x61, 0x6c, 0x69, 0x7a, 0x65, 0x3d,
    0x22, 0x6e, 0x6f, 0x6e, 0x65, 0x22, 0x20, 0x73, 0x70, 0x65, 0x6c, 0x6c,
    0x63, 0x68, 0x65, 0x63, 0x6b, 0x3d, 0x22, 0x66, 0x61, 0x6c, 0x73, 0x65,
    0x22, 0x3e, 0x3c, 0x2f, 0x6c, 0x61, 0x62, 0x65, 0x6c, 0x3e, 0x3c, 0x6c,
    0x61, 0x62, 0x65, 0x6c, 0x3e, 0x50, 0x61, 0x73, 0x73, 0x77, 0x6f, 0x72,
    0x64, 0x3c, 0x69, 0x6e, 0x70, 0x75, 0x74, 0x20, 0x69, 0x64, 0x3d, 0x22,
    0x77, 0x69, 0x66, 0x69, 0x5f, 0x70, 0x61, 0x73, 0x73, 0x77, 0x6f, 0x72,
    0x64, 0x22, 0x20, 0x74, 0x79, 0x70, 0x65, 0x3d, 0x22, 0x70, 0x61, 0x73,
    0x73, 0x77, 0x6f, 0x72, 0x64, 0x22, 0x20, 0x61, 0x75, 0x74, 0x6f, 0x63,
    0x6f, 0x6d, 0x70, 0x6c, 0x65, 0x74, 0x65, 0x3d, 0x22, 0x6f, 0x66, 0x66,
    0x22, 0x20, 0x6d, 0x61, 0x78, 0x6c, 0x65, 0x6e, 0x67, 0x74, 0x68, 0x3d,
    0x22, 0x36, 0x33, 0x22, 0x3e, 0x3c, 0x2f, 0x6c, 0x61, 0x62, 0x65, 0x6c,
    0x3e, 0x3c, 0x64, 0x69, 0x76, 0x20, 0x63, 0x6c, 0x61, 0x73, 0x73, 0x3d,
    0x22, 0x61, 0x63, 0x74, 0x69, 0x6f, 0x6e, 0x73, 0x22, 0x3e, 0x3c, 0x62,
    0x75, 0x74, 0x74, 0x6f, 0x6e, 0x20, 0x69, 0x64, 0x3d, 0x22, 0x77, 0x69,
    0x66, 0x69, 0x5f, 0x63, 0x6f, 0x6e, 0x6e, 0x65, 0x63, 0x74, 0x22, 0x3e,
    0x43, 0x6f, 0x6e, 0x6e, 0x65, 0x63, 0x74, 0x20, 0x26, 0x61, 0x6d, 0x70,
    0x3b, 0x20, 0x73, 0x61, 0x76, 0x65, 0x3c, 0x2f, 0x62, 0x75, 0x74, 0x74,
    0x6f, 0x6e, 0x3e, 0x3c, 0x62, 0x75, 0x74, 0x74, 0x6f, 0x6e, 0x20, 0x69,
    0x64, 0x3d, 0x22, 0x6d, 0x6f, 0x64, 0x65, 0x5f, 0x77, 0x69, 0x66, 0x69,
    0x22, 0x20, 0x63, 0x6c, 0x61, 0x73, 0x73, 0x3d, 0x22, 0x73, 0x65, 0x63,
    0x6f, 0x6e, 0x64, 0x61, 0x72, 0x79, 0x22, 0x3e, 0x55, 0x73, 0x65, 0x20,
    0x57, 0x69, 0x2d, 0x46, 0x69, 0x20, 0x6d, 0x6f, 0x64, 0x65, 0x3c, 0x2f,
    0x62, 0x75, 0x74, 0x74, 0x6f, 0x6e, 0x3e, 0x3c, 0x2f, 0x64, 0x69, 0x76,
    0x3e, 0x3c, 0x2f, 0x73, 0x65, 0x63, 0x74, 0x69, 0x6f, 0x6e, 0x3e, 0x3c,
    0x73, 0x65, 0x63, 0x74, 0x69, 0x6f, 0x6e, 0x20, 0x63, 0x6c, 0x61, 0x73,
    0x73, 0x3d, 0x22, 0x63, 0x61, 0x72, 0x64, 0x20, 0x73, 0x61, 0x76, 0x65,
    0x64, 0x22, 0x3e, 0x3c, 0x73, 0x70, 0x61, 0x6e, 0x20, 0x63, 0x6c, 0x61,
    0x73, 0x73, 0x3d, 0x22, 0x65, 0x79, 0x65, 0x62, 0x72, 0x6f, 0x77, 0x22,
    0x3e, 0x53, 0x41, 0x56, 0x45, 0x44, 0x20, 0x4e, 0x45, 0x54, 0x57, 0x4f,
    0x52, 0x4b, 0x3c, 0x2f, 0x73, 0x70, 0x61, 0x6e, 0x3e, 0x3c, 0x68, 0x32,
    0x20, 0x69, 0x64, 0x3d, 0x22, 0x77, 0x69, 0x66, 0x69, 0x5f, 0x73, 0x61,
    0x76, 0x65, 0x64, 0x22, 0x3e, 0x4e, 0x6f, 0x74, 0x20, 0x6c, 0x6f, 0x61,
    0x64, 0x65, 0x64, 0x3c, 0x2f, 0x68, 0x32, 0x3e, 0x3c, 0x62, 0x75, 0x74,
    0x74, 0x6f, 0x6e, 0x20, 0x69, 0x64, 0x3d, 0x22, 0x77, 0x69, 0x66, 0x69,
    0x5f, 0x72, 0x65, 0x63, 0x6f, 0x6e, 0x6e, 0x65, 0x63, 0x74, 0x22, 0x20,
    0x63, 0x6c, 0x61, 0x73, 0x73, 0x3d, 0x22, 0x73, 0x65, 0x63, 0x6f, 0x6e,
    0x64, 0x61, 0x72, 0x79, 0x22, 0x3e, 0x52, 0x65, 0x63, 0x6f, 0x6e, 0x6e,
    0x65, 0x63, 0x74, 0x3c, 0x2f, 0x62, 0x75, 0x74, 0x74, 0x6f, 0x6e, 0x3e,
    0x3c, 0x64, 0x69, 0x76, 0x20, 0x63, 0x6c, 0x61, 0x73, 0x73, 0x3d, 0x22,
    0x64, 0x69, 0x76, 0x69, 0x64, 0x65, 0x72, 0x22, 0x3e, 0x3c, 0x62, 0x75,
    0x74, 0x74, 0x6f, 0x6e, 0x20, 0x69, 0x64, 0x3d, 0x22, 0x77, 0x69, 0x66,
    0x69, 0x5f, 0x66, 0x6f, 0x72, 0x67, 0x65, 0x74, 0x22, 0x20, 0x63, 0x6c,
    0x61, 0x73, 0x73, 0x3d, 0x22, 0x64, 0x61, 0x6e, 0x67, 0x65, 0x72, 0x22,
    0x3e, 0x46, 0x6f, 0x72, 0x67, 0x65, 0x74, 0x20, 0x6e, 0x65, 0x74, 0x77,
    0x6f, 0x72, 0x6b, 0x3c, 0x2f, 0x62, 0x75, 0x74, 0x74, 0x6f, 0x6e, 0x3e,
    0x3c, 0x2f, 0x64, 0x69, 0x76, 0x3e, 0x3c, 0x2f, 0x73, 0x65, 0x63, 0x74,
    0x69, 0x6f, 0x6e, 0x3e, 0x3c, 0x2f, 0x64, 0x69, 0x76, 0x3e, 0x3c, 0x73,
    0x65, 0x63, 0x74, 0x69, 0x6f, 0x6e, 0x20, 0x69, 0x64, 0x3d, 0x22, 0x70,
    0x61, 0x6e, 0x65, 0x6c, 0x5f, 0x61, 0x70, 0x22, 0x20, 0x63, 0x6c, 0x61,
    0x73, 0x73, 0x3d, 0x22, 0x63, 0x61, 0x72, 0x64, 0x22, 0x20, 0x68, 0x69,
    0x64, 0x64, 0x65, 0x6e, 0x3e, 0x3c, 0x68, 0x32, 0x3e, 0x53, 0x65, 0x74,
    0x75, 0x70, 0x20, 0x68, 0x6f, 0x74, 0x73, 0x70, 0x6f, 0x74, 0x3c, 0x2f,
    0x68, 0x32, 0x3e, 0x3c, 0x64, 0x69, 0x76, 0x20, 0x63, 0x6c, 0x61, 0x73,
    0x73, 0x3d, 0x22, 0x63, 0x6f, 0x6c, 0x75, 0x6d, 0x6e, 0x73, 0x22, 0x3e,
    0x3c, 0x6c, 0x61, 0x62, 0x65, 0x6c, 0x3e, 0x48, 0x6f, 0x74, 0x73, 0x70,
    0x6f, 0x74, 0x20, 0x6e, 0x61, 0x6d, 0x65, 0x3c, 0x69, 0x6e, 0x70, 0x75,
    0x74, 0x20, 0x69, 0x64, 0x3d, 0x22, 0x61, 0x70, 0x5f, 0x73, 0x73, 0x69,
    0x64, 0x22, 0x20, 0x6d, 0x61, 0x78, 0x6c, 0x65, 0x6e, 0x67, 0x74, 0x68,
    0x3d, 0x22, 0x33, 0x32, 0x22, 0x20, 0x61, 0x75, 0x74, 0x6f, 0x63, 0x61,
    0x70, 0x69, 0x74, 0x61, 0x6c, 0x69, 0x7a, 0x65, 0x3d, 0x22, 0x6e, 0x6f,
    0x6e, 0x65, 0x22, 0x20, 0x73, 0x70, 0x65, 0x6c, 0x6c, 0x63, 0x68, 0x65,
    0x63, 0x6b, 0x3d, 0x22, 0x66, 0x61, 0x6c, 0x73, 0x65, 0x22, 0x3e, 0x3c,
    0x2f, 0x6c, 0x61, 0x62, 0x65, 0x6c, 0x3e, 0x3c, 0x6c, 0x61, 0x62, 0x65,
    0x6c, 0x3e, 0x48, 0x6f, 0x74, 0x73, 0x70, 0x6f, 0x74, 0x20, 0x70, 0x61,
    0x73, 0x73, 0x77, 0x6f, 0x72, 0x64, 0x3c, 0x69, 0x6e, 0x70, 0x75, 0x74,
    0x20, 0x69, 0x64, 0x3d, 0x22, 0x61, 0x70, 0x5f, 0x70, 0x61, 0x73, 0x73,
    0x77, 0x6f, 0x72, 0x64, 0x22, 0x20, 0x74, 0x79, 0x70, 0x65, 0x3d, 0x22,
    0x70, 0x61, 0x73, 0x73, 0x77, 0x6f, 0x72, 0x64, 0x22, 0x20, 0x61, 0x75,
    0x74, 0x6f, 0x63, 0x6f, 0x6d, 0x70, 0x6c, 0x65, 0x74, 0x65, 0x3d, 0x22,
    0x6f, 0x66, 0x66, 0x22, 0x20, 0x6d, 0x61, 0x78, 0x6c, 0x65, 0x6e, 0x67,
    0x74, 0x68, 0x3d, 0x22, 0x36, 0x33, 0x22, 0x3e, 0x3c, 0x2f, 0x6c, 0x61,
    0x62, 0x65, 0x6c, 0x3e, 0x3c, 0x2f, 0x64, 0x69, 0x76, 0x3e, 0x3c, 0x6c,
    0x61, 0x62, 0x65, 0x6c, 0x3e, 0x43, 0x68, 0x61, 0x6e, 0x6e, 0x65, 0x6c,
    0x3c, 0x69, 0x6e, 0x70, 0x75, 0x74, 0x20, 0x69, 0x64, 0x3d, 0x22, 0x61,
    0x70, 0x5f, 0x63, 0x68, 0x61, 0x6e, 0x6e, 0x65, 0x6c, 0x22, 0x20, 0x74,
    0x79, 0x70, 0x65, 0x3d, 0x22, 0x6e, 0x75, 0x6d, 0x62, 0x65, 0x72, 0x22,
    0x20, 0x6d, 0x69, 0x6e, 0x3d, 0x22, 0x31, 0x22, 0x20, 0x6d, 0x61, 0x78,
    0x3d, 0x22, 0x31, 0x33, 0x22, 0x20, 0x76, 0x61, 0x6c, 0x75, 0x65, 0x3d,
    0x22, 0x36, 0x22, 0x3e, 0x3c, 0x2f, 0x6c, 0x61, 0x62, 0x65, 0x6c, 0x3e,
    0x3c, 0x64, 0x69, 0x76, 0x20, 0x63, 0x6c, 0x61, 0x73, 0x73, 0x3d, 0x22,
    0x61, 0x63, 0x74, 0x69, 0x6f, 0x6e, 0x73, 0x22, 0x3e, 0x3c, 0x62, 0x75,
    0x74, 0x74, 0x6f, 0x6e, 0x20, 0x69, 0x64, 0x3d, 0x22, 0x61, 0x70, 0x5f,
    0x73, 0x74, 0x61, 0x72, 0x74, 0x22, 0x3e, 0x53, 0x74, 0x61, 0x72, 0x74,
    0x20, 0x68, 0x6f, 0x74, 0x73, 0x70, 0x6f, 0x74, 0x3c, 0x2f, 0x62, 0x75,
    0x74, 0x74, 0x6f, 0x6e, 0x3e, 0x3c, 0x62, 0x75, 0x74, 0x74, 0x6f, 0x6e,
    0x20, 0x69, 0x64, 0x3d, 0x22, 0x6d, 0x6f, 0x64, 0x65, 0x5f, 0x61, 0x70,
    0x22, 0x20, 0x63, 0x6c, 0x61, 0x73, 0x73, 0x3d, 0x22, 0x73, 0x65, 0x63,
    0x6f, 0x6e, 0x64, 0x61, 0x72, 0x79, 0x22, 0x3e, 0x55, 0x73, 0x65, 0x20,
    0x41, 0x50, 0x20, 0x6d, 0x6f, 0x64, 0x65, 0x3c, 0x2f, 0x62, 0x75, 0x74,
    0x74, 0x6f, 0x6e, 0x3e, 0x3c, 0x2f, 0x64, 0x69, 0x76, 0x3e, 0x3c, 0x2f,
    0x73, 0x65, 0x63, 0x74, 0x69, 0x6f, 0x6e, 0x3e, 0x3c, 0x73, 0x65, 0x63,
    0x74, 0x69, 0x6f, 0x6e, 0x20, 0x69, 0x64, 0x3d, 0x22, 0x70, 0x61, 0x6e,
    0x65, 0x6c, 0x5f, 0x6e, 0x65, 0x74, 0x5f, 0x73, 0x74, 0x61, 0x74, 0x75,
    0x73, 0x22, 0x20, 0x63, 0x6c, 0x61, 0x73, 0x73, 0x3d, 0x22, 0x63, 0x61,
    0x72, 0x64, 0x22, 0x20, 0x68, 0x69, 0x64, 0x64, 0x65, 0x6e, 0x3e, 0x3c,
    0x68, 0x32, 0x3e, 0x52, 0x61, 0x77, 0x20, 0x6e, 0x65, 0x74, 0x77, 0x6f,
    0x72, 0x6b, 0x20, 0x73, 0x74, 0x61, 0x74, 0x75, 0x73, 0x3c, 0x2f, 0x68,
    0x32, 0x3e, 0x3c, 0x70, 0x72, 0x65, 0x20, 0x69, 0x64, 0x3d, 0x22, 0x77,
    0x69, 0x66, 0x69, 0x5f, 0x73, 0x74, 0x61, 0x74, 0x75, 0x73, 0x22, 0x20,
    0x63, 0x6c, 0x61, 0x73, 0x73, 0x3d, 0x22, 0x73, 0x74, 0x61, 0x74, 0x75,
    0x73, 0x22, 0x3e, 0x4e, 0x6f, 0x74, 0x20, 0x6c, 0x6f, 0x61, 0x64, 0x65,
    0x64, 0x3c, 0x2f, 0x70, 0x72, 0x65, 0x3e, 0x3c, 0x2f, 0x73, 0x65, 0x63,
    0x74, 0x69, 0x6f, 0x6e, 0x3e, 0x3c, 0x2f, 0x64, 0x65, 0x74, 0x61, 0x69,
    0x6c, 0x73, 0x3e, 0x3c, 0x64, 0x65, 0x74, 0x61, 0x69, 0x6c, 0x73, 0x20,
    0x69, 0x64, 0x3d, 0x22, 0x64, 0x65, 0x76, 0x69, 0x63, 0x65, 0x5f, 0x73,
    0x65, 0x74, 0x74, 0x69, 0x6e, 0x67, 0x73, 0x22, 0x3e, 0x3c, 0x73, 0x75,
    0x6d, 0x6d, 0x61, 0x72, 0x79, 0x3e, 0x54, 0x69, 0x6d, 0x65, 0x20, 0x26,
    0x61, 0x6d, 0x70, 0x3b, 0x20, 0x63, 0x6f, 0x6e, 0x66, 0x69, 0x67, 0x75,
    0x72, 0x61, 0x74, 0x69, 0x6f, 0x6e, 0x3c, 0x2f, 0x73, 0x75, 0x6d, 0x6d,
    0x61, 0x72, 0x79, 0x3e, 0x3c, 0x73, 0x65, 0x63, 0x74, 0x69, 0x6f, 0x6e,
    0x20, 0x63, 0x6c, 0x61, 0x73, 0x73, 0x3d, 0x22, 0x63, 0x61, 0x72, 0x64,
    0x22, 0x3e, 0x3c, 0x68, 0x32, 0x3e, 0x44, 0x65, 0x76, 0x69, 0x63, 0x65,
    0x20, 0x74, 0x69, 0x6d, 0x65, 0x3c, 0x2f, 0x68, 0x32, 0x3e, 0x3c, 0x64,
    0x69, 0x76, 0x20, 0x69, 0x64, 0x3d, 0x22, 0x74, 0x69, 0x6d, 0x65, 0x5f,
    0x73, 0x75, 0x6d, 0x6d, 0x61, 0x72, 0x79, 0x22, 0x20, 0x63, 0x6c, 0x61,
    0x73, 0x73, 0x3d, 0x22, 0x6b, 0x76, 0x22, 0x3e, 0x3c, 0x2f, 0x64, 0x69,
    0x76, 0x3e, 0x3c, 0x6c, 0x61, 0x62, 0x65, 0x6c, 0x3e, 0x54, 0x69, 0x6d,
    0x65, 0x7a, 0x6f, 0x6e, 0x65, 0x3c, 0x73, 0x65, 0x6c, 0x65, 0x63, 0x74,
    0x20, 0x69, 0x64, 0x3d, 0x22, 0x74, 0x69, 0x6d, 0x65, 0x7a, 0x6f, 0x6e,
    0x65, 0x22, 0x3e, 0x3c, 0x6f, 0x70, 0x74, 0x69, 0x6f, 0x6e, 0x3e, 0x55,
    0x54, 0x43, 0x3c, 0x2f, 0x6f, 0x70, 0x74, 0x69, 0x6f, 0x6e, 0x3e, 0x3c,
    0x6f, 0x70, 0x74, 0x69, 0x6f, 0x6e, 0x3e, 0x55, 0x54, 0x43, 0x2d, 0x38,
    0x3c, 0x2f, 0x6f, 0x70, 0x74, 0x69, 0x6f, 0x6e, 0x3e, 0x3c, 0x6f, 0x70,
    0x74, 0x69, 0x6f, 0x6e, 0x3e, 0x55, 0x54, 0x43, 0x2d, 0x37, 0x3c, 0x2f,
    0x6f, 0x70, 0x74, 0x69, 0x6f, 0x6e, 0x3e, 0x3c, 0x6f, 0x70, 0x74, 0x69,
    0x6f, 0x6e, 0x3e, 0x55, 0x54, 0x43, 0x2d, 0x36, 0x3c, 0x2f, 0x6f, 0x70,
    0x74, 0x69, 0x6f, 0x6e, 0x3e, 0x3c, 0x6f, 0x70, 0x74, 0x69, 0x6f, 0x6e,
    0x3e, 0x55, 0x54, 0x43, 0x2d, 0x35, 0x3c, 0x2f, 0x6f, 0x70, 0x74, 0x69,
    0x6f, 0x6e, 0x3e, 0x3c, 0x6f, 0x70, 0x74, 0x69, 0x6f, 0x6e, 0x3e, 0x55,
    0x54, 0x43, 0x2b, 0x30, 0x3c, 0x2f, 0x6f, 0x70, 0x74, 0x69, 0x6f, 0x6e,
    0x3e, 0x3c, 0x6f, 0x70, 0x74, 0x69, 0x6f, 0x6e, 0x3e, 0x55, 0x54, 0x43,
    0x2b, 0x31, 0x3c, 0x2f, 0x6f, 0x70, 0x74, 0x69, 0x6f, 0x6e, 0x3e, 0x3c,
    0x6f, 0x70, 0x74, 0x69, 0x6f, 0x6e, 0x3e, 0x55, 0x54, 0x43, 0x2b, 0x32,
    0x3c, 0x2f, 0x6f, 0x70, 0x74, 0x69, 0x6f, 0x6e, 0x3e, 0x3c, 0x6f, 0x70,
    0x74, 0x69, 0x6f, 0x6e, 0x3e, 0x55, 0x54, 0x43, 0x2b, 0x33, 0x3c, 0x2f,
    0x6f, 0x70, 0x74, 0x69, 0x6f, 0x6e, 0x3e, 0x3c, 0x6f, 0x70, 0x74, 0x69,
    0x6f, 0x6e, 0x3e, 0x55, 0x54, 0x43, 0x2b, 0x35, 0x3a, 0x33, 0x30, 0x3c,
    0x2f, 0x6f, 0x70, 0x74, 0x69, 0x6f, 0x6e, 0x3e, 0x3c, 0x6f, 0x70, 0x74,
    0x69, 0x6f, 0x6e, 0x3e, 0x55, 0x54, 0x43, 0x2b, 0x38, 0x3c, 0x2f, 0x6f,
    0x70, 0x74, 0x69, 0x6f, 0x6e, 0x3e, 0x3c, 0x6f, 0x70, 0x74, 0x69, 0x6f,
    0x6e, 0x3e, 0x55, 0x54, 0x43, 0x2b, 0x39, 0x3c, 0x2f, 0x6f, 0x70, 0x74,
    0x69, 0x6f, 0x6e, 0x3e, 0x3c, 0x6f, 0x70, 0x74, 0x69, 0x6f, 0x6e, 0x3e,
    0x55, 0x54, 0x43, 0x2b, 0x31, 0x30, 0x3c, 0x2f, 0x6f, 0x70, 0x74, 0x69,
    0x6f, 0x6e, 0x3e, 0x3c, 0x6f, 0x70, 0x74, 0x69, 0x6f, 0x6e, 0x3e, 0x55,
    0x54, 0x43, 0x2b, 0x31, 0x32, 0x3c, 0x2f, 0x6f, 0x70, 0x74, 0x69, 0x6f,
    0x6e, 0x3e, 0x3c, 0x2f, 0x73, 0x65, 0x6c, 0x65, 0x63, 0x74, 0x3e, 0x3c,
    0x2f, 0x6c, 0x61, 0x62, 0x65, 0x6c, 0x3e, 0x3c, 0x70, 0x3e, 0x46, 0x69,
    0x78, 0x65, 0x64, 0x20, 0x55, 0x54, 0x43, 0x20, 0x6f, 0x66, 0x66, 0x73,
    0x65, 0x74, 0x3b, 0x20, 0x32, 0x34, 0x2d, 0x68, 0x6f, 0x75, 0x72, 0x20,
    0x63, 0x6c, 0x6f, 0x63, 0x6b, 0x2e, 0x3c, 0x2f, 0x70, 0x3e, 0x3c, 0x62,
    0x75, 0x74, 0x74, 0x6f, 0x6e, 0x20, 0x69, 0x64, 0x3d, 0x22, 0x73, 0x61,
    0x76, 0x65, 0x5f, 0x74, 0x69, 0x6d, 0x65, 0x22, 0x3e, 0x53, 0x61, 0x76,
    0x65, 0x20, 0x74, 0x69, 0x6d, 0x65, 0x7a, 0x6f, 0x6e, 0x65, 0x3c, 0x2f,
    0x62, 0x75, 0x74, 0x74, 0x6f, 0x6e, 0x3e, 0x3c, 0x64, 0x65, 0x74, 0x61,
    0x69, 0x6c, 0x73, 0x3e, 0x3c, 0x73, 0x75, 0x6d, 0x6d, 0x61, 0x72, 0x79,
    0x3e, 0x52, 0x61, 0x77, 0x20, 0x74, 0x69, 0x6d, 0x65, 0x20, 0x73, 0x74,
    0x61, 0x74, 0x75, 0x73, 0x3c, 0x2f, 0x73, 0x75, 0x6d, 0x6d, 0x61, 0x72,
    0x79, 0x3e, 0x3c, 0x70, 0x72, 0x65, 0x20, 0x69, 0x64, 0x3d, 0x22, 0x74,
    0x69, 0x6d, 0x65, 0x5f, 0x73, 0x74, 0x61, 0x74, 0x75, 0x73, 0x22, 0x20,
    0x63, 0x6c, 0x61, 0x73, 0x73, 0x3d, 0x22, 0x73, 0x74, 0x61, 0x74, 0x75,
    0x73, 0x22, 0x3e, 0x4e, 0x6f, 0x74, 0x20, 0x6c, 0x6f, 0x61, 0x64, 0x65,
    0x64, 0x3c, 0x2f, 0x70, 0x72, 0x65, 0x3e, 0x3c, 0x2f, 0x64, 0x65, 0x74,
    0x61, 0x69, 0x6c, 0x73, 0x3e, 0x3c, 0x2f, 0x73, 0x65, 0x63, 0x74, 0x69,
    0x6f, 0x6e, 0x3e, 0x3c, 0x73, 0x65, 0x63, 0x74, 0x69, 0x6f, 0x6e, 0x20,
    0x63, 0x6c, 0x61, 0x73, 0x73, 0x3d, 0x22, 0x63, 0x61, 0x72, 0x64, 0x22,
    0x3e, 0x3c, 0x68, 0x32, 0x3e, 0x43, 0x6f, 0x6e, 0x66, 0x69, 0x67, 0x75,
    0x72, 0x61, 0x74, 0x69, 0x6f, 0x6e, 0x20, 0x62, 0x61, 0x63, 0x6b, 0x75,
    0x70, 0x3c, 0x2f, 0x68, 0x32, 0x3e, 0x3c, 0x70, 0x3e, 0x45, 0x78, 0x70,
    0x6f, 0x72, 0x74, 0x20, 0x6d, 0x61, 0x73, 0x6b, 0x73, 0x20, 0x74, 0x6f,
    0x6b, 0x65, 0x6e, 0x73, 0x2e, 0x20, 0x49, 0x6d, 0x70, 0x6f, 0x72, 0x74,
    0x20, 0x72, 0x65, 0x70, 0x6c, 0x61, 0x63, 0x65, 0x73, 0x20, 0x72, 0x75,
    0x6c, 0x65, 0x73, 0x3b, 0x20, 0x65, 0x6d, 0x70, 0x74, 0x79, 0x20, 0x74,
    0x6f, 0x6b, 0x65, 0x6e, 0x73, 0x20, 0x63, 0x6c, 0x65, 0x61, 0x72, 0x20,
    0x74, 0x68, 0x65, 0x6d, 0x2e, 0x3c, 0x2f, 0x70, 0x3e, 0x3c, 0x6c, 0x61,
    0x62, 0x65, 0x6c, 0x3e, 0x43, 0x6f, 0x6e, 0x66, 0x69, 0x67, 0x75, 0x72,
    0x61, 0x74, 0x69, 0x6f, 0x6e, 0x20, 0x4a, 0x53, 0x4f, 0x4e, 0x3c, 0x74,
    0x65, 0x78, 0x74, 0x61, 0x72, 0x65, 0x61, 0x20, 0x69, 0x64, 0x3d, 0x22,
    0x63, 0x6f, 0x6e, 0x66, 0x69, 0x67, 0x5f, 0x6a, 0x73, 0x6f, 0x6e, 0x22,
    0x20, 0x73, 0x70, 0x65, 0x6c, 0x6c, 0x63, 0x68, 0x65, 0x63, 0x6b, 0x3d,
    0x22, 0x66, 0x61, 0x6c, 0x73, 0x65, 0x22, 0x3e, 0x3c, 0x2f, 0x74, 0x65,
    0x78, 0x74, 0x61, 0x72, 0x65, 0x61, 0x3e, 0x3c, 0x2f, 0x6c, 0x61, 0x62,
    0x65, 0x6c, 0x3e, 0x3c, 0x64, 0x69, 0x76, 0x20, 0x63, 0x6c, 0x61, 0x73,
    0x73, 0x3d, 0x22, 0x61, 0x63, 0x74, 0x69, 0x6f, 0x6e, 0x73, 0x22, 0x3e,
    0x3c, 0x62, 0x75, 0x74, 0x74, 0x6f, 0x6e, 0x20, 0x69, 0x64, 0x3d, 0x22,
    0x65, 0x78, 0x70, 0x6f, 0x72, 0x74, 0x5f, 0x63, 0x6f, 0x6e, 0x66, 0x69,
    0x67, 0x22, 0x20, 0x63, 0x6c, 0x61, 0x73, 0x73, 0x3d, 0x22, 0x73, 0x65,
    0x63, 0x6f, 0x6e, 0x64, 0x61, 0x72, 0x79, 0x22, 0x3e, 0x45, 0x78, 0x70,
    0x6f, 0x72, 0x74, 0x20, 0x4a, 0x53, 0x4f, 0x4e, 0x3c, 0x2f, 0x62, 0x75,
    0x74, 0x74, 0x6f, 0x6e, 0x3e, 0x3c, 0x62, 0x75, 0x74, 0x74, 0x6f, 0x6e,
    0x20, 0x69, 0x64, 0x3d, 0x22, 0x6c, 0x6f, 0x61, 0x64, 0x5f, 0x63, 0x6f,
    0x6e, 0x66, 0x69, 0x67, 0x22, 0x20, 0x63, 0x6c, 0x61, 0x73, 0x73, 0x3d,
    0x22, 0x73, 0x65, 0x63, 0x6f, 0x6e, 0x64, 0x61, 0x72, 0x79, 0x22, 0x3e,
    0x52, 0x65, 0x6c, 0x6f, 0x61, 0x64, 0x3c, 0x2f, 0x62, 0x75, 0x74, 0x74,
    0x6f, 0x6e, 0x3e, 0x3c, 0x62, 0x75, 0x74, 0x74, 0x6f, 0x6e, 0x20, 0x69,
    0x64, 0x3d, 0x22, 0x69, 0x6d, 0x70, 0x6f, 0x72, 0x74, 0x5f, 0x63, 0x6f,
    0x6e, 0x66, 0x69, 0x67, 0x22, 0x3e, 0x49, 0x6d, 0x70, 0x6f, 0x72, 0x74,
    0x20, 0x4a, 0x53, 0x4f, 0x4e, 0x3c, 0x2f, 0x62, 0x75, 0x74, 0x74, 0x6f,
    0x6e, 0x3e, 0x3c, 0x2f, 0x64, 0x69, 0x76, 0x3e, 0x3c, 0x2f, 0x73, 0x65,
    0x63, 0x74, 0x69, 0x6f, 0x6e, 0x3e, 0x3c, 0x2f, 0x64, 0x65, 0x74, 0x61,
    0x69, 0x6c, 0x73, 0x3e, 0x3c, 0x64, 0x65, 0x74, 0x61, 0x69, 0x6c, 0x73,
    0x20, 0x69, 0x64, 0x3d, 0x22, 0x64, 0x69, 0x61, 0x67, 0x6e, 0x6f, 0x73,
    0x74, 0x69, 0x63, 0x5f, 0x73, 0x65, 0x74, 0x74, 0x69, 0x6e, 0x67, 0x73,
    0x22, 0x3e, 0x3c, 0x73, 0x75, 0x6d, 0x6d, 0x61, 0x72, 0x79, 0x3e, 0x44,
    0x69, 0x61, 0x67, 0x6e, 0x6f, 0x73, 0x74, 0x69, 0x63, 0x73, 0x20, 0x26,
    0x61, 0x6d, 0x70, 0x3b, 0x20, 0x68, 0x61, 0x72, 0x64, 0x77, 0x61, 0x72,
    0x65, 0x3c, 0x2f, 0x73, 0x75, 0x6d, 0x6d, 0x61, 0x72, 0x79, 0x3e, 0x3c,
    0x73, 0x65, 0x63, 0x74, 0x69, 0x6f, 0x6e, 0x20, 0x63, 0x6c, 0x61, 0x73,
    0x73, 0x3d, 0x22, 0x63, 0x61, 0x72, 0x64, 0x22, 0x3e, 0x3c, 0x68, 0x32,
    0x3e, 0x48, 0x41, 0x54, 0x20, 0x63, 0x61, 0x70, 0x61, 0x62, 0x69, 0x6c,
    0x69, 0x74, 0x79, 0x3c, 0x2f, 0x68, 0x32, 0x3e, 0x3c, 0x6c, 0x61, 0x62,
    0x65, 0x6c, 0x3e, 0x48, 0x41, 0x54, 0x20, 0x73, 0x6f, 0x75, 0x72, 0x63,
    0x65, 0x3c, 0x73, 0x65, 0x6c, 0x65, 0x63, 0x74, 0x20, 0x69, 0x64, 0x3d,
    0x22, 0x68, 0x61, 0x74, 0x5f, 0x73, 0x6f, 0x75, 0x72, 0x63, 0x65, 0x22,
    0x3e, 0x3c, 0x2f, 0x73, 0x65, 0x6c, 0x65, 0x63, 0x74, 0x3e, 0x3c, 0x2f,
    0x6c, 0x61, 0x62, 0x65, 0x6c, 0x3e, 0x3c, 0x62, 0x75, 0x74, 0x74, 0x6f,
    0x6e, 0x20, 0x69, 0x64, 0x3d, 0x22, 0x68, 0x61, 0x74, 0x5f, 0x70, 0x72,
    0x6f, 0x62, 0x65, 0x22, 0x20, 0x63, 0x6c, 0x61, 0x73, 0x73, 0x3d, 0x22,
    0x73, 0x65, 0x63, 0x6f, 0x6e, 0x64, 0x61, 0x72, 0x79, 0x22, 0x3e, 0x50,
    0x72, 0x6f, 0x62, 0x65, 0x20, 0x48, 0x41, 0x54, 0x3c, 0x2f, 0x62, 0x75,
    0x74, 0x74, 0x6f, 0x6e, 0x3e, 0x3c, 0x70, 0x72, 0x65, 0x20, 0x69, 0x64,
    0x3d, 0x22, 0x68, 0x61, 0x74, 0x5f, 0x73, 0x74, 0x61, 0x74, 0x75, 0x73,
    0x22, 0x20, 0x63, 0x6c, 0x61, 0x73, 0x73, 0x3d, 0x22, 0x73, 0x74, 0x61,
    0x74, 0x75, 0x73, 0x22, 0x3e, 0x4e, 0x6f, 0x20, 0x70, 0x72, 0x6f, 0x62,
    0x65, 0x20, 0x79, 0x65, 0x74, 0x2e, 0x3c, 0x2f, 0x70, 0x72, 0x65, 0x3e,
    0x3c, 0x2f, 0x73, 0x65, 0x63, 0x74, 0x69, 0x6f, 0x6e, 0x3e, 0x3c, 0x73,
    0x65, 0x63, 0x74, 0x69, 0x6f, 0x6e, 0x20, 0x63, 0x6c, 0x61, 0x73, 0x73,
    0x3d, 0x22, 0x63, 0x61, 0x72, 0x64, 0x22, 0x3e, 0x3c, 0x68, 0x32, 0x3e,
    0x53, 0x74, 0x61, 0x74, 0x75, 0x73, 0x3c, 0x2f, 0x68, 0x32, 0x3e, 0x3c,
    0x70, 0x72, 0x65, 0x20, 0x69, 0x64, 0x3d, 0x22, 0x73, 0x74, 0x61, 0x74,
    0x75, 0x73, 0x22, 0x20, 0x63, 0x6c, 0x61, 0x73, 0x73, 0x3d, 0x22, 0x73,
    0x74, 0x61, 0x74, 0x75, 0x73, 0x22, 0x3e, 0x4e, 0x6f, 0x74, 0x20, 0x6c,
    0x6f, 0x61, 0x64, 0x65, 0x64, 0x3c, 0x2f, 0x70, 0x72, 0x65, 0x3e, 0x3c,
    0x64, 0x65, 0x74, 0x61, 0x69, 0x6c, 0x73, 0x3e, 0x3c, 0x73, 0x75, 0x6d,
    0x6d, 0x61, 0x72, 0x79, 0x3e, 0x41, 0x6c, 0x6c, 0x20, 0x63, 0x61, 0x70,
    0x61, 0x62, 0x69, 0x6c, 0x69, 0x74, 0x69, 0x65, 0x73, 0x3c, 0x2f, 0x73,
    0x75, 0x6d, 0x6d, 0x61, 0x72, 0x79, 0x3e, 0x3c, 0x70, 0x72, 0x65, 0x20,
    0x69, 0x64, 0x3d, 0x22, 0x63, 0x61, 0x70, 0x61, 0x62, 0x69, 0x6c, 0x69,
    0x74, 0x69, 0x65, 0x73, 0x22, 0x20, 0x63, 0x6c, 0x61, 0x73, 0x73, 0x3d,
    0x22, 0x73, 0x74, 0x61, 0x74, 0x75, 0x73, 0x22, 0x3e, 0x4e, 0x6f, 0x74,
    0x20, 0x6c, 0x6f, 0x61, 0x64, 0x65, 0x64, 0x3c, 0x2f, 0x70, 0x72, 0x65,
    0x3e, 0x3c, 0x2f, 0x64, 0x65, 0x74, 0x61, 0x69, 0x6c, 0x73, 0x3e, 0x3c,
    0x2f, 0x73, 0x65, 0x63, 0x74, 0x69, 0x6f, 0x6e, 0x3e, 0x3c, 0x62, 0x75,
    0x74, 0x74, 0x6f, 0x6e, 0x20, 0x69, 0x64, 0x3d, 0x22, 0x74, 0x65, 0x73,
    0x74, 0x5f, 0x72, 0x75, 0x6c, 0x65, 0x22, 0x20, 0x63, 0x6c, 0x61, 0x73,
    0x73, 0x3d, 0x22, 0x73, 0x65, 0x63, 0x6f, 0x6e, 0x64, 0x61, 0x72, 0x79,
    0x22, 0x20, 0x74, 0x69, 0x74, 0x6c, 0x65, 0x3d, 0x22, 0x52, 0x75, 0x6e,
    0x73, 0x20, 0x74, 0x68, 0x65, 0x20, 0x73, 0x61, 0x76, 0x65, 0x64, 0x20,
    0x66, 0x69, 0x72, 0x73, 0x74, 0x20, 0x61, 0x63, 0x74, 0x69, 0x6f, 0x6e,
    0x3b, 0x20, 0x69, 0x67, 0x6e, 0x6f, 0x72, 0x65, 0x73, 0x20, 0x74, 0x72,
    0x69, 0x67, 0x67, 0x65, 0x72, 0x20, 0x61, 0x6e, 0x64, 0x20, 0x74, 0x69,
    0x6d, 0x69, 0x6e, 0x67, 0x22, 0x3e, 0x54, 0x65, 0x73, 0x74, 0x20, 0x66,
    0x69, 0x72, 0x73, 0x74, 0x20, 0x61, 0x63, 0x74, 0x69, 0x6f, 0x6e, 0x3c,
    0x2f, 0x62, 0x75, 0x74, 0x74, 0x6f, 0x6e, 0x3e, 0x3c, 0x2f, 0x64, 0x65,
    0x74, 0x61, 0x69, 0x6c, 0x73, 0x3e, 0x3c, 0x2f, 0x66, 0x69, 0x65, 0x6c,
    0x64, 0x73, 0x65, 0x74, 0x3e, 0x3c, 0x2f, 0x73, 0x65, 0x63, 0x74, 0x69,
    0x6f, 0x6e, 0x3e, 0x3c, 0x64, 0x69, 0x61, 0x6c, 0x6f, 0x67, 0x20, 0x69,
    0x64, 0x3d, 0x22, 0x72, 0x75, 0x6c, 0x65, 0x5f, 0x65, 0x64, 0x69, 0x74,
    0x6f, 0x72, 0x22, 0x20, 0x61, 0x72, 0x69, 0x61, 0x2d, 0x6c, 0x61, 0x62,
    0x65, 0x6c, 0x6c, 0x65, 0x64, 0x62, 0x79, 0x3d, 0x22, 0x65, 0x64, 0x69,
    0x74, 0x6f, 0x72, 0x5f, 0x74, 0x69, 0x74, 0x6c, 0x65, 0x22, 0x3e, 0x3c,
    0x66, 0x69, 0x65, 0x6c, 0x64, 0x73, 0x65, 0x74, 0x20, 0x63, 0x6c, 0x61,
    0x73, 0x73, 0x3d, 0x22, 0x63, 0x6f, 0x6e, 0x74, 0x72, 0x6f, 0x6c, 0x73,
    0x22, 0x20, 0x64, 0x69, 0x73, 0x61, 0x62, 0x6c, 0x65, 0x64, 0x20, 0x61,
    0x72, 0x69, 0x61, 0x2d, 0x6c, 0x61, 0x62, 0x65, 0x6c, 0x3d, 0x22, 0x41,
    0x75, 0x74, 0x6f, 0x6d, 0x61, 0x74, 0x69, 0x6f, 0x6e, 0x20, 0x65, 0x64,
    0x69, 0x74, 0x6f, 0x72, 0x22, 0x3e, 0x3c, 0x64, 0x69, 0x76, 0x20, 0x63,
    0x6c, 0x61, 0x73, 0x73, 0x3d, 0x22, 0x63, 0x61, 0x72, 0x64, 0x22, 0x3e,
    0x3c, 0x64, 0x69, 0x76, 0x20, 0x63, 0x6c, 0x61, 0x73, 0x73, 0x3d, 0x22,
    0x73, 0x65, 0x63, 0x74, 0x69, 0x6f, 0x6e, 0x2d, 0x68, 0x65, 0x61, 0x64,
    0x22, 0x3e, 0x3c, 0x64, 0x69, 0x76, 0x3e, 0x3c, 0x68, 0x32, 0x20, 0x69,
    0x64, 0x3d, 0x22, 0x65, 0x64, 0x69, 0x74, 0x6f, 0x72, 0x5f, 0x74, 0x69,
    0x74, 0x6c, 0x65, 0x22, 0x3e, 0x4e, 0x65, 0x77, 0x20, 0x61, 0x75, 0x74,
    0x6f, 0x6d, 0x61, 0x74, 0x69, 0x6f, 0x6e, 0x3c, 0x2f, 0x68, 0x32, 0x3e,
    0x3c, 0x2f, 0x64, 0x69, 0x76, 0x3e, 0x3c, 0x6c, 0x61, 0x62, 0x65, 0x6c,
    0x20, 0x63, 0x6c, 0x61, 0x73, 0x73, 0x3d, 0x22, 0x63, 0x68, 0x65, 0x63,
    0x6b, 0x22, 0x3e, 0x3c, 0x69, 0x6e, 0x70, 0x75, 0x74, 0x20, 0x69, 0x64,
    0x3d, 0x22, 0x72, 0x75, 0x6c, 0x65, 0x5f, 0x65, 0x6e, 0x61, 0x62, 0x6c,
    0x65, 0x64, 0x22, 0x20, 0x74, 0x79, 0x70, 0x65, 0x3d, 0x22, 0x63, 0x68,
    0x65, 0x63, 0x6b, 0x62, 0x6f, 0x78, 0x22, 0x20, 0x63, 0x68, 0x65, 0x63,
    0x6b, 0x65, 0x64, 0x3e, 0x45, 0x6e, 0x61, 0x62, 0x6c, 0x65, 0x64, 0x3c,
    0x2f, 0x6c, 0x61, 0x62, 0x65, 0x6c, 0x3e, 0x3c, 0x2f, 0x64, 0x69, 0x76,
    0x3e, 0x3c, 0x6c, 0x61, 0x62, 0x65, 0x6c, 0x3e, 0x52, 0x75, 0x6c, 0x65,
    0x20, 0x6e, 0x61, 0x6d, 0x65, 0x3c, 0x69, 0x6e, 0x70, 0x75, 0x74, 0x20,
    0x69, 0x64, 0x3d, 0x22, 0x72, 0x75, 0x6c, 0x65, 0x5f, 0x6e, 0x61, 0x6d,
    0x65, 0x22, 0x20, 0x6d, 0x61, 0x78, 0x6c, 0x65, 0x6e, 0x67, 0x74, 0x68,
    0x3d, 0x22, 0x33, 0x31, 0x22, 0x3e, 0x3c, 0x2f, 0x6c, 0x61, 0x62, 0x65,
    0x6c, 0x3e, 0x3c, 0x2f, 0x64, 0x69, 0x76, 0x3e, 0x3c, 0x64, 0x69, 0x76,
    0x20, 0x63, 0x6c, 0x61, 0x73, 0x73, 0x3d, 0x22, 0x63, 0x6f, 0x6c, 0x75,
    0x6d, 0x6e, 0x73, 0x22, 0x3e, 0x3c, 0x73, 0x65, 0x63, 0x74, 0x69, 0x6f,
    0x6e, 0x20, 0x63, 0x6c, 0x61, 0x73, 0x73, 0x3d, 0x22, 0x63, 0x61, 0x72,
    0x64, 0x22, 0x3e, 0x3c, 0x73, 0x70, 0x61, 0x6e, 0x20, 0x63, 0x6c, 0x61,
    0x73, 0x73, 0x3d, 0x22, 0x65, 0x79, 0x65, 0x62, 0x72, 0x6f, 0x77, 0x22,
    0x3e, 0x30, 0x31, 0x20, 0x2f, 0x20, 0x57, 0x48, 0x45, 0x4e, 0x3c, 0x2f,
    0x73, 0x70, 0x61, 0x6e, 0x3e, 0x3c, 0x68, 0x32, 0x3e, 0x43, 0x68, 0x6f,
    0x6f, 0x73, 0x65, 0x20, 0x61, 0x20, 0x74, 0x72, 0x69, 0x67, 0x67, 0x65,
    0x72, 0x3c, 0x2f, 0x68, 0x32, 0x3e, 0x3c, 0x6c, 0x61, 0x62, 0x65, 0x6c,
    0x3e, 0x54, 0x72, 0x69, 0x67, 0x67, 0x65, 0x72, 0x20, 0x73, 0x6f, 0x75,
    0x72, 0x63, 0x65, 0x3c, 0x73, 0x65, 0x6c, 0x65, 0x63, 0x74, 0x20, 0x69,
    0x64, 0x3d, 0x22, 0x73, 0x6f, 0x75, 0x72, 0x63, 0x65, 0x22, 0x3e, 0x3c,
    0x2f, 0x73, 0x65, 0x6c, 0x65, 0x63, 0x74, 0x3e, 0x3c, 0x2f, 0x6c, 0x61,
    0x62, 0x65, 0x6c, 0x3e, 0x3c, 0x6c, 0x61, 0x62, 0x65, 0x6c, 0x3e, 0x43,
    0x6f, 0x6e, 0x64, 0x69, 0x74, 0x69, 0x6f, 0x6e, 0x3c, 0x73, 0x65, 0x6c,
    0x65, 0x63, 0x74, 0x20, 0x69, 0x64, 0x3d, 0x22, 0x63, 0x6f, 0x6d, 0x70,
    0x61, 0x72, 0x61, 0x74, 0x6f, 0x72, 0x22, 0x3e, 0x3c, 0x6f, 0x70, 0x74,
    0x69, 0x6f, 0x6e, 0x20, 0x76, 0x61, 0x6c, 0x75, 0x65, 0x3d, 0x22, 0x65,
    0x71, 0x22, 0x3e, 0x65, 0x71, 0x75, 0x61, 0x6c, 0x73, 0x3c, 0x2f, 0x6f,
    0x70, 0x74, 0x69, 0x6f, 0x6e, 0x3e, 0x3c, 0x6f, 0x70, 0x74, 0x69, 0x6f,
    0x6e, 0x20, 0x76, 0x61, 0x6c, 0x75, 0x65, 0x3d, 0x22, 0x6e, 0x65, 0x22,
    0x3e, 0x6e, 0x6f, 0x74, 0x20, 0x65, 0x71, 0x75, 0x61, 0x6c, 0x73, 0x3c,
    0x2f, 0x6f, 0x70, 0x74, 0x69, 0x6f, 0x6e, 0x3e, 0x3c, 0x6f, 0x70, 0x74,
    0x69, 0x6f, 0x6e, 0x20, 0x76, 0x61, 0x6c, 0x75, 0x65, 0x3d, 0x22, 0x67,
    0x74, 0x22, 0x3e, 0x67, 0x72, 0x65, 0x61, 0x74, 0x65, 0x72, 0x20, 0x74,
    0x68, 0x61, 0x6e, 0x3c, 0x2f, 0x6f, 0x70, 0x74, 0x69, 0x6f, 0x6e, 0x3e,
    0x3c, 0x6f, 0x70, 0x74, 0x69, 0x6f, 0x6e, 0x20, 0x76, 0x61, 0x6c, 0x75,
    0x65, 0x3d, 0x22, 0x67, 0x74, 0x65, 0x22, 0x3e, 0x67, 0x72, 0x65, 0x61,
    0x74, 0x65, 0x72, 0x20, 0x6f, 0x72, 0x20, 0x65, 0x71, 0x75, 0x61, 0x6c,
    0x3c, 0x2f, 0x6f, 0x70, 0x74, 0x69, 0x6f, 0x6e, 0x3e, 0x3c, 0x6f, 0x70,
    0x74, 0x69, 0x6f, 0x6e, 0x20, 0x76, 0x61, 0x6c, 0x75, 0x65, 0x3d, 0x22,
    0x6c, 0x74, 0x22, 0x3e, 0x6c, 0x65, 0x73, 0x73, 0x20, 0x74, 0x68, 0x61,
    0x6e, 0x3c, 0x2f, 0x6f, 0x70, 0x74, 0x69, 0x6f, 0x6e, 0x3e, 0x3c, 0x6f,
    0x70, 0x74, 0x69, 0x6f, 0x6e, 0x20, 0x76, 0x61, 0x6c, 0x75, 0x65, 0x3d,
    0x22, 0x6c, 0x74, 0x65, 0x22, 0x3e, 0x6c, 0x65, 0x73, 0x73, 0x20, 0x6f,
    0x72, 0x20, 0x65, 0x71, 0x75, 0x61, 0x6c, 0x3c, 0x2f, 0x6f, 0x70, 0x74,
    0x69, 0x6f, 0x6e, 0x3e, 0x3c, 0x2f, 0x73, 0x65, 0x6c, 0x65, 0x63, 0x74,
    0x3e, 0x3c, 0x2f, 0x6c, 0x61, 0x62, 0x65, 0x6c, 0x3e, 0x3c, 0x6c, 0x61,
    0x62, 0x65, 0x6c, 0x3e, 0x54, 0x68, 0x72, 0x65, 0x73, 0x68, 0x6f, 0x6c,
    0x64, 0x3c, 0x69, 0x6e, 0x70, 0x75, 0x74, 0x20, 0x69, 0x64, 0x3d, 0x22,
    0x74, 0x68, 0x72, 0x65, 0x73, 0x68, 0x6f, 0x6c, 0x64, 0x22, 0x20, 0x76,
    0x61, 0x6c, 0x75, 0x65, 0x3d, 0x22, 0x74, 0x72, 0x75, 0x65, 0x22, 0x20,
    0x73, 0x70, 0x65, 0x6c, 0x6c, 0x63, 0x68, 0x65, 0x63, 0x6b, 0x3d, 0x22,
    0x66, 0x61, 0x6c, 0x73, 0x65, 0x22, 0x3e, 0x3c, 0x73, 0x6d, 0x61, 0x6c,
    0x6c, 0x3e, 0x74, 0x72, 0x75, 0x65, 0x20, 0x2f, 0x20, 0x66, 0x61, 0x6c,
    0x73, 0x65, 0x20, 0x6f, 0x72, 0x20, 0x61, 0x20, 0x77, 0x68, 0x6f, 0x6c,
    0x65, 0x20, 0x6e, 0x75, 0x6d, 0x62, 0x65, 0x72, 0x3c, 0x2f, 0x73, 0x6d,
    0x61, 0x6c, 0x6c, 0x3e, 0x3c, 0x2f, 0x6c, 0x61, 0x62, 0x65, 0x6c, 0x3e,
    0x3c, 0x64, 0x65, 0x74, 0x61, 0x69, 0x6c, 0x73, 0x20, 0x69, 0x64, 0x3d,
    0x22, 0x67, 0x70, 0x69, 0x6f, 0x5f, 0x66, 0x69, 0x65, 0x6c, 0x64, 0x73,
    0x22, 0x3e, 0x3c, 0x73, 0x75, 0x6d, 0x6d, 0x61, 0x72, 0x79, 0x3e, 0x47,
    0x50, 0x49, 0x4f, 0x20, 0x73, 0x65, 0x74, 0x74, 0x69, 0x6e, 0x67, 0x73,
    0x20, 0x26, 0x61, 0x6d, 0x70, 0x3b, 0x20, 0x73, 0x61, 0x66, 0x65, 0x74,
    0x79, 0x3c, 0x2f, 0x73, 0x75, 0x6d, 0x6d, 0x61, 0x72, 0x79, 0x3e, 0x3c,
    0x6c, 0x61, 0x62, 0x65, 0x6c, 0x3e, 0x47, 0x50, 0x49, 0x4f, 0x20, 0x70,
    0x69, 0x6e, 0x3c, 0x69, 0x6e, 0x70, 0x75, 0x74, 0x20, 0x69, 0x64, 0x3d,
    0x22, 0x67, 0x70, 0x69, 0x6f, 0x5f, 0x70, 0x69, 0x6e, 0x22, 0x20, 0x74,
    0x79, 0x70, 0x65, 0x3d, 0x22, 0x6e, 0x75, 0x6d, 0x62, 0x65, 0x72, 0x22,
    0x20, 0x76, 0x61, 0x6c, 0x75, 0x65, 0x3d, 0x22, 0x34, 0x22, 0x3e, 0x3c,
    0x2f, 0x6c, 0x61, 0x62, 0x65, 0x6c, 0x3e, 0x3c, 0x6c, 0x61, 0x62, 0x65,
    0x6c, 0x3e, 0x47, 0x50, 0x49, 0x4f, 0x20, 0x70, 0x72, 0x6f, 0x66, 0x69,
    0x6c, 0x65, 0x3c, 0x73, 0x65, 0x6c, 0x65, 0x63, 0x74, 0x20, 0x69, 0x64,
    0x3d, 0x22, 0x67, 0x70, 0x69, 0x6f, 0x5f, 0x70, 0x72, 0x6f, 0x66, 0x69,
    0x6c, 0x65, 0x22, 0x3e, 0x3c, 0x2f, 0x73, 0x65, 0x6c, 0x65, 0x63, 0x74,
    0x3e, 0x3c, 0x2f, 0x6c, 0x61, 0x62, 0x65, 0x6c, 0x3e, 0x3c, 0x6c, 0x61,
    0x62, 0x65, 0x6c, 0x3e, 0x44, 0x65, 0x62, 0x6f, 0x75, 0x6e, 0x63, 0x65,
    0x20, 0x28, 0x6d, 0x73, 0x29, 0x3c, 0x69, 0x6e, 0x70, 0x75, 0x74, 0x20,
    0x69, 0x64, 0x3d, 0x22, 0x67, 0x70, 0x69, 0x6f, 0x5f, 0x64, 0x65, 0x62,
    0x6f, 0x75, 0x6e, 0x63, 0x65, 0x5f, 0x6d, 0x73, 0x22, 0x20, 0x74, 0x79,
    0x70, 0x65, 0x3d, 0x22, 0x6e, 0x75, 0x6d, 0x62, 0x65, 0x72, 0x22, 0x20,
    0x6d, 0x69, 0x6e, 0x3d, 0x22, 0x30, 0x22, 0x20, 0x76, 0x61, 0x6c, 0x75,
    0x65, 0x3d, 0x22, 0x32, 0x30, 0x22, 0x3e, 0x3c, 0x2f, 0x6c, 0x61, 0x62,
    0x65, 0x6c, 0x3e, 0x3c, 0x6c, 0x61, 0x62, 0x65, 0x6c, 0x20, 0x63, 0x6c,
    0x61, 0x73, 0x73, 0x3d, 0x22, 0x63, 0x68, 0x65, 0x63, 0x6b, 0x22, 0x3e,
    0x3c, 0x69, 0x6e, 0x70, 0x75, 0x74, 0x20, 0x69, 0x64, 0x3d, 0x22, 0x67,
    0x70, 0x69, 0x6f, 0x5f, 0x61, 0x63, 0x74, 0x69, 0x76, 0x65, 0x5f, 0x6c,
    0x6f, 0x77, 0x22, 0x20, 0x74, 0x79, 0x70, 0x65, 0x3d, 0x22, 0x63, 0x68,
    0x65, 0x63, 0x6b, 0x62, 0x6f, 0x78, 0x22, 0x3e, 0x41, 0x63, 0x74, 0x69,
    0x76, 0x65, 0x20, 0x6c, 0x6f, 0x77, 0x3c, 0x2f, 0x6c, 0x61, 0x62, 0x65,
    0x6c, 0x3e, 0x3c, 0x62, 0x75, 0x74, 0x74, 0x6f, 0x6e, 0x20, 0x69, 0x64,
    0x3d, 0x22, 0x67, 0x70, 0x69, 0x6f, 0x5f, 0x74, 0x65, 0x73, 0x74, 0x22,
    0x20, 0x63, 0x6c, 0x61, 0x73, 0x73, 0x3d, 0x22, 0x73, 0x65, 0x63, 0x6f,
    0x6e, 0x64, 0x61, 0x72, 0x79, 0x22, 0x3e, 0x54, 0x65, 0x73, 0x74, 0x20,
    0x47, 0x50, 0x49, 0x4f, 0x20, 0x73, 0x61, 0x66, 0x65, 0x74, 0x79, 0x3c,
    0x2f, 0x62, 0x75, 0x74, 0x74, 0x6f, 0x6e, 0x3e, 0x3c, 0x2f, 0x64, 0x65,
    0x74, 0x61, 0x69, 0x6c, 0x73, 0x3e, 0x3c, 0x2f, 0x73, 0x65, 0x63, 0x74,
    0x69, 0x6f, 0x6e, 0x3e, 0x3c, 0x73, 0x65, 0x63, 0x74, 0x69, 0x6f, 0x6e,
    0x20, 0x63, 0x6c, 0x61, 0x73, 0x73, 0x3d, 0x22, 0x63, 0x61, 0x72, 0x64,
    0x22, 0x3e, 0x3c, 0x73, 0x70, 0x61, 0x6e, 0x20, 0x63, 0x6c, 0x61, 0x73,
    0x73, 0x3d, 0x22, 0x65, 0x79, 0x65, 0x62, 0x72, 0x6f, 0x77, 0x22, 0x3e,
    0x30, 0x32, 0x20, 0x2f, 0x20, 0x44, 0x4f, 0x3c, 0x2f, 0x73, 0x70, 0x61,
    0x6e, 0x3e, 0x3c, 0x68, 0x32, 0x3e, 0x43, 0x68, 0x6f, 0x6f, 0x73, 0x65,
    0x20, 0x61, 0x6e, 0x20, 0x61, 0x63, 0x74, 0x69, 0x6f, 0x6e, 0x3c, 0x2f,
    0x68, 0x32, 0x3e, 0x3c, 0x6c, 0x61, 0x62, 0x65, 0x6c, 0x3e, 0x41, 0x63,
    0x74, 0x69, 0x6f, 0x6e, 0x3c, 0x73, 0x65, 0x6c, 0x65, 0x63, 0x74, 0x20,
    0x69, 0x64, 0x3d, 0x22, 0x61, 0x63, 0x74, 0x69, 0x6f, 0x6e, 0x22, 0x3e,
    0x3c, 0x2f, 0x73, 0x65, 0x6c, 0x65, 0x63, 0x74, 0x3e, 0x3c, 0x2f, 0x6c,
    0x61, 0x62, 0x65, 0x6c, 0x3e, 0x3c, 0x64, 0x69, 0x76, 0x20, 0x69, 0x64,
    0x3d, 0x22, 0x68, 0x74, 0x74, 0x70, 0x5f, 0x66, 0x69, 0x65, 0x6c, 0x64,
    0x73, 0x22, 0x3e, 0x3c, 0x6c, 0x61, 0x62, 0x65, 0x6c, 0x3e, 0x48, 0x54,
    0x54, 0x50, 0x20, 0x55, 0x52, 0x4c, 0x3c, 0x69, 0x6e, 0x70, 0x75, 0x74,
    0x20, 0x69, 0x64, 0x3d, 0x22, 0x68, 0x74, 0x74, 0x70, 0x5f, 0x75, 0x72,
    0x6c, 0x22, 0x20, 0x6d, 0x61, 0x78, 0x6c, 0x65, 0x6e, 0x67, 0x74, 0x68,
    0x3d, 0x22, 0x31, 0x32, 0x37, 0x22, 0x20, 0x73, 0x70, 0x65, 0x6c, 0x6c,
    0x63, 0x68, 0x65, 0x63, 0x6b, 0x3d, 0x22, 0x66, 0x61, 0x6c, 0x73, 0x65,
    0x22, 0x3e, 0x3c, 0x2f, 0x6c, 0x61, 0x62, 0x65, 0x6c, 0x3e, 0x3c, 0x6c,
    0x61, 0x62, 0x65, 0x6c, 0x3e, 0x42, 0x65, 0x61, 0x72, 0x65, 0x72, 0x20,
    0x74, 0x6f, 0x6b, 0x65, 0x6e, 0x3c, 0x69, 0x6e, 0x70, 0x75, 0x74, 0x20,
    0x69, 0x64, 0x3d, 0x22, 0x68, 0x74, 0x74, 0x70, 0x5f, 0x62, 0x65, 0x61,
    0x72, 0x65, 0x72, 0x5f, 0x74, 0x6f, 0x6b, 0x65, 0x6e, 0x22, 0x20, 0x74,
    0x79, 0x70, 0x65, 0x3d, 0x22, 0x70, 0x61, 0x73, 0x73, 0x77, 0x6f, 0x72,
    0x64, 0x22, 0x20, 0x61, 0x75, 0x74, 0x6f, 0x63, 0x6f, 0x6d, 0x70, 0x6c,
    0x65, 0x74, 0x65, 0x3d, 0x22, 0x6f, 0x66, 0x66, 0x22, 0x20, 0x6d, 0x61,
    0x78, 0x6c, 0x65, 0x6e, 0x67, 0x74, 0x68, 0x3d, 0x22, 0x39, 0x35, 0x22,
    0x3e, 0x3c, 0x73, 0x6d, 0x61, 0x6c, 0x6c, 0x3e, 0x4c, 0x65, 0x61, 0x76,
    0x65, 0x20, 0x62, 0x6c, 0x61, 0x6e, 0x6b, 0x20, 0x74, 0x6f, 0x20, 0x6b,
    0x65, 0x65, 0x70, 0x20, 0x74, 0x68, 0x65, 0x20, 0x73, 0x61, 0x76, 0x65,
    0x64, 0x20, 0x74, 0x6f, 0x6b, 0x65, 0x6e, 0x2e, 0x3c, 0x2f, 0x73, 0x6d,
    0x61, 0x6c, 0x6c, 0x3e, 0x3c, 0x2f, 0x6c, 0x61, 0x62, 0x65, 0x6c, 0x3e,
    0x3c, 0x2f, 0x64, 0x69, 0x76, 0x3e, 0x3c, 0x2f, 0x73, 0x65, 0x63, 0x74,
    0x69, 0x6f, 0x6e, 0x3e, 0x3c, 0x2f, 0x64, 0x69, 0x76, 0x3e, 0x3c, 0x64,
    0x69, 0x76, 0x20, 0x63, 0x6c, 0x61, 0x73, 0x73, 0x3d, 0x22, 0x61, 0x63,
    0x74, 0x69, 0x6f, 0x6e, 0x73, 0x22, 0x3e, 0x3c, 0x62, 0x75, 0x74, 0x74,
    0x6f, 0x6e, 0x20, 0x69, 0x64, 0x3d, 0x22, 0x73, 0x61, 0x76, 0x65, 0x5f,
    0x63, 0x6f, 0x6e, 0x66, 0x69, 0x67, 0x22, 0x3e, 0x53, 0x61, 0x76, 0x65,
    0x20, 0x61, 0x75, 0x74, 0x6f, 0x6d, 0x61, 0x74, 0x69, 0x6f, 0x6e, 0x3c,
    0x2f, 0x62, 0x75, 0x74, 0x74, 0x6f, 0x6e, 0x3e, 0x3c, 0x62, 0x75, 0x74,
    0x74, 0x6f, 0x6e, 0x20, 0x69, 0x64, 0x3d, 0x22, 0x63, 0x61, 0x6e, 0x63,
    0x65, 0x6c, 0x5f, 0x65, 0x64, 0x69, 0x74, 0x6f, 0x72, 0x22, 0x20, 0x63,
    0x6c, 0x61, 0x73, 0x73, 0x3d, 0x22, 0x73, 0x65, 0x63, 0x6f, 0x6e, 0x64,
    0x61, 0x72, 0x79, 0x22, 0x3e, 0x43, 0x61, 0x6e, 0x63, 0x65, 0x6c, 0x3c,
    0x2f, 0x62, 0x75, 0x74, 0x74, 0x6f, 0x6e, 0x3e, 0x3c, 0x2f, 0x64, 0x69,
    0x76, 0x3e, 0x3c, 0x2f, 0x66, 0x69, 0x65, 0x6c, 0x64, 0x73, 0x65, 0x74,
    0x3e, 0x3c, 0x2f, 0x64, 0x69, 0x61, 0x6c, 0x6f, 0x67, 0x3e, 0x3c, 0x64,
    0x65, 0x74, 0x61, 0x69, 0x6c, 0x73, 0x20, 0x63, 0x6c, 0x61, 0x73, 0x73,
    0x3d, 0x22, 0x6f, 0x70, 0x65, 0x72, 0x61, 0x74, 0x69, 0x6f, 0x6e, 0x22,
    0x3e, 0x3c, 0x73, 0x75, 0x6d, 0x6d, 0x61, 0x72, 0x79, 0x3e, 0x4c, 0x61,
    0x73, 0x74, 0x20, 0x6f, 0x70, 0x65, 0x72, 0x61, 0x74, 0x69, 0x6f, 0x6e,
    0x3c, 0x2f, 0x73, 0x75, 0x6d, 0x6d, 0x61, 0x72, 0x79, 0x3e, 0x3c, 0x70,
    0x72, 0x65, 0x20, 0x69, 0x64, 0x3d, 0x22, 0x6f, 0x70, 0x5f, 0x72, 0x65,
    0x73, 0x75, 0x6c, 0x74, 0x22, 0x20, 0x63, 0x6c, 0x61, 0x73, 0x73, 0x3d,
    0x22, 0x73, 0x74, 0x61, 0x74, 0x75, 0x73, 0x22, 0x3e, 0x4e, 0x6f, 0x20,
    0x6f, 0x70, 0x65, 0x72, 0x61, 0x74, 0x69, 0x6f, 0x6e, 0x20, 0x79, 0x65,
    0x74, 0x2e, 0x3c, 0x2f, 0x70, 0x72, 0x65, 0x3e, 0x3c, 0x2f, 0x64, 0x65,
    0x74, 0x61, 0x69, 0x6c, 0x73, 0x3e, 0x3c, 0x73, 0x63, 0x72, 0x69, 0x70,
    0x74, 0x3e, 0x63, 0x6f, 0x6e, 0x73, 0x74, 0x20, 0x24, 0x3d, 0x69, 0x64,
    0x3d, 0x3e, 0x64, 0x6f, 0x63, 0x75, 0x6d, 0x65, 0x6e, 0x74, 0x2e, 0x67,
    0x65, 0x74, 0x45, 0x6c, 0x65, 0x6d, 0x65, 0x6e, 0x74, 0x42, 0x79, 0x49,
    0x64, 0x28, 0x69, 0x64, 0x29, 0x3b, 0x0a, 0x6c, 0x65, 0x74, 0x20, 0x64,
    0x65, 0x76, 0x69, 0x63, 0x65, 0x54, 0x6f, 0x6b, 0x65, 0x6e, 0x3d, 0x27,
    0x27, 0x2c, 0x20, 0x75, 0x6e, 0x6c, 0x6f, 0x63, 0x6b, 0x65, 0x64, 0x3d,
    0x66, 0x61, 0x6c, 0x73, 0x65, 0x2c, 0x20, 0x70, 0x65, 0x6e, 0x64, 0x69,
    0x6e, 0x67, 0x3d, 0x30, 0x2c, 0x20, 0x61, 0x63, 0x74, 0x69, 0x76, 0x65,
    0x56, 0x69, 0x65, 0x77, 0x3d, 0x27, 0x61, 0x75, 0x74, 0x6f, 0x6d, 0x61,
    0x74, 0x69, 0x6f, 0x6e, 0x73, 0x27, 0x2c, 0x20, 0x6c, 0x6f, 0x61, 0x64,
    0x65, 0x64, 0x3d, 0x7b, 0x7d, 0x2c, 0x20, 0x63, 0x6f, 0x6e, 0x66, 0x69,
    0x67, 0x53, 0x6e, 0x61, 0x70, 0x73, 0x68, 0x6f, 0x74, 0x3d, 0x6e, 0x75,
    0x6c, 0x6c, 0x2c, 0x20, 0x65, 0x64, 0x69, 0x74, 0x49, 0x6e, 0x64, 0x65,
    0x78, 0x3d, 0x2d, 0x31, 0x3b, 0x0a, 0x6c, 0x65, 0x74, 0x20, 0x63, 0x61,
    0x70, 0x73, 0x3d, 0x7b, 0x73, 0x6f, 0x75, 0x72, 0x63, 0x65, 0x73, 0x3a,
    0x5b, 0x5d, 0x2c, 0x20, 0x61, 0x63, 0x74, 0x69, 0x6f, 0x6e, 0x73, 0x3a,
    0x5b, 0x5d, 0x2c, 0x20, 0x67, 0x70, 0x69, 0x6f, 0x5f, 0x70, 0x72, 0x6f,
    0x66, 0x69, 0x6c, 0x65, 0x73, 0x3a, 0x5b, 0x5d, 0x2c, 0x20, 0x68, 0x61,
    0x74, 0x5f, 0x73, 0x6f, 0x75, 0x72, 0x63, 0x65, 0x73, 0x3a, 0x5b, 0x5d,
    0x7d, 0x3b, 0x0a, 0x66, 0x75, 0x6e, 0x63, 0x74, 0x69, 0x6f, 0x6e, 0x20,
    0x62, 0x61, 0x6e, 0x6e, 0x65, 0x72, 0x28, 0x6b, 0x69, 0x6e, 0x64, 0x2c,
    0x20, 0x6d, 0x73, 0x67, 0x29, 0x20, 0x7b, 0x20, 0x24, 0x28, 0x27, 0x62,
    0x61, 0x6e, 0x6e, 0x65, 0x72, 0x27, 0x29, 0x2e, 0x63, 0x6c, 0x61, 0x73,
    0x73, 0x4e, 0x61, 0x6d, 0x65, 0x3d, 0x27, 0x62, 0x61, 0x6e, 0x6e, 0x65,
    0x72, 0x20, 0x27, 0x2b, 0x28, 0x6b, 0x69, 0x6e, 0x64, 0x7c, 0x7c, 0x27,
    0x69, 0x6e, 0x66, 0x6f, 0x27, 0x29, 0x3b, 0x20, 0x24, 0x28, 0x27, 0x62,
    0x61, 0x6e, 0x6e, 0x65, 0x72, 0x27, 0x29, 0x2e, 0x74, 0x65, 0x78, 0x74,
    0x43, 0x6f, 0x6e, 0x74, 0x65, 0x6e, 0x74, 0x3d, 0x6d, 0x73, 0x67, 0x7c,
    0x7c, 0x27, 0x27, 0x3b, 0x20, 0x7d, 0x0a, 0x66, 0x75, 0x6e, 0x63, 0x74,
    0x69, 0x6f, 0x6e, 0x20, 0x64, 0x75, 0x6d, 0x70, 0x28, 0x69, 0x64, 0x2c,
    0x20, 0x64, 0x29, 0x20, 0x7b, 0x20, 0x24, 0x28, 0x69, 0x64, 0x29, 0x2e,
    0x74, 0x65, 0x78, 0x74, 0x43, 0x6f, 0x6e, 0x74, 0x65, 0x6e, 0x74, 0x3d,
    0x74, 0x79, 0x70, 0x65, 0x6f, 0x66, 0x20, 0x64, 0x3d, 0x3d, 0x3d, 0x27,
    0x73, 0x74, 0x72, 0x69, 0x6e, 0x67, 0x27, 0x3f, 0x64, 0x3a, 0x4a, 0x53,
    0x4f, 0x4e, 0x2e, 0x73, 0x74, 0x72, 0x69, 0x6e, 0x67, 0x69, 0x66, 0x79,
    0x28, 0x64, 0x2c, 0x20, 0x6e, 0x75, 0x6c, 0x6c, 0x2c, 0x20, 0x32, 0x29,
    0x7c, 0x7c, 0x27, 0x4f, 0x70, 0x65, 0x72, 0x61, 0x74, 0x69, 0x6f, 0x6e,
    0x20, 0x63, 0x6f, 0x6d, 0x70, 0x6c, 0x65, 0x74, 0x65, 0x2e, 0x27, 0x3b,
    0x20, 0x7d, 0x0a, 0x66, 0x75, 0x6e, 0x63, 0x74, 0x69, 0x6f, 0x6e, 0x20,
    0x63, 0x6f, 0x6e, 0x74, 0x72, 0x6f, 0x6c, 0x73, 0x28, 0x29, 0x20, 0x7b,
    0x0a, 0x64, 0x6f, 0x63, 0x75, 0x6d, 0x65, 0x6e, 0x74, 0x2e, 0x71, 0x75,
    0x65, 0x72, 0x79, 0x53, 0x65, 0x6c, 0x65, 0x63, 0x74, 0x6f, 0x72, 0x41,
    0x6c, 0x6c, 0x28, 0x27, 0x62, 0x75, 0x74, 0x74, 0x6f, 0x6e, 0x27, 0x29,
    0x2e, 0x66, 0x6f, 0x72, 0x45, 0x61, 0x63, 0x68, 0x28, 0x62, 0x3d, 0x3e,
    0x62, 0x2e, 0x64, 0x69, 0x73, 0x61, 0x62, 0x6c, 0x65, 0x64, 0x3d, 0x62,
    0x2e, 0x68, 0x61, 0x73, 0x41, 0x74, 0x74, 0x72, 0x69, 0x62, 0x75, 0x74,
    0x65, 0x28, 0x27, 0x70, 0x6f, 0x70, 0x6f, 0x76, 0x65, 0x72, 0x74, 0x61,
    0x72, 0x67, 0x65, 0x74, 0x27, 0x29, 0x3f, 0x66, 0x61, 0x6c, 0x73, 0x65,
    0x3a, 0x70, 0x65, 0x6e, 0x64, 0x69, 0x6e, 0x67, 0x3e, 0x30, 0x7c, 0x7c,
    0x28, 0x21, 0x75, 0x6e, 0x6c, 0x6f, 0x63, 0x6b, 0x65, 0x64, 0x26, 0x26,
    0x62, 0x2e, 0x69, 0x64, 0x21, 0x3d, 0x3d, 0x27, 0x75, 0x6e, 0x6c, 0x6f,
    0x63, 0x6b, 0x5f, 0x64, 0x65, 0x76, 0x69, 0x63, 0x65, 0x27, 0x29, 0x29,
    0x3b, 0x0a, 0x24, 0x28, 0x27, 0x6e, 0x65, 0x77, 0x5f, 0x61, 0x75, 0x74,
    0x6f, 0x6d, 0x61, 0x74, 0x69, 0x6f, 0x6e, 0x27, 0x29, 0x2e, 0x64, 0x69,
    0x73, 0x61, 0x62, 0x6c, 0x65, 0x64, 0x3d, 0x70, 0x65, 0x6e, 0x64, 0x69,
    0x6e, 0x67, 0x3e, 0x30, 0x7c, 0x7c, 0x21, 0x75, 0x6e, 0x6c, 0x6f, 0x63,
    0x6b, 0x65, 0x64, 0x7c, 0x7c, 0x28, 0x63, 0x6f, 0x6e, 0x66, 0x69, 0x67,
    0x53, 0x6e, 0x61, 0x70, 0x73, 0x68, 0x6f, 0x74, 0x26, 0x26, 0x63, 0x6f,
    0x6e, 0x66, 0x69, 0x67, 0x53, 0x6e, 0x61, 0x70, 0x73, 0x68, 0x6f, 0x74,
    0x2e, 0x72, 0x75, 0x6c, 0x65, 0x73, 0x2e, 0x6c, 0x65, 0x6e, 0x67, 0x74,
    0x68, 0x3e, 0x3d, 0x38, 0x29, 0x3b, 0x0a, 0x7d, 0x0a, 0x66, 0x75, 0x6e,
    0x63, 0x74, 0x69, 0x6f, 0x6e, 0x20, 0x62, 0x75, 0x73, 0x79, 0x28, 0x6f,
    0x6e, 0x29, 0x20, 0x7b, 0x20, 0x70, 0x65, 0x6e, 0x64, 0x69, 0x6e, 0x67,
    0x20, 0x2b, 0x3d, 0x20, 0x6f, 0x6e, 0x3f, 0x31, 0x3a, 0x2d, 0x31, 0x3b,
    0x20, 0x63, 0x6f, 0x6e, 0x74, 0x72, 0x6f, 0x6c, 0x73, 0x28, 0x29, 0x3b,
    0x20, 0x7d, 0x0a, 0x66, 0x75, 0x6e, 0x63, 0x74, 0x69, 0x6f, 0x6e, 0x20,
    0x73, 0x65, 0x73, 0x73, 0x69, 0x6f, 0x6e, 0x28, 0x6f, 0x6e, 0x29, 0x20,
    0x7b, 0x0a, 0x75, 0x6e, 0x6c, 0x6f, 0x63, 0x6b, 0x65, 0x64, 0x3d, 0x6f,
    0x6e, 0x3b, 0x0a, 0x24, 0x28, 0x27, 0x75, 0x6e, 0x6c, 0x6f, 0x63, 0x6b,
    0x5f, 0x70, 0x61, 0x6e, 0x65, 0x6c, 0x27, 0x29, 0x2e, 0x68, 0x69, 0x64,
    0x64, 0x65, 0x6e, 0x3d, 0x6f, 0x6e, 0x3b, 0x0a, 0x64, 0x6f, 0x63, 0x75,
    0x6d, 0x65, 0x6e, 0x74, 0x2e, 0x71, 0x75, 0x65, 0x72, 0x79, 0x53, 0x65,
    0x6c, 0x65, 0x63, 0x74, 0x6f, 0x72, 0x41, 0x6c, 0x6c, 0x28, 0x27, 0x2e,
    0x63, 0x6f, 0x6e, 0x74, 0x72, 0x6f, 0x6c, 0x73, 0x27, 0x29, 0x2e, 0x66,
    0x6f, 0x72, 0x45, 0x61, 0x63, 0x68, 0x28, 0x66, 0x3d, 0x3e, 0x66, 0x2e,
    0x64, 0x69, 0x73, 0x61, 0x62, 0x6c, 0x65, 0x64, 0x3d, 0x21, 0x6f, 0x6e,
    0x29, 0x3b, 0x0a, 0x63, 0x6f, 0x6e, 0x74, 0x72, 0x6f, 0x6c, 0x73, 0x28,
    0x29, 0x3b, 0x0a, 0x69, 0x66, 0x28, 0x6f, 0x6e, 0x26, 0x26, 0x24, 0x28,
    0x27, 0x63, 0x6f, 0x6e, 0x6e, 0x65, 0x63, 0x74, 0x69, 0x6f, 0x6e, 0x5f,
    0x70, 0x69, 0x6c, 0x6c, 0x27, 0x29, 0x2e, 0x74, 0x65, 0x78, 0x74, 0x43,
    0x6f, 0x6e, 0x74, 0x65, 0x6e, 0x74, 0x3d, 0x3d, 0x3d, 0x27, 0x4c, 0x6f,
    0x63, 0x6b, 0x65, 0x64, 0x27, 0x29, 0x20, 0x24, 0x28, 0x27, 0x63, 0x6f,
    0x6e, 0x6e, 0x65, 0x63, 0x74, 0x69, 0x6f, 0x6e, 0x5f, 0x70, 0x69, 0x6c,
    0x6c, 0x27, 0x29, 0x2e, 0x74, 0x65, 0x78, 0x74, 0x43, 0x6f, 0x6e, 0x74,
    0x65, 0x6e, 0x74, 0x3d, 0x27, 0x55, 0x6e, 0x6c, 0x6f, 0x63, 0x6b, 0x65,
    0x64, 0x27, 0x3b, 0x0a, 0x69, 0x66, 0x28, 0x21, 0x6f, 0x6e, 0x29, 0x20,
    0x7b, 0x20, 0x64, 0x65, 0x76, 0x69, 0x63, 0x65, 0x54, 0x6f, 0x6b, 0x65,
    0x6e, 0x3d, 0x27, 0x27, 0x3b, 0x20, 0x6c, 0x6f, 0x61, 0x64, 0x65, 0x64,
    0x3d, 0x7b, 0x7d, 0x3b, 0x20, 0x63, 0x6f, 0x6e, 0x66, 0x69, 0x67, 0x53,
    0x6e, 0x61, 0x70, 0x73, 0x68, 0x6f, 0x74, 0x3d, 0x6e, 0x75, 0x6c, 0x6c,
    0x3b, 0x20, 0x69, 0x66, 0x28, 0x24, 0x28, 0x27, 0x72, 0x75, 0x6c, 0x65,
    0x5f, 0x65, 0x64, 0x69, 0x74, 0x6f, 0x72, 0x27, 0x29, 0x2e, 0x6f, 0x70,
    0x65, 0x6e, 0x29, 0x20, 0x24, 0x28, 0x27, 0x72, 0x75, 0x6c, 0x65, 0x5f,
    0x65, 0x64, 0x69, 0x74, 0x6f, 0x72, 0x27, 0x29, 0x2e, 0x63, 0x6c, 0x6f,
    0x73, 0x65, 0x28, 0x29, 0x3b, 0x20, 0x72, 0x65, 0x6e, 0x64, 0x65, 0x72,
    0x52, 0x75, 0x6c, 0x65, 0x73, 0x28, 0x29, 0x3b, 0x20, 0x5b, 0x27, 0x77,
    0x69, 0x66, 0x69, 0x5f, 0x70, 0x61, 0x73, 0x73, 0x77, 0x6f, 0x72, 0x64,
    0x27, 0x2c, 0x27, 0x61, 0x70, 0x5f, 0x70, 0x61, 0x73, 0x73, 0x77, 0x6f,
    0x72, 0x64, 0x27, 0x2c, 0x27, 0x68, 0x74, 0x74, 0x70, 0x5f, 0x62, 0x65,
    0x61, 0x72, 0x65, 0x72, 0x5f, 0x74, 0x6f, 0x6b, 0x65, 0x6e, 0x27, 0x5d,
    0x2e, 0x66, 0x6f, 0x72, 0x45, 0x61, 0x63, 0x68, 0x28, 0x69, 0x64, 0x3d,
    0x3e, 0x24, 0x28, 0x69, 0x64, 0x29, 0x2e, 0x76, 0x61, 0x6c, 0x75, 0x65,
    0x3d, 0x27, 0x27, 0x29, 0x3b, 0x20, 0x24, 0x28, 0x27, 0x63, 0x6f, 0x6e,
    0x6e, 0x65, 0x63, 0x74, 0x69, 0x6f, 0x6e, 0x5f, 0x70, 0x69, 0x6c, 0x6c,
    0x27, 0x29, 0x2e, 0x74, 0x65, 0x78, 0x74, 0x43, 0x6f, 0x6e, 0x74, 0x65,
    0x6e, 0x74, 0x3d, 0x27, 0x4c, 0x6f, 0x63, 0x6b, 0x65, 0x64, 0x27, 0x3b,
    0x20, 0x7d, 0x0a, 0x7d, 0x0a, 0x61, 0x73, 0x79, 0x6e, 0x63, 0x20, 0x66,
    0x75, 0x6e, 0x63, 0x74, 0x69, 0x6f, 0x6e, 0x20, 0x61, 0x70, 0x69, 0x28,
    0x75, 0x2c, 0x20, 0x6f, 0x29, 0x20, 0x7b, 0x0a, 0x69, 0x66, 0x28, 0x21,
    0x2f, 0x5e, 0x5b, 0x61, 0x2d, 0x66, 0x30, 0x2d, 0x39, 0x5d, 0x7b, 0x31,
    0x36, 0x7d, 0x24, 0x2f, 0x2e, 0x74, 0x65, 0x73, 0x74, 0x28, 0x64, 0x65,
    0x76, 0x69, 0x63, 0x65, 0x54, 0x6f, 0x6b, 0x65, 0x6e, 0x29, 0x29, 0x20,
    0x74, 0x68, 0x72, 0x6f, 0x77, 0x20, 0x6e, 0x65, 0x77, 0x20, 0x45, 0x72,
    0x72, 0x6f, 0x72, 0x28, 0x27, 0x44, 0x65, 0x76, 0x69, 0x63, 0x65, 0x20,
    0x63, 0x6f, 0x64, 0x65, 0x20, 0x72, 0x65, 0x71, 0x75, 0x69, 0x72, 0x65,
    0x64, 0x27, 0x29, 0x3b, 0x0a, 0x62, 0x75, 0x73, 0x79, 0x28, 0x74, 0x72,
    0x75, 0x65, 0x29, 0x3b, 0x0a, 0x74, 0x72, 0x79, 0x20, 0x7b, 0x0a, 0x63,
    0x6f, 0x6e, 0x73, 0x74, 0x20, 0x72, 0x3d, 0x61, 0x77, 0x61, 0x69, 0x74,
    0x20, 0x66, 0x65, 0x74, 0x63, 0x68, 0x28, 0x75, 0x2c, 0x20, 0x4f, 0x62,
    0x6a, 0x65, 0x63, 0x74, 0x2e, 0x61, 0x73, 0x73, 0x69, 0x67, 0x6e, 0x28,
    0x7b, 0x68, 0x65, 0x61, 0x64, 0x65, 0x72, 0x73, 0x3a, 0x7b, 0x27, 0x43,
    0x6f, 0x6e, 0x74, 0x65, 0x6e, 0x74, 0x2d, 0x54, 0x79, 0x70, 0x65, 0x27,
    0x3a, 0x27, 0x61, 0x70, 0x70, 0x6c, 0x69, 0x63, 0x61, 0x74, 0x69, 0x6f,
    0x6e, 0x2f, 0x6a, 0x73, 0x6f, 0x6e, 0x27, 0x2c, 0x20, 0x27, 0x58, 0x2d,
    0x44, 0x65, 0x76, 0x69, 0x63, 0x65, 0x2d, 0x54, 0x6f, 0x6b, 0x65, 0x6e,
    0x27, 0x3a, 0x64, 0x65, 0x76, 0x69, 0x63, 0x65, 0x54, 0x6f, 0x6b, 0x65,
    0x6e, 0x7d, 0x2c, 0x20, 0x73, 0x69, 0x67, 0x6e, 0x61, 0x6c, 0x3a, 0x41,
    0x62, 0x6f, 0x72, 0x74, 0x53, 0x69, 0x67, 0x6e, 0x61, 0x6c, 0x2e, 0x74,
    0x69, 0x6d, 0x65, 0x6f, 0x75, 0x74, 0x28, 0x32, 0x30, 0x30, 0x30, 0x30,
    0x29, 0x7d, 0x2c, 0x20, 0x6f, 0x7c, 0x7c, 0x7b, 0x7d, 0x29, 0x29, 0x3b,
    0x0a, 0x69, 0x66, 0x28, 0x72, 0x2e, 0x73, 0x74, 0x61, 0x74, 0x75, 0x73,
    0x3d, 0x3d, 0x3d, 0x34, 0x30, 0x31, 0x29, 0x20, 0x73, 0x65, 0x73, 0x73,
    0x69, 0x6f, 0x6e, 0x28, 0x66, 0x61, 0x6c, 0x73, 0x65, 0x29, 0x3b, 0x0a,
    0x63, 0x6f, 0x6e, 0x73, 0x74, 0x20, 0x74, 0x3d, 0x61, 0x77, 0x61, 0x69,
    0x74, 0x20, 0x72, 0x2e, 0x74, 0x65, 0x78, 0x74, 0x28, 0x29, 0x3b, 0x0a,
    0x6c, 0x65, 0x74, 0x20, 0x64, 0x3b, 0x0a, 0x74, 0x72, 0x79, 0x20, 0x7b,
    0x20, 0x64, 0x3d, 0x74, 0x3f, 0x4a, 0x53, 0x4f, 0x4e, 0x2e, 0x70, 0x61,
    0x72, 0x73, 0x65, 0x28, 0x74, 0x29, 0x3a, 0x7b, 0x7d, 0x3b, 0x20, 0x7d,
    0x20, 0x63, 0x61, 0x74, 0x63, 0x68, 0x20, 0x28, 0x65, 0x29, 0x20, 0x7b,
    0x20, 0x74, 0x68, 0x72, 0x6f, 0x77, 0x20, 0x6e, 0x65, 0x77, 0x20, 0x45,
    0x72, 0x72, 0x6f, 0x72, 0x28, 0x27, 0x49, 0x6e, 0x76, 0x61, 0x6c, 0x69,
    0x64, 0x20, 0x64, 0x65, 0x76, 0x69, 0x63, 0x65, 0x20, 0x72, 0x65, 0x73,
    0x70, 0x6f, 0x6e, 0x73, 0x65, 0x2e, 0x20, 0x52, 0x65, 0x66, 0x72, 0x65,
    0x73, 0x68, 0x20, 0x74, 0x6f, 0x20, 0x72, 0x65, 0x74, 0x72, 0x79, 0x2e,
    0x27, 0x29, 0x3b, 0x20, 0x7d, 0x0a, 0x69, 0x66, 0x28, 0x21, 0x72, 0x2e,
    0x6f, 0x6b, 0x7c, 0x7c, 0x64, 0x2e, 0x65, 0x72, 0x72, 0x6f, 0x72, 0x7c,
    0x7c, 0x64, 0x2e, 0x6f, 0x6b, 0x3d, 0x3d, 0x3d, 0x66, 0x61, 0x6c, 0x73,
    0x65, 0x29, 0x20, 0x74, 0x68, 0x72, 0x6f, 0x77, 0x20, 0x6e, 0x65, 0x77,
    0x20, 0x45, 0x72, 0x72, 0x6f, 0x72, 0x28, 0x64, 0x2e, 0x65, 0x72, 0x72,
    0x6f, 0x72, 0x7c, 0x7c, 0x64, 0x2e, 0x72, 0x65, 0x61, 0x73, 0x6f, 0x6e,
    0x7c, 0x7c, 0x72, 0x2e, 0x73, 0x74, 0x61, 0x74, 0x75, 0x73, 0x54, 0x65,
    0x78, 0x74, 0x7c, 0x7c, 0x27, 0x4f, 0x70, 0x65, 0x72, 0x61, 0x74, 0x69,
    0x6f, 0x6e, 0x20, 0x66, 0x61, 0x69, 0x6c, 0x65, 0x64, 0x27, 0x29, 0x3b,
    0x0a, 0x72, 0x65, 0x74, 0x75, 0x72, 0x6e, 0x20, 0x64, 0x3b, 0x0a, 0x7d,
    0x20, 0x66, 0x69, 0x6e, 0x61, 0x6c, 0x6c, 0x79, 0x20, 0x7b, 0x20, 0x62,
    0x75, 0x73, 0x79, 0x28, 0x66, 0x61, 0x6c, 0x73, 0x65, 0x29, 0x3b, 0x20,
    0x7d, 0x0a, 0x7d, 0x0a, 0x61, 0x73, 0x79, 0x6e, 0x63, 0x20, 0x66, 0x75,
    0x6e, 0x63, 0x74, 0x69, 0x6f, 0x6e, 0x20, 0x6f, 0x70, 0x28, 0x74, 0x61,
    0x73, 0x6b, 0x2c, 0x20, 0x6d, 0x73, 0x67, 0x29, 0x20, 0x7b, 0x0a, 0x63,
    0x6f, 0x6e, 0x73, 0x74, 0x20, 0x76, 0x69, 0x65, 0x77, 0x3d, 0x61, 0x63,
    0x74, 0x69, 0x76, 0x65, 0x56, 0x69, 0x65, 0x77, 0x3b, 0x0a, 0x62, 0x61,
    0x6e, 0x6e, 0x65, 0x72, 0x28, 0x27, 0x69, 0x6e, 0x66, 0x6f, 0x27, 0x2c,
    0x20, 0x6d, 0x73, 0x67, 0x7c, 0x7c, 0x27, 0x57, 0x6f, 0x72, 0x6b, 0x69,
    0x6e, 0x67, 0xe2, 0x80, 0xa6, 0x27, 0x29, 0x3b, 0x0a, 0x74, 0x72, 0x79,
    0x20, 0x7b, 0x20, 0x63, 0x6f, 0x6e, 0x73, 0x74, 0x20, 0x64, 0x3d, 0x61,
    0x77, 0x61, 0x69, 0x74, 0x20, 0x74, 0x61, 0x73, 0x6b, 0x28, 0x29, 0x3b,
    0x20, 0x64, 0x75, 0x6d, 0x70, 0x28, 0x27, 0x6f, 0x70, 0x5f, 0x72, 0x65,
    0x73, 0x75, 0x6c, 0x74, 0x27, 0x2c, 0x20, 0x64, 0x29, 0x3b, 0x20, 0x62,
    0x61, 0x6e, 0x6e, 0x65, 0x72, 0x28, 0x27, 0x6f, 0x6b, 0x27, 0x2c, 0x20,
    0x27, 0x4f, 0x70, 0x65, 0x72, 0x61, 0x74, 0x69, 0x6f, 0x6e, 0x20, 0x63,
    0x6f, 0x6d, 0x70, 0x6c, 0x65, 0x74, 0x65, 0x27, 0x29, 0x3b, 0x20, 0x72,
    0x65, 0x74, 0x75, 0x72, 0x6e, 0x20, 0x64, 0x3b, 0x20, 0x7d, 0x0a, 0x63,
    0x61, 0x74, 0x63, 0x68, 0x20, 0x28, 0x65, 0x29, 0x20, 0x7b, 0x20, 0x63,
    0x6f, 0x6e, 0x73, 0x74, 0x20, 0x6d, 0x73, 0x67, 0x3d, 0x65, 0x2e, 0x6e,
    0x61, 0x6d, 0x65, 0x3d, 0x3d, 0x3d, 0x27, 0x54, 0x69, 0x6d, 0x65, 0x6f,
    0x75, 0x74, 0x45, 0x72, 0x72, 0x6f, 0x72, 0x27, 0x3f, 0x27, 0x44, 0x65,
    0x76, 0x69, 0x63, 0x65, 0x20, 0x64, 0x69, 0x64, 0x20, 0x6e, 0x6f, 0x74,
    0x20, 0x72, 0x65, 0x73, 0x70, 0x6f, 0x6e, 0x64, 0x2e, 0x20, 0x43, 0x68,
    0x65, 0x63, 0x6b, 0x20, 0x79, 0x6f, 0x75, 0x72, 0x20, 0x63, 0x6f, 0x6e,
    0x6e, 0x65, 0x63, 0x74, 0x69, 0x6f, 0x6e, 0x20, 0x61, 0x6e, 0x64, 0x20,
    0x72, 0x65, 0x66, 0x72, 0x65, 0x73, 0x68, 0x2e, 0x27, 0x3a, 0x65, 0x2e,
    0x6d, 0x65, 0x73, 0x73, 0x61, 0x67, 0x65, 0x3b, 0x20, 0x62, 0x61, 0x6e,
    0x6e, 0x65, 0x72, 0x28, 0x27, 0x65, 0x72, 0x72, 0x27, 0x2c, 0x20, 0x6d,
    0x73, 0x67, 0x29, 0x3b, 0x20, 0x64, 0x75, 0x6d, 0x70, 0x28, 0x27, 0x6f,
    0x70, 0x5f, 0x72, 0x65, 0x73, 0x75, 0x6c, 0x74, 0x27, 0x2c, 0x20, 0x7b,
    0x6f, 0x6b, 0x3a, 0x66, 0x61, 0x6c, 0x73, 0x65, 0x2c, 0x20, 0x65, 0x72,
    0x72, 0x6f, 0x72, 0x3a, 0x6d, 0x73, 0x67, 0x7d, 0x29, 0x3b, 0x20, 0x72,
    0x65, 0x74, 0x75, 0x72, 0x6e, 0x20, 0x6e, 0x75, 0x6c, 0x6c, 0x3b, 0x20,
    0x7d, 0x0a, 0x66, 0x69, 0x6e, 0x61, 0x6c, 0x6c, 0x79, 0x20, 0x7b, 0x20,
    0x69, 0x66, 0x28, 0x75, 0x6e, 0x6c, 0x6f, 0x63, 0x6b, 0x65, 0x64, 0x26,
    0x26, 0x76, 0x69, 0x65, 0x77, 0x21, 0x3d, 0x3d, 0x61, 0x63, 0x74, 0x69,
    0x76, 0x65, 0x56, 0x69, 0x65, 0x77, 0x26, 0x26, 0x21, 0x6c, 0x6f, 0x61,
    0x64, 0x65, 0x64, 0x5b, 0x61, 0x63, 0x74, 0x69, 0x76, 0x65, 0x56, 0x69,
    0x65, 0x77, 0x5d, 0x26, 0x26, 0x21, 0x70, 0x65, 0x6e, 0x64, 0x69, 0x6e,
    0x67, 0x29, 0x20, 0x6f, 0x70, 0x28, 0x72, 0x65, 0x66, 0x72, 0x65, 0x73,
    0x68, 0x2c, 0x20, 0x27, 0x4c, 0x6f, 0x61, 0x64, 0x69, 0x6e, 0x67, 0xe2,
    0x80, 0xa6, 0x27, 0x29, 0x3b, 0x20, 0x7d, 0x0a, 0x7d, 0x0a, 0x66, 0x75,
    0x6e, 0x63, 0x74, 0x69, 0x6f, 0x6e, 0x20, 0x6f, 0x70, 0x74, 0x28, 0x73,
    0x65, 0x6c, 0x2c, 0x20, 0x76, 0x2c, 0x20, 0x74, 0x29, 0x20, 0x7b, 0x20,
    0x63, 0x6f, 0x6e, 0x73, 0x74, 0x20, 0x6f, 0x3d, 0x64, 0x6f, 0x63, 0x75,
    0x6d, 0x65, 0x6e, 0x74, 0x2e, 0x63, 0x72, 0x65, 0x61, 0x74, 0x65, 0x45,
    0x6c, 0x65, 0x6d, 0x65, 0x6e, 0x74, 0x28, 0x27, 0x6f, 0x70, 0x74, 0x69,
    0x6f, 0x6e, 0x27, 0x29, 0x3b, 0x20, 0x6f, 0x2e, 0x76, 0x61, 0x6c, 0x75,
    0x65, 0x3d, 0x76, 0x3b, 0x20, 0x6f, 0x2e, 0x74, 0x65, 0x78, 0x74, 0x43,
    0x6f, 0x6e, 0x74, 0x65, 0x6e, 0x74, 0x3d, 0x74, 0x7c, 0x7c, 0x76, 0x3b,
    0x20, 0x73, 0x65, 0x6c, 0x2e, 0x61, 0x70, 0x70, 0x65, 0x6e, 0x64, 0x43,
    0x68, 0x69, 0x6c, 0x64, 0x28, 0x6f, 0x29, 0x3b, 0x20, 0x7d, 0x0a, 0x66,
    0x75, 0x6e, 0x63, 0x74, 0x69, 0x6f, 0x6e, 0x20, 0x66, 0x69, 0x6c, 0x6c,
    0x28, 0x29, 0x20, 0x7b, 0x0a, 0x5b, 0x27, 0x73, 0x6f, 0x75, 0x72, 0x63,
    0x65, 0x27, 0x2c, 0x27, 0x61, 0x63, 0x74, 0x69, 0x6f, 0x6e, 0x27, 0x2c,
    0x27, 0x67, 0x70, 0x69, 0x6f, 0x5f, 0x70, 0x72, 0x6f, 0x66, 0x69, 0x6c,
    0x65, 0x27, 0x2c, 0x27, 0x68, 0x61, 0x74, 0x5f, 0x73, 0x6f, 0x75, 0x72,
    0x63, 0x65, 0x27, 0x5d, 0x2e, 0x66, 0x6f, 0x72, 0x45, 0x61, 0x63, 0x68,
    0x28, 0x69, 0x3d, 0x3e, 0x24, 0x28, 0x69, 0x29, 0x2e, 0x72, 0x65, 0x70,
    0x6c, 0x61, 0x63, 0x65, 0x43, 0x68, 0x69, 0x6c, 0x64, 0x72, 0x65, 0x6e,
    0x28, 0x29, 0x29, 0x3b, 0x0a, 0x28, 0x63, 0x61, 0x70, 0x73, 0x2e, 0x73,
    0x6f, 0x75, 0x72, 0x63, 0x65, 0x73, 0x7c, 0x7c, 0x5b, 0x5d, 0x29, 0x2e,
    0x66, 0x6f, 0x72, 0x45, 0x61, 0x63, 0x68, 0x28, 0x76, 0x3d, 0x3e, 0x6f,
    0x70, 0x74, 0x28, 0x24, 0x28, 0x27, 0x73, 0x6f, 0x75, 0x72, 0x63, 0x65,
    0x27, 0x29, 0x2c, 0x20, 0x76, 0x29, 0x29, 0x3b, 0x0a, 0x28, 0x63, 0x61,
    0x70, 0x73, 0x2e, 0x61, 0x63, 0x74, 0x69, 0x6f, 0x6e, 0x73, 0x7c, 0x7c,
    0x5b, 0x5d, 0x29, 0x2e, 0x66, 0x6f, 0x72, 0x45, 0x61, 0x63, 0x68, 0x28,
    0x76, 0x3d, 0x3e, 0x6f, 0x70, 0x74, 0x28, 0x24, 0x28, 0x27, 0x61, 0x63,
    0x74, 0x69, 0x6f, 0x6e, 0x27, 0x29, 0x2c, 0x20, 0x76, 0x29, 0x29, 0x3b,
    0x0a, 0x28, 0x63, 0x61, 0x70, 0x73, 0x2e, 0x67, 0x70, 0x69, 0x6f, 0x5f,
    0x70, 0x72, 0x6f, 0x66, 0x69, 0x6c, 0x65, 0x73, 0x7c, 0x7c, 0x5b, 0x5d,
    0x29, 0x2e, 0x66, 0x6f, 0x72, 0x45, 0x61, 0x63, 0x68, 0x28, 0x67, 0x3d,
    0x3e, 0x6f, 0x70, 0x74, 0x28, 0x24, 0x28, 0x27, 0x67, 0x70, 0x69, 0x6f,
    0x5f, 0x70, 0x72, 0x6f, 0x66, 0x69, 0x6c, 0x65, 0x27, 0x29, 0x2c, 0x20,
    0x67, 0x2e, 0x6e, 0x61, 0x6d, 0x65, 0x7c, 0x7c, 0x67, 0x2c, 0x20, 0x67,
    0x2e, 0x73, 0x75, 0x70, 0x70, 0x6f, 0x72, 0x74, 0x65, 0x64, 0x3d, 0x3d,
    0x3d, 0x66, 0x61, 0x6c, 0x73, 0x65, 0x3f, 0x67, 0x2e, 0x6e, 0x61, 0x6d,
    0x65, 0x2b, 0x27, 0x20, 0x28, 0x64, 0x69, 0x73, 0x61, 0x62, 0x6c, 0x65,
    0x64, 0x29, 0x27, 0x3a, 0x67, 0x2e, 0x6e, 0x61, 0x6d, 0x65, 0x7c, 0x7c,
    0x67, 0x29, 0x29, 0x3b, 0x0a, 0x28, 0x63, 0x61, 0x70, 0x73, 0x2e, 0x68,
    0x61, 0x74, 0x5f, 0x73, 0x6f, 0x75, 0x72, 0x63, 0x65, 0x73, 0x7c, 0x7c,
    0x5b, 0x5d, 0x29, 0x2e, 0x66, 0x6f, 0x72, 0x45, 0x61, 0x63, 0x68, 0x28,
    0x68, 0x3d, 0x3e, 0x6f, 0x70, 0x74, 0x28, 0x24, 0x28, 0x27, 0x68, 0x61,
    0x74, 0x5f, 0x73, 0x6f, 0x75, 0x72, 0x63, 0x65, 0x27, 0x29, 0x2c, 0x20,
    0x68, 0x2e, 0x6e, 0x61, 0x6d, 0x65, 0x2c, 0x20, 0x68, 0x2e, 0x6e, 0x61,
    0x6d, 0x65, 0x2b, 0x28, 0x68, 0x2e, 0x73, 0x75, 0x70, 0x70, 0x6f, 0x72,
    0x74, 0x65, 0x64, 0x3f, 0x27, 0x20, 0x28, 0x70, 0x72, 0x65, 0x73, 0x65,
    0x6e, 0x74, 0x29, 0x27, 0x3a, 0x27, 0x20, 0x28, 0x27, 0x2b, 0x68, 0x2e,
    0x72, 0x65, 0x61, 0x73, 0x6f, 0x6e, 0x2b, 0x27, 0x29, 0x27, 0x29, 0x29,
    0x29, 0x3b, 0x0a, 0x7d, 0x0a, 0x61, 0x73, 0x79, 0x6e, 0x63, 0x20, 0x66,
    0x75, 0x6e, 0x63, 0x74, 0x69, 0x6f, 0x6e, 0x20, 0x63, 0x61, 0x70, 0x61,
    0x62, 0x69, 0x6c, 0x69, 0x74, 0x69, 0x65, 0x73, 0x28, 0x29, 0x20, 0x7b,
    0x20, 0x69, 0x66, 0x28, 0x21, 0x63, 0x61, 0x70, 0x73, 0x2e, 0x73, 0x6f,
    0x75, 0x72, 0x63, 0x65, 0x73, 0x2e, 0x6c, 0x65, 0x6e, 0x67, 0x74, 0x68,
    0x29, 0x20, 0x7b, 0x20, 0x63, 0x61, 0x70, 0x73, 0x3d, 0x61, 0x77, 0x61,
    0x69, 0x74, 0x20, 0x61, 0x70, 0x69, 0x28, 0x27, 0x2f, 0x61, 0x70, 0x69,
    0x2f, 0x63, 0x61, 0x70, 0x61, 0x62, 0x69, 0x6c, 0x69, 0x74, 0x69, 0x65,
    0x73, 0x27, 0x29, 0x3b, 0x20, 0x66, 0x69, 0x6c, 0x6c, 0x28, 0x29, 0x3b,
    0x20, 0x64, 0x75, 0x6d, 0x70, 0x28, 0x27, 0x63, 0x61, 0x70, 0x61, 0x62,
    0x69, 0x6c, 0x69, 0x74, 0x69, 0x65, 0x73, 0x27, 0x2c, 0x20, 0x63, 0x61,
    0x70, 0x73, 0x29, 0x3b, 0x20, 0x7d, 0x20, 0x7d, 0x0a, 0x66, 0x75, 0x6e,
    0x63, 0x74, 0x69, 0x6f, 0x6e, 0x20, 0x73, 0x68, 0x6f, 0x77, 0x4e, 0x65,
    0x74, 0x50, 0x61, 0x6e, 0x65, 0x6c, 0x28, 0x6e, 0x29, 0x20, 0x7b, 0x0a,
    0x5b, 0x27, 0x77, 0x69, 0x66, 0x69, 0x27, 0x2c, 0x27, 0x61, 0x70, 0x27,
    0x2c, 0x27, 0x6e, 0x65, 0x74, 0x5f, 0x73, 0x74, 0x61, 0x74, 0x75, 0x73,
    0x27, 0x5d, 0x2e, 0x66, 0x6f, 0x72, 0x45, 0x61, 0x63, 0x68, 0x28, 0x70,
    0x3d, 0x3e, 0x7b, 0x20, 0x24, 0x28, 0x27, 0x70, 0x61, 0x6e, 0x65, 0x6c,
    0x5f, 0x27, 0x2b, 0x70, 0x29, 0x2e, 0x68, 0x69, 0x64, 0x64, 0x65, 0x6e,
    0x3d, 0x70, 0x21, 0x3d, 0x3d, 0x6e, 0x3b, 0x20, 0x24, 0x28, 0x27, 0x74,
    0x61, 0x62, 0x5f, 0x27, 0x2b, 0x70, 0x29, 0x2e, 0x63, 0x6c, 0x61, 0x73,
    0x73, 0x4e, 0x61, 0x6d, 0x65, 0x3d, 0x70, 0x3d, 0x3d, 0x3d, 0x6e, 0x3f,
    0x27, 0x73, 0x65, 0x6c, 0x65, 0x63, 0x74, 0x65, 0x64, 0x27, 0x3a, 0x27,
    0x27, 0x3b, 0x20, 0x24, 0x28, 0x27, 0x74, 0x61, 0x62, 0x5f, 0x27, 0x2b,
    0x70, 0x29, 0x2e, 0x73, 0x65, 0x74, 0x41, 0x74, 0x74, 0x72, 0x69, 0x62,
    0x75, 0x74, 0x65, 0x28, 0x27, 0x61, 0x72, 0x69, 0x61, 0x2d, 0x70, 0x72,
    0x65, 0x73, 0x73, 0x65, 0x64, 0x27, 0x2c, 0x20, 0x53, 0x74, 0x72, 0x69,
    0x6e, 0x67, 0x28, 0x70, 0x3d, 0x3d, 0x3d, 0x6e, 0x29, 0x29, 0x3b, 0x20,
    0x7d, 0x29, 0x3b, 0x0a, 0x7d, 0x0a, 0x66, 0x75, 0x6e, 0x63, 0x74, 0x69,
    0x6f, 0x6e, 0x20, 0x74, 0x68, 0x72, 0x65, 0x73, 0x68, 0x6f, 0x6c, 0x64,
    0x42, 0x6f, 0x64, 0x79, 0x28, 0x62, 0x29, 0x20, 0x7b, 0x0a, 0x63, 0x6f,
    0x6e, 0x73, 0x74, 0x20, 0x76, 0x3d, 0x24, 0x28, 0x27, 0x74, 0x68, 0x72,
    0x65, 0x73, 0x68, 0x6f, 0x6c, 0x64, 0x27, 0x29, 0x2e, 0x76, 0x61, 0x6c,
    0x75, 0x65, 0x2e, 0x74, 0x72, 0x69, 0x6d, 0x28, 0x29, 0x3b, 0x0a, 0x69,
    0x66, 0x28, 0x76, 0x3d, 0x3d, 0x3d, 0x27, 0x74, 0x72, 0x75, 0x65, 0x27,
    0x7c, 0x7c, 0x76, 0x3d, 0x3d, 0x3d, 0x27, 0x66, 0x61, 0x6c, 0x73, 0x65,
    0x27, 0x29, 0x20, 0x7b, 0x20, 0x62, 0x2e, 0x74, 0x68, 0x72, 0x65, 0x73,
    0x68, 0x6f, 0x6c, 0x64, 0x5f, 0x6b, 0x69, 0x6e, 0x64, 0x3d, 0x27, 0x62,
    0x6f, 0x6f, 0x6c, 0x27, 0x3b, 0x20, 0x62, 0x2e, 0x74, 0x68, 0x72, 0x65,
    0x73, 0x68, 0x6f, 0x6c, 0x64, 0x5f, 0x62, 0x6f, 0x6f, 0x6c, 0x3d, 0x76,
    0x3d, 0x3d, 0x3d, 0x27, 0x74, 0x72, 0x75, 0x65, 0x27, 0x3b, 0x20, 0x7d,
    0x0a, 0x65, 0x6c, 0x73, 0x65, 0x20, 0x7b, 0x20, 0x69, 0x66, 0x28, 0x21,
    0x2f, 0x5e, 0x2d, 0x3f, 0x5c, 0x64, 0x2b, 0x24, 0x2f, 0x2e, 0x74, 0x65,
    0x73, 0x74, 0x28, 0x76, 0x29, 0x7c, 0x7c, 0x2b, 0x76, 0x3c, 0x2d, 0x32,
    0x31, 0x34, 0x37, 0x34, 0x38, 0x33, 0x36, 0x34, 0x38, 0x7c, 0x7c, 0x2b,
    0x76, 0x3e, 0x32, 0x31, 0x34, 0x37, 0x34, 0x38, 0x33, 0x36, 0x34, 0x37,
    0x29, 0x20, 0x74, 0x68, 0x72, 0x6f, 0x77, 0x20, 0x6e, 0x65, 0x77, 0x20,
    0x45, 0x72, 0x72, 0x6f, 0x72, 0x28, 0x27, 0x54, 0x68, 0x72, 0x65, 0x73,
    0x68, 0x6f, 0x6c, 0x64, 0x20, 0x6d, 0x75, 0x73, 0x74, 0x20, 0x62, 0x65,
    0x20, 0x74, 0x72, 0x75, 0x65, 0x2c, 0x20, 0x66, 0x61, 0x6c, 0x73, 0x65,
    0x2c, 0x20, 0x6f, 0x72, 0x20, 0x61, 0x20, 0x33, 0x32, 0x2d, 0x62, 0x69,
    0x74, 0x20, 0x77, 0x68, 0x6f, 0x6c, 0x65, 0x20, 0x6e, 0x75, 0x6d, 0x62,
    0x65, 0x72, 0x2e, 0x27, 0x29, 0x3b, 0x20, 0x62, 0x2e, 0x74, 0x68, 0x72,
    0x65, 0x73, 0x68, 0x6f, 0x6c, 0x64, 0x5f, 0x6b, 0x69, 0x6e, 0x64, 0x3d,
    0x27, 0x69, 0x33, 0x32, 0x27, 0x3b, 0x20, 0x62, 0x2e, 0x74, 0x68, 0x72,
    0x65, 0x73, 0x68, 0x6f, 0x6c, 0x64, 0x5f, 0x69, 0x33, 0x32, 0x3d, 0x2b,
    0x76, 0x3b, 0x20, 0x7d, 0x0a, 0x7d, 0x0a, 0x66, 0x75, 0x6e, 0x63, 0x74,
    0x69, 0x6f, 0x6e, 0x20, 0x62, 0x6f, 0x64, 0x79, 0x28, 0x29, 0x20, 0x7b,
    0x0a, 0x63, 0x6f, 0x6e, 0x73, 0x74, 0x20, 0x62, 0x3d, 0x7b, 0x65, 0x6e,
    0x61, 0x62, 0x6c, 0x65, 0x64, 0x3a, 0x24, 0x28, 0x27, 0x72, 0x75, 0x6c,
    0x65, 0x5f, 0x65, 0x6e, 0x61, 0x62, 0x6c, 0x65, 0x64, 0x27, 0x29, 0x2e,
    0x63, 0x68, 0x65, 0x63, 0x6b, 0x65, 0x64, 0x2c, 0x20, 0x6e, 0x61, 0x6d,
    0x65, 0x3a, 0x24, 0x28, 0x27, 0x72, 0x75, 0x6c, 0x65, 0x5f, 0x6e, 0x61,
    0x6d, 0x65, 0x27, 0x29, 0x2e, 0x76, 0x61, 0x6c, 0x75, 0x65, 0x2c, 0x20,
    0x73, 0x6f, 0x75, 0x72, 0x63, 0x65, 0x3a, 0x24, 0x28, 0x27, 0x73, 0x6f,
    0x75, 0x72, 0x63, 0x65, 0x27, 0x29, 0x2e, 0x76, 0x61, 0x6c, 0x75, 0x65,
    0x2c, 0x20, 0x61, 0x63, 0x74, 0x69, 0x6f, 0x6e, 0x3a, 0x24, 0x28, 0x27,
    0x61, 0x63, 0x74, 0x69, 0x6f, 0x6e, 0x27, 0x29, 0x2e, 0x76, 0x61, 0x6c,
    0x75, 0x65, 0x2c, 0x20, 0x63, 0x6f, 0x6d, 0x70, 0x61, 0x72, 0x61, 0x74,
    0x6f, 0x72, 0x3a, 0x24, 0x28, 0x27, 0x63, 0x6f, 0x6d, 0x70, 0x61, 0x72,
    0x61, 0x74, 0x6f, 0x72, 0x27, 0x29, 0x2e, 0x76, 0x61, 0x6c, 0x75, 0x65,
    0x2c, 0x20, 0x68, 0x74, 0x74, 0x70, 0x5f, 0x75, 0x72, 0x6c, 0x3a, 0x24,
    0x28, 0x27, 0x68, 0x74, 0x74, 0x70, 0x5f, 0x75, 0x72, 0x6c, 0x27, 0x29,
    0x2e, 0x76, 0x61, 0x6c, 0x75, 0x65, 0x7d, 0x3b, 0x0a, 0x69, 0x66, 0x28,
    0x24, 0x28, 0x27, 0x68, 0x74, 0x74, 0x70, 0x5f, 0x62, 0x65, 0x61, 0x72,
    0x65, 0x72, 0x5f, 0x74, 0x6f, 0x6b, 0x65, 0x6e, 0x27, 0x29, 0x2e, 0x76,
    0x61, 0x6c, 0x75, 0x65, 0x29, 0x20, 0x62, 0x2e, 0x68, 0x74, 0x74, 0x70,
    0x5f, 0x62, 0x65, 0x61, 0x72, 0x65, 0x72, 0x5f, 0x74, 0x6f, 0x6b, 0x65,
    0x6e, 0x3d, 0x24, 0x28, 0x27, 0x68, 0x74, 0x74, 0x70, 0x5f, 0x62, 0x65,
    0x61, 0x72, 0x65, 0x72, 0x5f, 0x74, 0x6f, 0x6b, 0x65, 0x6e, 0x27, 0x29,
    0x2e, 0x76, 0x61, 0x6c, 0x75, 0x65, 0x3b, 0x0a, 0x74, 0x68, 0x72, 0x65,
    0x73, 0x68, 0x6f, 0x6c, 0x64, 0x42, 0x6f, 0x64, 0x79, 0x28, 0x62, 0x29,
    0x3b, 0x0a, 0x69, 0x66, 0x28, 0x62, 0x2e, 0x73, 0x6f, 0x75, 0x72, 0x63,
    0x65, 0x2e, 0x73, 0x74, 0x61, 0x72, 0x74, 0x73, 0x57, 0x69, 0x74, 0x68,
    0x28, 0x27, 0x67, 0x70, 0x69, 0x6f, 0x2e, 0x27, 0x29, 0x29, 0x20, 0x4f,
    0x62, 0x6a, 0x65, 0x63, 0x74, 0x2e, 0x61, 0x73, 0x73, 0x69, 0x67, 0x6e,
    0x28, 0x62, 0x2c, 0x20, 0x7b, 0x67, 0x70, 0x69, 0x6f, 0x5f, 0x70, 0x69,
    0x6e, 0x3a, 0x2b, 0x24, 0x28, 0x27, 0x67, 0x70, 0x69, 0x6f, 0x5f, 0x70,
    0x69, 0x6e, 0x27, 0x29, 0x2e, 0x76, 0x61, 0x6c, 0x75, 0x65, 0x2c, 0x20,
    0x67, 0x70, 0x69, 0x6f, 0x5f, 0x70, 0x72, 0x6f, 0x66, 0x69, 0x6c, 0x65,
    0x3a, 0x24, 0x28, 0x27, 0x67, 0x70, 0x69, 0x6f, 0x5f, 0x70, 0x72, 0x6f,
    0x66, 0x69, 0x6c, 0x65, 0x27, 0x29, 0x2e, 0x76, 0x61, 0x6c, 0x75, 0x65,
    0x2c, 0x20, 0x67, 0x70, 0x69, 0x6f, 0x5f, 0x64, 0x65, 0x62, 0x6f, 0x75,
    0x6e, 0x63, 0x65, 0x5f, 0x6d, 0x73, 0x3a, 0x2b, 0x24, 0x28, 0x27, 0x67,
    0x70, 0x69, 0x6f, 0x5f, 0x64, 0x65, 0x62, 0x6f, 0x75, 0x6e, 0x63, 0x65,
    0x5f, 0x6d, 0x73, 0x27, 0x29, 0x2e, 0x76, 0x61, 0x6c, 0x75, 0x65, 0x2c,
    0x20, 0x67, 0x70, 0x69, 0x6f, 0x5f, 0x61, 0x63, 0x74, 0x69, 0x76, 0x65,
    0x5f, 0x6c, 0x6f, 0x77, 0x3a, 0x24, 0x28, 0x27, 0x67, 0x70, 0x69, 0x6f,
    0x5f, 0x61, 0x63, 0x74, 0x69, 0x76, 0x65, 0x5f, 0x6c, 0x6f, 0x77, 0x27,
    0x29, 0x2e, 0x63, 0x68, 0x65, 0x63, 0x6b, 0x65, 0x64, 0x7d, 0x29, 0x3b,
    0x0a, 0x72, 0x65, 0x74, 0x75, 0x72, 0x6e, 0x20, 0x4a, 0x53, 0x4f, 0x4e,
    0x2e, 0x73, 0x74, 0x72, 0x69, 0x6e, 0x67, 0x69, 0x66, 0x79, 0x28, 0x62,
    0x29, 0x3b, 0x0a, 0x7d, 0x0a, 0x66, 0x75, 0x6e, 0x63, 0x74, 0x69, 0x6f,
    0x6e, 0x20, 0x72, 0x75, 0x6c, 0x65, 0x46, 0x69, 0x65, 0x6c, 0x64, 0x73,
    0x28, 0x29, 0x20, 0x7b, 0x20, 0x24, 0x28, 0x27, 0x68, 0x74, 0x74, 0x70,
    0x5f, 0x66, 0x69, 0x65, 0x6c, 0x64, 0x73, 0x27, 0x29, 0x2e, 0x68, 0x69,
    0x64, 0x64, 0x65, 0x6e, 0x3d, 0x24, 0x28, 0x27, 0x61, 0x63, 0x74, 0x69,
    0x6f, 0x6e, 0x27, 0x29, 0x2e, 0x76, 0x61, 0x6c, 0x75, 0x65, 0x21, 0x3d,
    0x3d, 0x27, 0x68, 0x74, 0x74, 0x70, 0x5f, 0x70, 0x6f, 0x73, 0x74, 0x27,
    0x3b, 0x20, 0x24, 0x28, 0x27, 0x67, 0x70, 0x69, 0x6f, 0x5f, 0x66, 0x69,
    0x65, 0x6c, 0x64, 0x73, 0x27, 0x29, 0x2e, 0x68, 0x69, 0x64, 0x64, 0x65,
    0x6e, 0x3d, 0x21, 0x24, 0x28, 0x27, 0x73, 0x6f, 0x75, 0x72, 0x63, 0x65,
    0x27, 0x29, 0x2e, 0x76, 0x61, 0x6c, 0x75, 0x65, 0x2e, 0x73, 0x74, 0x61,
    0x72, 0x74, 0x73, 0x57, 0x69, 0x74, 0x68, 0x28, 0x27, 0x67, 0x70, 0x69,
    0x6f, 0x2e, 0x27, 0x29, 0x3b, 0x20, 0x7d, 0x0a, 0x66, 0x75, 0x6e, 0x63,
    0x74, 0x69, 0x6f, 0x6e, 0x20, 0x66, 0x72, 0x69, 0x65, 0x6e, 0x64, 0x6c,
    0x79, 0x28, 0x76, 0x61, 0x6c, 0x75, 0x65, 0x29, 0x20, 0x7b, 0x20, 0x72,
    0x65, 0x74, 0x75, 0x72, 0x6e, 0x20, 0x53, 0x74, 0x72, 0x69, 0x6e, 0x67,
    0x28, 0x76, 0x61, 0x6c, 0x75, 0x65, 0x7c, 0x7c, 0x27, 0xe2, 0x80, 0x94,
    0x27, 0x29, 0x2e, 0x72, 0x65, 0x70, 0x6c, 0x61, 0x63, 0x65, 0x28, 0x2f,
    0x5b, 0x2e, 0x5f, 0x5d, 0x2f, 0x67, 0x2c, 0x20, 0x27, 0x20, 0x27, 0x29,
    0x3b, 0x20, 0x7d, 0x0a, 0x66, 0x75, 0x6e, 0x63, 0x74, 0x69, 0x6f, 0x6e,
    0x20, 0x72, 0x65, 0x6e, 0x64, 0x65, 0x72, 0x52, 0x75, 0x6c, 0x65, 0x73,
    0x28, 0x29, 0x20, 0x7b, 0x0a, 0x63, 0x6f, 0x6e, 0x73, 0x74, 0x20, 0x72,
    0x6f, 0x6f, 0x74, 0x3d, 0x24, 0x28, 0x27, 0x72, 0x75, 0x6c, 0x65, 0x5f,
    0x6c, 0x69, 0x73, 0x74, 0x27, 0x29, 0x3b, 0x20, 0x72, 0x6f, 0x6f, 0x74,
    0x2e, 0x72, 0x65, 0x70, 0x6c, 0x61, 0x63, 0x65, 0x43, 0x68, 0x69, 0x6c,
    0x64, 0x72, 0x65, 0x6e, 0x28, 0x29, 0x3b, 0x0a, 0x63, 0x6f, 0x6e, 0x73,
    0x74, 0x20, 0x72, 0x75, 0x6c, 0x65, 0x73, 0x3d, 0x63, 0x6f, 0x6e, 0x66,
    0x69, 0x67, 0x53, 0x6e, 0x61, 0x70, 0x73, 0x68, 0x6f, 0x74, 0x3f, 0x63,
    0x6f, 0x6e, 0x66, 0x69, 0x67, 0x53, 0x6e, 0x61, 0x70, 0x73, 0x68, 0x6f,
    0x74, 0x2e, 0x72, 0x75, 0x6c, 0x65, 0x73, 0x3a, 0x5b, 0x5d, 0x3b, 0x0a,
    0x24, 0x28, 0x27, 0x72, 0x75, 0x6c, 0x65, 0x5f, 0x63, 0x6f, 0x75, 0x6e,
    0x74, 0x27, 0x29, 0x2e, 0x74, 0x65, 0x78, 0x74, 0x43, 0x6f, 0x6e, 0x74,
    0x65, 0x6e, 0x74, 0x3d, 0x63, 0x6f, 0x6e, 0x66, 0x69, 0x67, 0x53, 0x6e,
    0x61, 0x70, 0x73, 0x68, 0x6f, 0x74, 0x3f, 0x72, 0x75, 0x6c, 0x65, 0x73,
    0x2e, 0x6c, 0x65, 0x6e, 0x67, 0x74, 0x68, 0x2b, 0x27, 0x20, 0x6f, 0x66,
    0x20, 0x38, 0x20, 0x61, 0x75, 0x74, 0x6f, 0x6d, 0x61, 0x74, 0x69, 0x6f,
    0x6e, 0x73, 0x27, 0x3a, 0x27, 0x55, 0x6e, 0x6c, 0x6f, 0x63, 0x6b, 0x20,
    0x74, 0x6f, 0x20, 0x6c, 0x6f, 0x61, 0x64, 0x20, 0x73, 0x61, 0x76, 0x65,
    0x64, 0x20, 0x61, 0x75, 0x74, 0x6f, 0x6d, 0x61, 0x74, 0x69, 0x6f, 0x6e,
    0x73, 0x2e, 0x27, 0x3b, 0x0a, 0x69, 0x66, 0x28, 0x21, 0x72, 0x75, 0x6c,
    0x65, 0x73, 0x2e, 0x6c, 0x65, 0x6e, 0x67, 0x74, 0x68, 0x29, 0x20, 0x7b,
    0x20, 0x63, 0x6f, 0x6e, 0x73, 0x74, 0x20, 0x70, 0x3d, 0x64, 0x6f, 0x63,
    0x75, 0x6d, 0x65, 0x6e, 0x74, 0x2e, 0x63, 0x72, 0x65, 0x61, 0x74, 0x65,
    0x45, 0x6c, 0x65, 0x6d, 0x65, 0x6e, 0x74, 0x28, 0x27, 0x70, 0x27, 0x29,
    0x3b, 0x20, 0x70, 0x2e, 0x63, 0x6c, 0x61, 0x73, 0x73, 0x4e, 0x61, 0x6d,
    0x65, 0x3d, 0x27, 0x65, 0x6d, 0x70, 0x74, 0x79, 0x27, 0x3b, 0x20, 0x70,
    0x2e, 0x74, 0x65, 0x78, 0x74, 0x43, 0x6f, 0x6e, 0x74, 0x65, 0x6e, 0x74,
    0x3d, 0x63, 0x6f, 0x6e, 0x66, 0x69, 0x67, 0x53, 0x6e, 0x61, 0x70, 0x73,
    0x68, 0x6f, 0x74, 0x3f, 0x27, 0x4e, 0x6f, 0x20, 0x61, 0x75, 0x74, 0x6f,
    0x6d, 0x61, 0x74, 0x69, 0x6f, 0x6e, 0x73, 0x20, 0x79, 0x65, 0x74, 0x2e,
    0x20, 0x43, 0x72, 0x65, 0x61, 0x74, 0x65, 0x20, 0x79, 0x6f, 0x75, 0x72,
    0x20, 0x66, 0x69, 0x72, 0x73, 0x74, 0x20, 0x72, 0x75, 0x6c, 0x65, 0x2e,
    0x27, 0x3a, 0x27, 0x55, 0x6e, 0x6c, 0x6f, 0x63, 0x6b, 0x20, 0x74, 0x6f,
    0x20, 0x76, 0x69, 0x65, 0x77, 0x20, 0x61, 0x75, 0x74, 0x6f, 0x6d, 0x61,
    0x74, 0x69, 0x6f, 0x6e, 0x73, 0x2e, 0x27, 0x3b, 0x20, 0x72, 0x6f, 0x6f,
    0x74, 0x2e, 0x61, 0x70, 0x70, 0x65, 0x6e, 0x64, 0x43, 0x68, 0x69, 0x6c,
    0x64, 0x28, 0x70, 0x29, 0x3b, 0x20, 0x7d, 0x0a, 0x72, 0x75, 0x6c, 0x65,
    0x73, 0x2e, 0x66, 0x6f, 0x72, 0x45, 0x61, 0x63, 0x68, 0x28, 0x28, 0x72,
    0x2c, 0x20, 0x69, 0x29, 0x3d, 0x3e, 0x7b, 0x0a, 0x63, 0x6f, 0x6e, 0x73,
    0x74, 0x20, 0x72, 0x6f, 0x77, 0x3d, 0x64, 0x6f, 0x63, 0x75, 0x6d, 0x65,
    0x6e, 0x74, 0x2e, 0x63, 0x72, 0x65, 0x61, 0x74, 0x65, 0x45, 0x6c, 0x65,
    0x6d, 0x65, 0x6e, 0x74, 0x28, 0x27, 0x62, 0x75, 0x74, 0x74, 0x6f, 0x6e,
    0x27, 0x29, 0x3b, 0x20, 0x72, 0x6f, 0x77, 0x2e, 0x63, 0x6c, 0x61, 0x73,
    0x73, 0x4e, 0x61, 0x6d, 0x65, 0x3d, 0x27, 0x72, 0x75, 0x6c, 0x65, 0x2d,
    0x72, 0x6f, 0x77, 0x27, 0x3b, 0x20, 0x72, 0x6f, 0x77, 0x2e, 0x74, 0x79,
    0x70, 0x65, 0x3d, 0x27, 0x62, 0x75, 0x74, 0x74, 0x6f, 0x6e, 0x27, 0x3b,
    0x0a, 0x63, 0x6f, 0x6e, 0x73, 0x74, 0x20, 0x63, 0x6f, 0x75, 0x6e, 0x74,
    0x3d, 0x72, 0x2e, 0x61, 0x63, 0x74, 0x69, 0x6f, 0x6e, 0x5f, 0x63, 0x6f,
    0x75, 0x6e, 0x74, 0x7c, 0x7c, 0x28, 0x72, 0x2e, 0x61, 0x63, 0x74, 0x69,
    0x6f, 0x6e, 0x73, 0x7c, 0x7c, 0x5b, 0x5d, 0x29, 0x2e, 0x6c, 0x65, 0x6e,
    0x67, 0x74, 0x68, 0x3b, 0x0a, 0x63, 0x6f, 0x6e, 0x73, 0x74, 0x20, 0x76,
    0x61, 0x6c, 0x75, 0x65, 0x73, 0x3d, 0x5b, 0x72, 0x2e, 0x6e, 0x61, 0x6d,
    0x65, 0x7c, 0x7c, 0x27, 0x55, 0x6e, 0x74, 0x69, 0x74, 0x6c, 0x65, 0x64,
    0x20, 0x61, 0x75, 0x74, 0x6f, 0x6d, 0x61, 0x74, 0x69, 0x6f, 0x6e, 0x27,
    0x2c, 0x20, 0x66, 0x72, 0x69, 0x65, 0x6e, 0x64, 0x6c, 0x79, 0x28, 0x28,
    0x72, 0x2e, 0x73, 0x6f, 0x75, 0x72, 0x63, 0x65, 0x29, 0x29, 0x2c, 0x20,
    0x66, 0x72, 0x69, 0x65, 0x6e, 0x64, 0x6c, 0x79, 0x28, 0x28, 0x72, 0x2e,
    0x61, 0x63, 0x74, 0x69, 0x6f, 0x6e, 0x73, 0x7c, 0x7c, 0x5b, 0x5d, 0x29,
    0x5b, 0x30, 0x5d, 0x3f, 0x2e, 0x61, 0x63, 0x74, 0x69, 0x6f, 0x6e, 0x29,
    0x2b, 0x28, 0x63, 0x6f, 0x75, 0x6e, 0x74, 0x3e, 0x31, 0x3f, 0x27, 0x20,
    0x2b, 0x27, 0x2b, 0x28, 0x63, 0x6f, 0x75, 0x6e, 0x74, 0x20, 0x2d, 0x20,
    0x31, 0x29, 0x3a, 0x27, 0x27, 0x29, 0x2c, 0x20, 0x72, 0x2e, 0x65, 0x6e,
    0x61, 0x62, 0x6c, 0x65, 0x64, 0x3f, 0x27, 0x45, 0x6e, 0x61, 0x62, 0x6c,
    0x65, 0x64, 0x27, 0x3a, 0x27, 0x44, 0x69, 0x73, 0x61, 0x62, 0x6c, 0x65,
    0x64, 0x27, 0x5d, 0x3b, 0x0a, 0x76, 0x61, 0x6c, 0x75, 0x65, 0x73, 0x2e,
    0x66, 0x6f, 0x72, 0x45, 0x61, 0x63, 0x68, 0x28, 0x28, 0x76, 0x2c, 0x20,
    0x6e, 0x29, 0x3d, 0x3e, 0x7b, 0x20, 0x63, 0x6f, 0x6e, 0x73, 0x74, 0x20,
    0x63, 0x65, 0x6c, 0x6c, 0x3d, 0x64, 0x6f, 0x63, 0x75, 0x6d, 0x65, 0x6e,
    0x74, 0x2e, 0x63, 0x72, 0x65, 0x61, 0x74, 0x65, 0x45, 0x6c, 0x65, 0x6d,
    0x65, 0x6e, 0x74, 0x28, 0x27, 0x73, 0x70, 0x61, 0x6e, 0x27, 0x29, 0x3b,
    0x20, 0x63, 0x65, 0x6c, 0x6c, 0x2e, 0x63, 0x6c, 0x61, 0x73, 0x73, 0x4e,
    0x61, 0x6d, 0x65, 0x3d, 0x6e, 0x3d, 0x3d, 0x3d, 0x30, 0x3f, 0x27, 0x72,
    0x75, 0x6c, 0x65, 0x2d, 0x6e, 0x61, 0x6d, 0x65, 0x27, 0x3a, 0x6e, 0x3d,
    0x3d, 0x3d, 0x33, 0x3f, 0x27, 0x70, 0x69, 0x6c, 0x6c, 0x27, 0x3a, 0x27,
    0x72, 0x75, 0x6c, 0x65, 0x2d, 0x6d, 0x65, 0x74, 0x61, 0x27, 0x3b, 0x20,
    0x63, 0x65, 0x6c, 0x6c, 0x2e, 0x74, 0x65, 0x78, 0x74, 0x43, 0x6f, 0x6e,
    0x74, 0x65, 0x6e, 0x74, 0x3d, 0x76, 0x3b, 0x20, 0x72, 0x6f, 0x77, 0x2e,
    0x61, 0x70, 0x70, 0x65, 0x6e, 0x64, 0x43, 0x68, 0x69, 0x6c, 0x64, 0x28,
    0x63, 0x65, 0x6c, 0x6c, 0x29, 0x3b, 0x20, 0x7d, 0x29, 0x3b, 0x0a, 0x72,
    0x6f, 0x77, 0x2e, 0x6f, 0x6e, 0x63, 0x6c, 0x69, 0x63, 0x6b, 0x3d, 0x28,
    0x29, 0x3d, 0x3e, 0x6f, 0x70, 0x28, 0x28, 0x29, 0x3d, 0x3e, 0x6c, 0x6f,
    0x61, 0x64, 0x45, 0x64, 0x69, 0x74, 0x6f, 0x72, 0x28, 0x72, 0x2e, 0x69,
    0x64, 0x29, 0x2c, 0x20, 0x27, 0x4f, 0x70, 0x65, 0x6e, 0x69, 0x6e, 0x67,
    0x20, 0x61, 0x75, 0x74, 0x6f, 0x6d, 0x61, 0x74, 0x69, 0x6f, 0x6e, 0xe2,
    0x80, 0xa6, 0x27, 0x29, 0x3b, 0x0a, 0x72, 0x6f, 0x6f, 0x74, 0x2e, 0x61,
    0x70, 0x70, 0x65, 0x6e, 0x64, 0x43, 0x68, 0x69, 0x6c, 0x64, 0x28, 0x72,
    0x6f, 0x77, 0x29, 0x3b, 0x0a, 0x7d, 0x29, 0x3b, 0x0a, 0x63, 0x6f, 0x6e,
    0x74, 0x72, 0x6f, 0x6c, 0x73, 0x28, 0x29, 0x3b, 0x0a, 0x7d, 0x0a, 0x66,
    0x75, 0x6e, 0x63, 0x74, 0x69, 0x6f, 0x6e, 0x20, 0x61, 0x70, 0x70, 0x6c,
    0x79, 0x43, 0x6f, 0x6e, 0x66, 0x69, 0x67, 0x28, 0x63, 0x29, 0x20, 0x7b,
    0x20, 0x63, 0x6f, 0x6e, 0x66, 0x69, 0x67, 0x53, 0x6e, 0x61, 0x70, 0x73,
    0x68, 0x6f, 0x74, 0x3d, 0x63, 0x3b, 0x20, 0x69, 0x66, 0x28, 0x21, 0x41,
    0x72, 0x72, 0x61, 0x79, 0x2e, 0x69, 0x73, 0x41, 0x72, 0x72, 0x61, 0x79,
    0x28, 0x63, 0x2e, 0x72, 0x75, 0x6c, 0x65, 0x73, 0x29, 0x29, 0x20, 0x63,
    0x2e, 0x72, 0x75, 0x6c, 0x65, 0x73, 0x3d, 0x5b, 0x5d, 0x3b, 0x20, 0x72,
    0x65, 0x6e, 0x64, 0x65, 0x72, 0x52, 0x75, 0x6c, 0x65, 0x73, 0x28, 0x29,
    0x3b, 0x20, 0x7d, 0x0a, 0x61, 0x73, 0x79, 0x6e, 0x63, 0x20, 0x66, 0x75,
    0x6e, 0x63, 0x74, 0x69, 0x6f, 0x6e, 0x20, 0x6c, 0x6f, 0x61, 0x64, 0x45,
    0x64, 0x69, 0x74, 0x6f, 0x72, 0x28, 0x69, 0x64, 0x29, 0x20, 0x7b, 0x0a,
    0x61, 0x77, 0x61, 0x69, 0x74, 0x20, 0x63, 0x61, 0x70, 0x61, 0x62, 0x69,
    0x6c, 0x69, 0x74, 0x69, 0x65, 0x73, 0x28, 0x29, 0x3b, 0x20, 0x61, 0x70,
    0x70, 0x6c, 0x79, 0x43, 0x6f, 0x6e, 0x66, 0x69, 0x67, 0x28, 0x61, 0x77,
    0x61, 0x69, 0x74, 0x20, 0x61, 0x70, 0x69, 0x28, 0x27, 0x2f, 0x61, 0x70,
    0x69, 0x2f, 0x63, 0x6f, 0x6e, 0x66, 0x69, 0x67, 0x27, 0x29, 0x29, 0x3b,
    0x0a, 0x63, 0x6f, 0x6e, 0x73, 0x74, 0x20, 0x69, 0x6e, 0x64, 0x65, 0x78,
    0x3d, 0x69, 0x64, 0x3d, 0x3d, 0x3d, 0x75, 0x6e, 0x64, 0x65, 0x66, 0x69,
    0x6e, 0x65, 0x64, 0x3f, 0x2d, 0x31, 0x3a, 0x63, 0x6f, 0x6e, 0x66, 0x69,
    0x67, 0x53, 0x6e, 0x61, 0x70, 0x73, 0x68, 0x6f, 0x74, 0x2e, 0x72, 0x75,
    0x6c, 0x65, 0x73, 0x2e, 0x66, 0x69, 0x6e, 0x64, 0x49, 0x6e, 0x64, 0x65,
    0x78, 0x28, 0x72, 0x3d, 0x3e, 0x72, 0x2e, 0x69, 0x64, 0x3d, 0x3d, 0x3d,
    0x69, 0x64, 0x29, 0x3b, 0x0a, 0x69, 0x66, 0x28, 0x69, 0x64, 0x21, 0x3d,
    0x3d, 0x75, 0x6e, 0x64, 0x65, 0x66, 0x69, 0x6e, 0x65, 0x64, 0x26, 0x26,
    0x69, 0x6e, 0x64, 0x65, 0x78, 0x3c, 0x30, 0x29, 0x20, 0x74, 0x68, 0x72,
    0x6f, 0x77, 0x20, 0x6e, 0x65, 0x77, 0x20, 0x45, 0x72, 0x72, 0x6f, 0x72,
    0x28, 0x27, 0x54, 0x68, 0x69, 0x73, 0x20, 0x61, 0x75, 0x74, 0x6f, 0x6d,
    0x61, 0x74, 0x69, 0x6f, 0x6e, 0x20, 0x77, 0x61, 0x73, 0x20, 0x72, 0x65,
    0x6d, 0x6f, 0x76, 0x65, 0x64, 0x2e, 0x20, 0x52, 0x65, 0x66, 0x72, 0x65,
    0x73, 0x68, 0x20, 0x74, 0x68, 0x65, 0x20, 0x6c, 0x69, 0x73, 0x74, 0x2e,
    0x27, 0x29, 0x3b, 0x0a, 0x6f, 0x70, 0x65, 0x6e, 0x45, 0x64, 0x69, 0x74,
    0x6f, 0x72, 0x28, 0x69, 0x6e, 0x64, 0x65, 0x78, 0x29, 0x3b, 0x0a, 0x7d,
    0x0a, 0x66, 0x75, 0x6e, 0x63, 0x74, 0x69, 0x6f, 0x6e, 0x20, 0x6f, 0x70,
    0x65, 0x6e, 0x45, 0x64, 0x69, 0x74, 0x6f, 0x72, 0x28, 0x69, 0x6e, 0x64,
    0x65, 0x78, 0x29, 0x20, 0x7b, 0x0a, 0x69, 0x66, 0x28, 0x21, 0x63, 0x6f,
    0x6e, 0x66, 0x69, 0x67, 0x53, 0x6e, 0x61, 0x70, 0x73, 0x68, 0x6f, 0x74,
    0x29, 0x20, 0x74, 0x68, 0x72, 0x6f, 0x77, 0x20, 0x6e, 0x65, 0x77, 0x20,
    0x45, 0x72, 0x72, 0x6f, 0x72, 0x28, 0x27, 0x52, 0x65, 0x66, 0x72, 0x65,
    0x73, 0x68, 0x20, 0x61, 0x75, 0x74, 0x6f, 0x6d, 0x61, 0x74, 0x69, 0x6f,
    0x6e, 0x73, 0x20, 0x66, 0x69, 0x72, 0x73, 0x74, 0x2e, 0x27, 0x29, 0x3b,
    0x0a, 0x69, 0x66, 0x28, 0x69, 0x6e, 0x64, 0x65, 0x78, 0x3c, 0x30, 0x26,
    0x26, 0x63, 0x6f, 0x6e, 0x66, 0x69, 0x67, 0x53, 0x6e, 0x61, 0x70, 0x73,
    0x68, 0x6f, 0x74, 0x2e, 0x72, 0x75, 0x6c, 0x65, 0x73, 0x2e, 0x6c, 0x65,
    0x6e, 0x67, 0x74, 0x68, 0x3e, 0x3d, 0x38, 0x29, 0x20, 0x74, 0x68, 0x72,
    0x6f, 0x77, 0x20, 0x6e, 0x65, 0x77, 0x20, 0x45, 0x72, 0x72, 0x6f, 0x72,
    0x28, 0x27, 0x54, 0x68, 0x65, 0x20, 0x64, 0x65, 0x76, 0x69, 0x63, 0x65,
    0x20, 0x73, 0x75, 0x70, 0x70, 0x6f, 0x72, 0x74, 0x73, 0x20, 0x75, 0x70,
    0x20, 0x74, 0x6f, 0x20, 0x38, 0x20, 0x61, 0x75, 0x74, 0x6f, 0x6d, 0x61,
    0x74, 0x69, 0x6f, 0x6e, 0x73, 0x2e, 0x27, 0x29, 0x3b, 0x0a, 0x65, 0x64,
    0x69, 0x74, 0x49, 0x6e, 0x64, 0x65, 0x78, 0x3d, 0x69, 0x6e, 0x64, 0x65,
    0x78, 0x3b, 0x0a, 0x63, 0x6f, 0x6e, 0x73, 0x74, 0x20, 0x63, 0x3d, 0x63,
    0x6f, 0x6e, 0x66, 0x69, 0x67, 0x53, 0x6e, 0x61, 0x70, 0x73, 0x68, 0x6f,
    0x74, 0x2e, 0x72, 0x75, 0x6c, 0x65, 0x73, 0x5b, 0x69, 0x6e, 0x64, 0x65,
    0x78, 0x5d, 0x7c, 0x7c, 0x7b, 0x7d, 0x2c, 0x20, 0x61, 0x3d, 0x28, 0x63,
    0x2e, 0x61, 0x63, 0x74, 0x69, 0x6f, 0x6e, 0x73, 0x7c, 0x7c, 0x5b, 0x5d,
    0x29, 0x5b, 0x30, 0x5d, 0x7c, 0x7c, 0x7b, 0x7d, 0x3b, 0x0a, 0x24, 0x28,
    0x27, 0x65, 0x64, 0x69, 0x74, 0x6f, 0x72, 0x5f, 0x74, 0x69, 0x74, 0x6c,
    0x65, 0x27, 0x29, 0x2e, 0x74, 0x65, 0x78, 0x74, 0x43, 0x6f, 0x6e, 0x74,
    0x65, 0x6e, 0x74, 0x3d, 0x69, 0x6e, 0x64, 0x65, 0x78, 0x3c, 0x30, 0x3f,
    0x27, 0x4e, 0x65, 0x77, 0x20, 0x61, 0x75, 0x74, 0x6f, 0x6d, 0x61, 0x74,
    0x69, 0x6f, 0x6e, 0x27, 0x3a, 0x27, 0x45, 0x64, 0x69, 0x74, 0x20, 0x61,
    0x75, 0x74, 0x6f, 0x6d, 0x61, 0x74, 0x69, 0x6f, 0x6e, 0x27, 0x3b, 0x0a,
    0x66, 0x6f, 0x72, 0x28, 0x63, 0x6f, 0x6e, 0x73, 0x74, 0x20, 0x5b, 0x69,
    0x64, 0x2c, 0x20, 0x76, 0x61, 0x6c, 0x75, 0x65, 0x5d, 0x20, 0x6f, 0x66,
    0x20, 0x5b, 0x5b, 0x27, 0x73, 0x6f, 0x75, 0x72, 0x63, 0x65, 0x27, 0x2c,
    0x20, 0x63, 0x2e, 0x73, 0x6f, 0x75, 0x72, 0x63, 0x65, 0x5d, 0x2c, 0x20,
    0x5b, 0x27, 0x61, 0x63, 0x74, 0x69, 0x6f, 0x6e, 0x27, 0x2c, 0x20, 0x61,
    0x2e, 0x61, 0x63, 0x74, 0x69, 0x6f, 0x6e, 0x5d, 0x5d, 0x29, 0x20, 0x7b,
    0x0a, 0x69, 0x66, 0x28, 0x76, 0x61, 0x6c, 0x75, 0x65, 0x26, 0x26, 0x21,
    0x5b, 0x2e, 0x2e, 0x2e, 0x24, 0x28, 0x69, 0x64, 0x29, 0x2e, 0x6f, 0x70,
    0x74, 0x69, 0x6f, 0x6e, 0x73, 0x5d, 0x2e, 0x73, 0x6f, 0x6d, 0x65, 0x28,
    0x6f, 0x3d, 0x3e, 0x6f, 0x2e, 0x76, 0x61, 0x6c, 0x75, 0x65, 0x3d, 0x3d,
    0x3d, 0x76, 0x61, 0x6c, 0x75, 0x65, 0x29, 0x29, 0x20, 0x6f, 0x70, 0x74,
    0x28, 0x24, 0x28, 0x69, 0x64, 0x29, 0x2c, 0x20, 0x76, 0x61, 0x6c, 0x75,
    0x65, 0x29, 0x3b, 0x0a, 0x24, 0x28, 0x69, 0x64, 0x29, 0x2e, 0x76, 0x61,
    0x6c, 0x75, 0x65, 0x3d, 0x76, 0x61, 0x6c, 0x75, 0x65, 0x7c, 0x7c, 0x28,
    0x24, 0x28, 0x69, 0x64, 0x29, 0x2e, 0x6f, 0x70, 0x74, 0x69, 0x6f, 0x6e,
    0x73, 0x5b, 0x30, 0x5d, 0x7c, 0x7c, 0x7b, 0x7d, 0x29, 0x2e, 0x76, 0x61,
    0x6c, 0x75, 0x65, 0x7c, 0x7c, 0x27, 0x27, 0x3b, 0x0a, 0x7d, 0x0a, 0x24,
    0x28, 0x27, 0x72, 0x75, 0x6c, 0x65, 0x5f, 0x6e, 0x61, 0x6d, 0x65, 0x27,
    0x29, 0x2e, 0x76, 0x61, 0x6c, 0x75, 0x65, 0x3d, 0x63, 0x2e, 0x6e, 0x61,
    0x6d, 0x65, 0x7c, 0x7c, 0x27, 0x27, 0x3b, 0x0a, 0x24, 0x28, 0x27, 0x72,
    0x75, 0x6c, 0x65, 0x5f, 0x65, 0x6e, 0x61, 0x62, 0x6c, 0x65, 0x64, 0x27,
    0x29, 0x2e, 0x63, 0x68, 0x65, 0x63, 0x6b, 0x65, 0x64, 0x3d, 0x63, 0x2e,
    0x65, 0x6e, 0x61, 0x62, 0x6c, 0x65, 0x64, 0x21, 0x3d, 0x3d, 0x66, 0x61,
    0x6c, 0x73, 0x65, 0x3b, 0x0a, 0x24, 0x28, 0x27, 0x63, 0x6f, 0x6d, 0x70,
    0x61, 0x72, 0x61, 0x74, 0x6f, 0x72, 0x27, 0x29, 0x2e, 0x76, 0x61, 0x6c,
    0x75, 0x65, 0x3d, 0x63, 0x2e, 0x63, 0x6f, 0x6d, 0x70, 0x61, 0x72, 0x61,
    0x74, 0x6f, 0x72, 0x7c, 0x7c, 0x27, 0x65, 0x71, 0x27, 0x3b, 0x0a, 0x24,
    0x28, 0x27, 0x74, 0x68, 0x72, 0x65, 0x73, 0x68, 0x6f, 0x6c, 0x64, 0x27,
    0x29, 0x2e, 0x76, 0x61, 0x6c, 0x75, 0x65, 0x3d, 0x63, 0x2e, 0x74, 0x68,
    0x72, 0x65, 0x73, 0x68, 0x6f, 0x6c, 0x64, 0x5f, 0x6b, 0x69, 0x6e, 0x64,
    0x3d, 0x3d, 0x3d, 0x27, 0x69, 0x33, 0x32, 0x27, 0x3f, 0x53, 0x74, 0x72,
    0x69, 0x6e, 0x67, 0x28, 0x63, 0x2e, 0x74, 0x68, 0x72, 0x65, 0x73, 0x68,
    0x6f, 0x6c, 0x64, 0x5f, 0x69, 0x33, 0x32, 0x7c, 0x7c, 0x30, 0x29, 0x3a,
    0x53, 0x74, 0x72, 0x69, 0x6e, 0x67, 0x28, 0x63, 0x2e, 0x74, 0x68, 0x72,
    0x65, 0x73, 0x68, 0x6f, 0x6c, 0x64, 0x5f, 0x62, 0x6f, 0x6f, 0x6c, 0x21,
    0x3d, 0x3d, 0x66, 0x61, 0x6c, 0x73, 0x65, 0x29, 0x3b, 0x0a, 0x24, 0x28,
    0x27, 0x67, 0x70, 0x69, 0x6f, 0x5f, 0x70, 0x69, 0x6e, 0x27, 0x29, 0x2e,
    0x76, 0x61, 0x6c, 0x75, 0x65, 0x3d, 0x63, 0x2e, 0x67, 0x70, 0x69, 0x6f,
    0x5f, 0x70, 0x69, 0x6e, 0x3d, 0x3d, 0x3d, 0x75, 0x6e, 0x64, 0x65, 0x66,
    0x69, 0x6e, 0x65, 0x64, 0x3f, 0x34, 0x3a, 0x63, 0x2e, 0x67, 0x70, 0x69,
    0x6f, 0x5f, 0x70, 0x69, 0x6e, 0x3b, 0x0a, 0x69, 0x66, 0x28, 0x63, 0x2e,
    0x67, 0x70, 0x69, 0x6f, 0x5f, 0x70, 0x72, 0x6f, 0x66, 0x69, 0x6c, 0x65,
    0x29, 0x20, 0x24, 0x28, 0x27, 0x67, 0x70, 0x69, 0x6f, 0x5f, 0x70, 0x72,
    0x6f, 0x66, 0x69, 0x6c, 0x65, 0x27, 0x29, 0x2e, 0x76, 0x61, 0x6c, 0x75,
    0x65, 0x3d, 0x63, 0x2e, 0x67, 0x70, 0x69, 0x6f, 0x5f, 0x70, 0x72, 0x6f,
    0x66, 0x69, 0x6c, 0x65, 0x3b, 0x0a, 0x24, 0x28, 0x27, 0x67, 0x70, 0x69,
    0x6f, 0x5f, 0x61, 0x63, 0x74, 0x69, 0x76, 0x65, 0x5f, 0x6c, 0x6f, 0x77,
    0x27, 0x29, 0x2e, 0x63, 0x68, 0x65, 0x63, 0x6b, 0x65, 0x64, 0x3d, 0x21,
    0x21, 0x63, 0x2e, 0x67, 0x70, 0x69, 0x6f, 0x5f, 0x61, 0x63, 0x74, 0x69,
    0x76, 0x65, 0x5f, 0x6c, 0x6f, 0x77, 0x3b, 0x0a, 0x24, 0x28, 0x27, 0x67,
    0x70, 0x69, 0x6f, 0x5f, 0x64, 0x65, 0x62, 0x6f, 0x75, 0x6e, 0x63, 0x65,
    0x5f, 0x6d, 0x73, 0x27, 0x29, 0x2e, 0x76, 0x61, 0x6c, 0x75, 0x65, 0x3d,
    0x63, 0x2e, 0x67, 0x70, 0x69, 0x6f, 0x5f, 0x64, 0x65, 0x62, 0x6f, 0x75,
    0x6e, 0x63, 0x65, 0x5f, 0x6d, 0x73, 0x3d, 0x3d, 0x3d, 0x75, 0x6e, 0x64,
    0x65, 0x66, 0x69, 0x6e, 0x65, 0x64, 0x3f, 0x32, 0x30, 0x3a, 0x63, 0x2e,
    0x67, 0x70, 0x69, 0x6f, 0x5f, 0x64, 0x65, 0x62, 0x6f, 0x75, 0x6e, 0x63,
    0x65, 0x5f, 0x6d, 0x73, 0x3b, 0x0a, 0x24, 0x28, 0x27, 0x68, 0x74, 0x74,
    0x70, 0x5f, 0x75, 0x72, 0x6c, 0x27, 0x29, 0x2e, 0x76, 0x61, 0x6c, 0x75,
    0x65, 0x3d, 0x61, 0x2e, 0x68, 0x74, 0x74, 0x70, 0x5f, 0x75, 0x72, 0x6c,
    0x7c, 0x7c, 0x27, 0x27, 0x3b, 0x0a, 0x24, 0x28, 0x27, 0x68, 0x74, 0x74,
    0x70, 0x5f, 0x62, 0x65, 0x61, 0x72, 0x65, 0x72, 0x5f, 0x74, 0x6f, 0x6b,
    0x65, 0x6e, 0x27, 0x29, 0x2e, 0x76, 0x61, 0x6c, 0x75, 0x65, 0x3d, 0x27,
    0x27, 0x3b, 0x0a, 0x72, 0x75, 0x6c, 0x65, 0x46, 0x69, 0x65, 0x6c, 0x64,
    0x73, 0x28, 0x29, 0x3b, 0x20, 0x24, 0x28, 0x27, 0x72, 0x75, 0x6c, 0x65,
    0x5f, 0x65, 0x64, 0x69, 0x74, 0x6f, 0x72, 0x27, 0x29, 0x2e, 0x73, 0x68,
    0x6f, 0x77, 0x4d, 0x6f, 0x64, 0x61, 0x6c, 0x28, 0x29, 0x3b, 0x20, 0x24,
    0x28, 0x27, 0x72, 0x75, 0x6c, 0x65, 0x5f, 0x6e, 0x61, 0x6d, 0x65, 0x27,
    0x29, 0x2e, 0x66, 0x6f, 0x63, 0x75, 0x73, 0x28, 0x29, 0x3b, 0x0a, 0x7d,
    0x0a, 0x66, 0x75, 0x6e, 0x63, 0x74, 0x69, 0x6f, 0x6e, 0x20, 0x65, 0x64,
    0x69, 0x74, 0x65, 0x64, 0x43, 0x6f, 0x6e, 0x66, 0x69, 0x67, 0x28, 0x29,
    0x20, 0x7b, 0x0a, 0x63, 0x6f, 0x6e, 0x73, 0x74, 0x20, 0x70, 0x61, 0x74,
    0x63, 0x68, 0x3d, 0x4a, 0x53, 0x4f, 0x4e, 0x2e, 0x70, 0x61, 0x72, 0x73,
    0x65, 0x28, 0x62, 0x6f, 0x64, 0x79, 0x28, 0x29, 0x29, 0x3b, 0x0a, 0x69,
    0x66, 0x28, 0x21, 0x70, 0x61, 0x74, 0x63, 0x68, 0x2e, 0x6e, 0x61, 0x6d,
    0x65, 0x2e, 0x74, 0x72, 0x69, 0x6d, 0x28, 0x29, 0x29, 0x20, 0x74, 0x68,
    0x72, 0x6f, 0x77, 0x20, 0x6e, 0x65, 0x77, 0x20, 0x45, 0x72, 0x72, 0x6f,
    0x72, 0x28, 0x27, 0x45, 0x6e, 0x74, 0x65, 0x72, 0x20, 0x61, 0x6e, 0x20,
    0x61, 0x75, 0x74, 0x6f, 0x6d, 0x61, 0x74, 0x69, 0x6f, 0x6e, 0x20, 0x6e,
    0x61, 0x6d, 0x65, 0x2e, 0x27, 0x29, 0x3b, 0x0a, 0x69, 0x66, 0x28, 0x21,
    0x70, 0x61, 0x74, 0x63, 0x68, 0x2e, 0x73, 0x6f, 0x75, 0x72, 0x63, 0x65,
    0x7c, 0x7c, 0x21, 0x70, 0x61, 0x74, 0x63, 0x68, 0x2e, 0x61, 0x63, 0x74,
    0x69, 0x6f, 0x6e, 0x29, 0x20, 0x74, 0x68, 0x72, 0x6f, 0x77, 0x20, 0x6e,
    0x65, 0x77, 0x20, 0x45, 0x72, 0x72, 0x6f, 0x72, 0x28, 0x27, 0x43, 0x68,
    0x6f, 0x6f, 0x73, 0x65, 0x20, 0x61, 0x20, 0x74, 0x72, 0x69, 0x67, 0x67,
    0x65, 0x72, 0x20, 0x61, 0x6e, 0x64, 0x20, 0x61, 0x6e, 0x20, 0x61, 0x63,
    0x74, 0x69, 0x6f, 0x6e, 0x2e, 0x27, 0x29, 0x3b, 0x0a, 0x63, 0x6f, 0x6e,
    0x73, 0x74, 0x20, 0x72, 0x75, 0x6c, 0x65, 0x73, 0x3d, 0x4a, 0x53, 0x4f,
    0x4e, 0x2e, 0x70, 0x61, 0x72, 0x73, 0x65, 0x28, 0x4a, 0x53, 0x4f, 0x4e,
    0x2e, 0x73, 0x74, 0x72, 0x69, 0x6e, 0x67, 0x69, 0x66, 0x79, 0x28, 0x63,
    0x6f, 0x6e, 0x66, 0x69, 0x67, 0x53, 0x6e, 0x61, 0x70, 0x73, 0x68, 0x6f,
    0x74, 0x2e, 0x72, 0x75, 0x6c, 0x65, 0x73, 0x29, 0x29, 0x3b, 0x0a, 0x63,
    0x6f, 0x6e, 0x73, 0x74, 0x20, 0x6f, 0x6c, 0x64, 0x3d, 0x72, 0x75, 0x6c,
    0x65, 0x73, 0x5b, 0x65, 0x64, 0x69, 0x74, 0x49, 0x6e, 0x64, 0x65, 0x78,
    0x5d, 0x2c, 0x20, 0x66, 0x69, 0x72, 0x73, 0x74, 0x3d, 0x6f, 0x6c, 0x64,
    0x26, 0x26, 0x6f, 0x6c, 0x64, 0x2e, 0x61, 0x63, 0x74, 0x69, 0x6f, 0x6e,
    0x73, 0x5b, 0x30, 0x5d, 0x3b, 0x0a, 0x63, 0x6f, 0x6e, 0x73, 0x74, 0x20,
    0x61, 0x63, 0x74, 0x69, 0x6f, 0x6e, 0x3d, 0x66, 0x69, 0x72, 0x73, 0x74,
    0x26, 0x26, 0x66, 0x69, 0x72, 0x73, 0x74, 0x2e, 0x61, 0x63, 0x74, 0x69,
    0x6f, 0x6e, 0x3d, 0x3d, 0x3d, 0x70, 0x61, 0x74, 0x63, 0x68, 0x2e, 0x61,
    0x63, 0x74, 0x69, 0x6f, 0x6e, 0x3f, 0x4f, 0x62, 0x6a, 0x65, 0x63, 0x74,
    0x2e, 0x61, 0x73, 0x73, 0x69, 0x67, 0x6e, 0x28, 0x7b, 0x7d, 0x2c, 0x20,
    0x66, 0x69, 0x72, 0x73, 0x74, 0x29, 0x3a, 0x7b, 0x7d, 0x3b, 0x0a, 0x61,
    0x63, 0x74, 0x69, 0x6f, 0x6e, 0x2e, 0x61, 0x63, 0x74, 0x69, 0x6f, 0x6e,
    0x3d, 0x70, 0x61, 0x74, 0x63, 0x68, 0x2e, 0x61, 0x63, 0x74, 0x69, 0x6f,
    0x6e, 0x3b, 0x20, 0x61, 0x63, 0x74, 0x69, 0x6f, 0x6e, 0x2e, 0x68, 0x74,
    0x74, 0x70, 0x5f, 0x75, 0x72, 0x6c, 0x3d, 0x70, 0x61, 0x74, 0x63, 0x68,
    0x2e, 0x68, 0x74, 0x74, 0x70, 0x5f, 0x75, 0x72, 0x6c, 0x3b, 0x0a, 0x69,
    0x66, 0x28, 0x70, 0x61, 0x74, 0x63, 0x68, 0x2e, 0x68, 0x74, 0x74, 0x70,
    0x5f, 0x62, 0x65, 0x61, 0x72, 0x65, 0x72, 0x5f, 0x74, 0x6f, 0x6b, 0x65,
    0x6e, 0x29, 0x20, 0x61, 0x63, 0x74, 0x69, 0x6f, 0x6e, 0x2e, 0x68, 0x74,
    0x74, 0x70, 0x5f, 0x62, 0x65, 0x61, 0x72, 0x65, 0x72, 0x5f, 0x74, 0x6f,
    0x6b, 0x65, 0x6e, 0x3d, 0x70, 0x61, 0x74, 0x63, 0x68, 0x2e, 0x68, 0x74,
    0x74, 0x70, 0x5f, 0x62, 0x65, 0x61, 0x72, 0x65, 0x72, 0x5f, 0x74, 0x6f,
    0x6b, 0x65, 0x6e, 0x3b, 0x0a, 0x64, 0x65, 0x6c, 0x65, 0x74, 0x65, 0x20,
    0x70, 0x61, 0x74, 0x63, 0x68, 0x2e, 0x61, 0x63, 0x74, 0x69, 0x6f, 0x6e,
    0x3b, 0x20, 0x64, 0x65, 0x6c, 0x65, 0x74, 0x65, 0x20, 0x70, 0x61, 0x74,
    0x63, 0x68, 0x2e, 0x68, 0x74, 0x74, 0x70, 0x5f, 0x75, 0x72, 0x6c, 0x3b,
    0x20, 0x64, 0x65, 0x6c, 0x65, 0x74, 0x65, 0x20, 0x70, 0x61, 0x74, 0x63,
    0x68, 0x2e, 0x68, 0x74, 0x74, 0x70, 0x5f, 0x62, 0x65, 0x61, 0x72, 0x65,
    0x72, 0x5f, 0x74, 0x6f, 0x6b, 0x65, 0x6e, 0x3b, 0x0a, 0x63, 0x6f, 0x6e,
    0x73, 0x74, 0x20, 0x72, 0x3d, 0x4f, 0x62, 0x6a, 0x65, 0x63, 0x74, 0x2e,
    0x61, 0x73, 0x73, 0x69, 0x67, 0x6e, 0x28, 0x7b, 0x7d, 0x2c, 0x20, 0x6f,
    0x6c, 0x64, 0x7c, 0x7c, 0x7b, 0x7d, 0x2c, 0x20, 0x70, 0x61, 0x74, 0x63,
    0x68, 0x29, 0x3b, 0x0a, 0x69, 0x66, 0x28, 0x6f, 0x6c, 0x64, 0x26, 0x26,
    0x6f, 0x6c, 0x64, 0x2e, 0x73, 0x6f, 0x75, 0x72, 0x63, 0x65, 0x21, 0x3d,
    0x3d, 0x70, 0x61, 0x74, 0x63, 0x68, 0x2e, 0x73, 0x6f, 0x75, 0x72, 0x63,
    0x65, 0x29, 0x20, 0x64, 0x65, 0x6c, 0x65, 0x74, 0x65, 0x20, 0x72, 0x2e,
    0x73, 0x6f, 0x75, 0x72, 0x63, 0x65, 0x5f, 0x6b, 0x65, 0x79, 0x3b, 0x0a,
    0x72, 0x2e, 0x61, 0x63, 0x74, 0x69, 0x6f, 0x6e, 0x73, 0x3d, 0x5b, 0x61,
    0x63, 0x74, 0x69, 0x6f, 0x6e, 0x2c, 0x20, 0x2e, 0x2e, 0x2e, 0x28, 0x28,
    0x6f, 0x6c, 0x64, 0x26, 0x26, 0x6f, 0x6c, 0x64, 0x2e, 0x61, 0x63, 0x74,
    0x69, 0x6f, 0x6e, 0x73, 0x2e, 0x73, 0x6c, 0x69, 0x63, 0x65, 0x28, 0x31,
    0x29, 0x29, 0x7c, 0x7c, 0x5b, 0x5d, 0x29, 0x5d, 0x3b, 0x0a, 0x69, 0x66,
    0x28, 0x6f, 0x6c, 0x64, 0x29, 0x20, 0x72, 0x75, 0x6c, 0x65, 0x73, 0x5b,
    0x65, 0x64, 0x69, 0x74, 0x49, 0x6e, 0x64, 0x65, 0x78, 0x5d, 0x3d, 0x72,
    0x3b, 0x0a, 0x65, 0x6c, 0x73, 0x65, 0x20, 0x7b, 0x20, 0x69, 0x66, 0x28,
    0x72, 0x75, 0x6c, 0x65, 0x73, 0x2e, 0x6c, 0x65, 0x6e, 0x67, 0x74, 0x68,
    0x3e, 0x3d, 0x38, 0x29, 0x20, 0x74, 0x68, 0x72, 0x6f, 0x77, 0x20, 0x6e,
    0x65, 0x77, 0x20, 0x45, 0x72, 0x72, 0x6f, 0x72, 0x28, 0x27, 0x54, 0x68,
    0x65, 0x20, 0x64, 0x65, 0x76, 0x69, 0x63, 0x65, 0x20, 0x73, 0x75, 0x70,
    0x70, 0x6f, 0x72, 0x74, 0x73, 0x20, 0x75, 0x70, 0x20, 0x74, 0x6f, 0x20,
    0x38, 0x20, 0x61, 0x75, 0x74, 0x6f, 0x6d, 0x61, 0x74, 0x69, 0x6f, 0x6e,
    0x73, 0x2e, 0x27, 0x29, 0x3b, 0x20, 0x6c, 0x65, 0x74, 0x20, 0x69, 0x64,
    0x3d, 0x31, 0x3b, 0x20, 0x77, 0x68, 0x69, 0x6c, 0x65, 0x28, 0x72, 0x75,
    0x6c, 0x65, 0x73, 0x2e, 0x73, 0x6f, 0x6d, 0x65, 0x28, 0x72, 0x3d, 0x3e,
    0x72, 0x2e, 0x69, 0x64, 0x3d, 0x3d, 0x3d, 0x69, 0x64, 0x29, 0x29, 0x20,
    0x69, 0x64, 0x2b, 0x2b, 0x3b, 0x20, 0x72, 0x2e, 0x69, 0x64, 0x3d, 0x69,
    0x64, 0x3b, 0x20, 0x72, 0x75, 0x6c, 0x65, 0x73, 0x2e, 0x70, 0x75, 0x73,
    0x68, 0x28, 0x72, 0x29, 0x3b, 0x20, 0x7d, 0x0a, 0x72, 0x65, 0x74, 0x75,
    0x72, 0x6e, 0x20, 0x7b, 0x73, 0x63, 0x68, 0x65, 0x6d, 0x61, 0x5f, 0x76,
    0x65, 0x72, 0x73, 0x69, 0x6f, 0x6e, 0x3a, 0x63, 0x6f, 0x6e, 0x66, 0x69,
    0x67, 0x53, 0x6e, 0x61, 0x70, 0x73, 0x68, 0x6f, 0x74, 0x2e, 0x73, 0x63,
    0x68, 0x65, 0x6d, 0x61, 0x5f, 0x76, 0x65, 0x72, 0x73, 0x69, 0x6f, 0x6e,
    0x7c, 0x7c, 0x31, 0x2c, 0x20, 0x72, 0x75, 0x6c, 0x65, 0x73, 0x7d, 0x3b,
    0x0a, 0x7d, 0x0a, 0x66, 0x75, 0x6e, 0x63, 0x74, 0x69, 0x6f, 0x6e, 0x20,
    0x72, 0x65, 0x6e, 0x64, 0x65, 0x72, 0x4e, 0x65, 0x74, 0x77, 0x6f, 0x72,
    0x6b, 0x73, 0x28, 0x6e, 0x73, 0x29, 0x20, 0x7b, 0x0a, 0x63, 0x6f, 0x6e,
    0x73, 0x74, 0x20, 0x72, 0x6f, 0x6f, 0x74, 0x3d, 0x24, 0x28, 0x27, 0x77,
    0x69, 0x66, 0x69, 0x5f, 0x6e, 0x65, 0x74, 0x77, 0x6f, 0x72, 0x6b, 0x73,
    0x27, 0x29, 0x3b, 0x20, 0x72, 0x6f, 0x6f, 0x74, 0x2e, 0x72, 0x65, 0x70,
    0x6c, 0x61, 0x63, 0x65, 0x43, 0x68, 0x69, 0x6c, 0x64, 0x72, 0x65, 0x6e,
    0x28, 0x29, 0x3b, 0x0a, 0x69, 0x66, 0x28, 0x21, 0x6e, 0x73, 0x7c, 0x7c,
    0x21, 0x6e, 0x73, 0x2e, 0x6c, 0x65, 0x6e, 0x67, 0x74, 0x68, 0x29, 0x20,
    0x7b, 0x20, 0x72, 0x6f, 0x6f, 0x74, 0x2e, 0x74, 0x65, 0x78, 0x74, 0x43,
    0x6f, 0x6e, 0x74, 0x65, 0x6e, 0x74, 0x3d, 0x27, 0x4e, 0x6f, 0x20, 0x6e,
    0x65, 0x74, 0x77, 0x6f, 0x72, 0x6b, 0x73, 0x20, 0x66, 0x6f, 0x75, 0x6e,
    0x64, 0x2e, 0x20, 0x45, 0x6e, 0x74, 0x65, 0x72, 0x20, 0x61, 0x6e, 0x20,
    0x53, 0x53, 0x49, 0x44, 0x20, 0x6f, 0x72, 0x20, 0x73, 0x63, 0x61, 0x6e,
    0x20, 0x61, 0x67, 0x61, 0x69, 0x6e, 0x2e, 0x27, 0x3b, 0x20, 0x72, 0x65,
    0x74, 0x75, 0x72, 0x6e, 0x3b, 0x20, 0x7d, 0x0a, 0x6e, 0x73, 0x2e, 0x66,
    0x6f, 0x72, 0x45, 0x61, 0x63, 0x68, 0x28, 0x6e, 0x3d, 0x3e, 0x7b, 0x0a,
    0x63, 0x6f, 0x6e, 0x73, 0x74, 0x20, 0x72, 0x6f, 0x77, 0x3d, 0x64, 0x6f,
    0x63, 0x75, 0x6d, 0x65, 0x6e, 0x74, 0x2e, 0x63, 0x72, 0x65, 0x61, 0x74,
    0x65, 0x45, 0x6c, 0x65, 0x6d, 0x65, 0x6e, 0x74, 0x28, 0x27, 0x62, 0x75,
    0x74, 0x74, 0x6f, 0x6e, 0x27, 0x29, 0x3b, 0x20, 0x72, 0x6f, 0x77, 0x2e,
    0x74, 0x79, 0x70, 0x65, 0x3d, 0x27, 0x62, 0x75, 0x74, 0x74, 0x6f, 0x6e,
    0x27, 0x3b, 0x20, 0x72, 0x6f, 0x77, 0x2e, 0x63, 0x6c, 0x61, 0x73, 0x73,
    0x4e, 0x61, 0x6d, 0x65, 0x3d, 0x27, 0x6e, 0x65, 0x74, 0x77, 0x6f, 0x72,
    0x6b, 0x2d, 0x72, 0x6f, 0x77, 0x27, 0x3b, 0x0a, 0x72, 0x6f, 0x77, 0x2e,
    0x74, 0x65, 0x78, 0x74, 0x43, 0x6f, 0x6e, 0x74, 0x65, 0x6e, 0x74, 0x3d,
    0x28, 0x6e, 0x2e, 0x73, 0x73, 0x69, 0x64, 0x7c, 0x7c, 0x27, 0x28, 0x68,
    0x69, 0x64, 0x64, 0x65, 0x6e, 0x29, 0x27, 0x29, 0x2b, 0x27, 0x20, 0xc2,
    0xb7, 0x20, 0x27, 0x2b, 0x6e, 0x2e, 0x72, 0x73, 0x73, 0x69, 0x2b, 0x27,
    0x20, 0x64, 0x42, 0x6d, 0x20, 0xc2, 0xb7, 0x20, 0x63, 0x68, 0x20, 0x27,
    0x2b, 0x6e, 0x2e, 0x63, 0x68, 0x61, 0x6e, 0x6e, 0x65, 0x6c, 0x2b, 0x28,
    0x6e, 0x2e, 0x73, 0x65, 0x63, 0x75, 0x72, 0x65, 0x3f, 0x27, 0x20, 0xc2,
    0xb7, 0x20, 0x53, 0x65, 0x63, 0x75, 0x72, 0x65, 0x64, 0x27, 0x3a, 0x27,
    0x20, 0xc2, 0xb7, 0x20, 0x4f, 0x70, 0x65, 0x6e, 0x27, 0x29, 0x3b, 0x0a,
    0x72, 0x6f, 0x77, 0x2e, 0x6f, 0x6e, 0x63, 0x6c, 0x69, 0x63, 0x6b, 0x3d,
    0x28, 0x29, 0x3d, 0x3e, 0x7b, 0x20, 0x24, 0x28, 0x27, 0x77, 0x69, 0x66,
    0x69, 0x5f, 0x73, 0x73, 0x69, 0x64, 0x27, 0x29, 0x2e, 0x76, 0x61, 0x6c,
    0x75, 0x65, 0x3d, 0x6e, 0x2e, 0x73, 0x73, 0x69, 0x64, 0x7c, 0x7c, 0x27,
    0x27, 0x3b, 0x20, 0x24, 0x28, 0x27, 0x77, 0x69, 0x66, 0x69, 0x5f, 0x70,
    0x61, 0x73, 0x73, 0x77, 0x6f, 0x72, 0x64, 0x27, 0x29, 0x2e, 0x76, 0x61,
    0x6c, 0x75, 0x65, 0x3d, 0x27, 0x27, 0x3b, 0x20, 0x24, 0x28, 0x27, 0x77,
    0x69, 0x66, 0x69, 0x5f, 0x73, 0x73, 0x69, 0x64, 0x27, 0x29, 0x2e, 0x66,
    0x6f, 0x63, 0x75, 0x73, 0x28, 0x29, 0x3b, 0x20, 0x7d, 0x3b, 0x0a, 0x72,
    0x6f, 0x6f, 0x74, 0x2e, 0x61, 0x70, 0x70, 0x65, 0x6e, 0x64, 0x43, 0x68,
    0x69, 0x6c, 0x64, 0x28, 0x72, 0x6f, 0x77, 0x29, 0x3b, 0x0a, 0x7d, 0x29,
    0x3b, 0x0a, 0x7d, 0x0a, 0x66, 0x75, 0x6e, 0x63, 0x74, 0x69, 0x6f, 0x6e,
    0x20, 0x73, 0x75, 0x6d, 0x6d, 0x61, 0x72, 0x79, 0x28, 0x69, 0x64, 0x2c,
    0x20, 0x72, 0x6f, 0x77, 0x73, 0x29, 0x20, 0x7b, 0x0a, 0x63, 0x6f, 0x6e,
    0x73, 0x74, 0x20, 0x72, 0x6f, 0x6f, 0x74, 0x3d, 0x24, 0x28, 0x69, 0x64,
    0x29, 0x3b, 0x20, 0x72, 0x6f, 0x6f, 0x74, 0x2e, 0x72, 0x65, 0x70, 0x6c,
    0x61, 0x63, 0x65, 0x43, 0x68, 0x69, 0x6c, 0x64, 0x72, 0x65, 0x6e, 0x28,
    0x29, 0x3b, 0x0a, 0x72, 0x6f, 0x77, 0x73, 0x2e, 0x66, 0x6f, 0x72, 0x45,
    0x61, 0x63, 0x68, 0x28, 0x28, 0x5b, 0x6c, 0x61, 0x62, 0x65, 0x6c, 0x2c,
    0x76, 0x61, 0x6c, 0x75, 0x65, 0x5d, 0x29, 0x3d, 0x3e, 0x7b, 0x20, 0x63,
    0x6f, 0x6e, 0x73, 0x74, 0x20, 0x6b, 0x65, 0x79, 0x3d, 0x64, 0x6f, 0x63,
    0x75, 0x6d, 0x65, 0x6e, 0x74, 0x2e, 0x63, 0x72, 0x65, 0x61, 0x74, 0x65,
    0x45, 0x6c, 0x65, 0x6d, 0x65, 0x6e, 0x74, 0x28, 0x27, 0x62, 0x27, 0x29,
    0x2c, 0x20, 0x74, 0x65, 0x78, 0x74, 0x3d, 0x64, 0x6f, 0x63, 0x75, 0x6d,
    0x65, 0x6e, 0x74, 0x2e, 0x63, 0x72, 0x65, 0x61, 0x74, 0x65, 0x45, 0x6c,
    0x65, 0x6d, 0x65, 0x6e, 0x74, 0x28, 0x27, 0x73, 0x70, 0x61, 0x6e, 0x27,
    0x29, 0x3b, 0x20, 0x6b, 0x65, 0x79, 0x2e, 0x74, 0x65, 0x78, 0x74, 0x43,
    0x6f, 0x6e, 0x74, 0x65, 0x6e, 0x74, 0x3d, 0x6c, 0x61, 0x62, 0x65, 0x6c,
    0x3b, 0x20, 0x74, 0x65, 0x78, 0x74, 0x2e, 0x74, 0x65, 0x78, 0x74, 0x43,
    0x6f, 0x6e, 0x74, 0x65, 0x6e, 0x74, 0x3d, 0x76, 0x61, 0x6c, 0x75, 0x65,
    0x3b, 0x20, 0x72, 0x6f, 0x6f, 0x74, 0x2e, 0x61, 0x70, 0x70, 0x65, 0x6e,
    0x64, 0x43, 0x68, 0x69, 0x6c, 0x64, 0x28, 0x6b, 0x65, 0x79, 0x29, 0x3b,
    0x20, 0x72, 0x6f, 0x6f, 0x74, 0x2e, 0x61, 0x70, 0x70, 0x65, 0x6e, 0x64,
    0x43, 0x68, 0x69, 0x6c, 0x64, 0x28, 0x74, 0x65, 0x78, 0x74, 0x29, 0x3b,
    0x20, 0x7d, 0x29, 0x3b, 0x0a, 0x7d, 0x0a, 0x66, 0x75, 0x6e, 0x63, 0x74,
    0x69, 0x6f, 0x6e, 0x20, 0x6e, 0x65, 0x74, 0x53, 0x75, 0x6d, 0x6d, 0x61,
    0x72, 0x79, 0x28, 0x64, 0x29, 0x20, 0x7b, 0x0a, 0x24, 0x28, 0x27, 0x63,
    0x6f, 0x6e, 0x6e, 0x65, 0x63, 0x74, 0x69, 0x6f, 0x6e, 0x5f, 0x70, 0x69,
    0x6c, 0x6c, 0x27, 0x29, 0x2e, 0x74, 0x65, 0x78, 0x74, 0x43, 0x6f, 0x6e,
    0x74, 0x65, 0x6e, 0x74, 0x3d, 0x64, 0x2e, 0x73, 0x74, 0x61, 0x5f, 0x63,
    0x6f, 0x6e, 0x6e, 0x65, 0x63, 0x74, 0x65, 0x64, 0x3f, 0x27, 0x57, 0x69,
    0x2d, 0x46, 0x69, 0x20, 0x63, 0x6f, 0x6e, 0x6e, 0x65, 0x63, 0x74, 0x65,
    0x64, 0x27, 0x3a, 0x64, 0x2e, 0x61, 0x70, 0x5f, 0x73, 0x74, 0x61, 0x72,
    0x74, 0x65, 0x64, 0x3f, 0x27, 0x48, 0x6f, 0x74, 0x73, 0x70, 0x6f, 0x74,
    0x20, 0x61, 0x63, 0x74, 0x69, 0x76, 0x65, 0x27, 0x3a, 0x27, 0x4e, 0x65,
    0x74, 0x77, 0x6f, 0x72, 0x6b, 0x20, 0x6f, 0x66, 0x66, 0x27, 0x3b, 0x0a,
    0x73, 0x75, 0x6d, 0x6d, 0x61, 0x72, 0x79, 0x28, 0x27, 0x6e, 0x65, 0x74,
    0x5f, 0x73, 0x75, 0x6d, 0x6d, 0x61, 0x72, 0x79, 0x27, 0x2c, 0x20, 0x5b,
    0x5b, 0x27, 0x4d, 0x6f, 0x64, 0x65, 0x27, 0x2c, 0x20, 0x64, 0x2e, 0x6d,
    0x6f, 0x64, 0x65, 0x5d, 0x2c, 0x20, 0x5b, 0x27, 0x53, 0x74, 0x61, 0x74,
    0x69, 0x6f, 0x6e, 0x27, 0x2c, 0x20, 0x64, 0x2e, 0x73, 0x74, 0x61, 0x5f,
    0x63, 0x6f, 0x6e, 0x6e, 0x65, 0x63, 0x74, 0x65, 0x64, 0x3f, 0x64, 0x2e,
    0x73, 0x74, 0x61, 0x5f, 0x73, 0x73, 0x69, 0x64, 0x2b, 0x27, 0x20, 0x40,
    0x20, 0x27, 0x2b, 0x64, 0x2e, 0x73, 0x74, 0x61, 0x5f, 0x69, 0x70, 0x3a,
    0x64, 0x2e, 0x73, 0x74, 0x61, 0x5f, 0x73, 0x73, 0x69, 0x64, 0x7c, 0x7c,
    0x27, 0x4e, 0x6f, 0x74, 0x20, 0x63, 0x6f, 0x6e, 0x6e, 0x65, 0x63, 0x74,
    0x65, 0x64, 0x27, 0x5d, 0x2c, 0x20, 0x5b, 0x27, 0x53, 0x65, 0x74, 0x75,
    0x70, 0x20, 0x41, 0x50, 0x27, 0x2c, 0x20, 0x64, 0x2e, 0x61, 0x70, 0x5f,
    0x73, 0x74, 0x61, 0x72, 0x74, 0x65, 0x64, 0x3f, 0x64, 0x2e, 0x61, 0x70,
    0x5f, 0x73, 0x73, 0x69, 0x64, 0x2b, 0x27, 0x20, 0x40, 0x20, 0x27, 0x2b,
    0x64, 0x2e, 0x61, 0x70, 0x5f, 0x69, 0x70, 0x3a, 0x27, 0x4f, 0x66, 0x66,
    0x27, 0x5d, 0x2c, 0x20, 0x5b, 0x27, 0x57, 0x65, 0x62, 0x20, 0x55, 0x52,
    0x4c, 0x27, 0x2c, 0x20, 0x64, 0x2e, 0x77, 0x65, 0x62, 0x5f, 0x75, 0x72,
    0x6c, 0x7c, 0x7c, 0x27, 0xe2, 0x80, 0x94, 0x27, 0x5d, 0x5d, 0x29, 0x3b,
    0x0a, 0x7d, 0x0a, 0x66, 0x75, 0x6e, 0x63, 0x74, 0x69, 0x6f, 0x6e, 0x20,
    0x74, 0x69, 0x6d, 0x65, 0x53, 0x75, 0x6d, 0x6d, 0x61, 0x72, 0x79, 0x28,
    0x64, 0x29, 0x20, 0x7b, 0x0a, 0x73, 0x75, 0x6d, 0x6d, 0x61, 0x72, 0x79,
    0x28, 0x27, 0x74, 0x69, 0x6d, 0x65, 0x5f, 0x73, 0x75, 0x6d, 0x6d, 0x61,
    0x72, 0x79, 0x27, 0x2c, 0x20, 0x5b, 0x5b, 0x27, 0x54, 0x69, 0x6d, 0x65,
    0x7a, 0x6f, 0x6e, 0x65, 0x27, 0x2c, 0x20, 0x64, 0x2e, 0x74, 0x69, 0x6d,
    0x65, 0x7a, 0x6f, 0x6e, 0x65, 0x7c, 0x7c, 0x27, 0x55, 0x54, 0x43, 0x27,
    0x5d, 0x2c, 0x20, 0x5b, 0x27, 0x44, 0x65, 0x76, 0x69, 0x63, 0x65, 0x20,
    0x74, 0x69, 0x6d, 0x65, 0x27, 0x2c, 0x20, 0x64, 0x2e, 0x74, 0x69, 0x6d,
    0x65, 0x5f, 0x32, 0x34, 0x68, 0x7c, 0x7c, 0x27, 0x2d, 0x2d, 0x3a, 0x2d,
    0x2d, 0x27, 0x5d, 0x5d, 0x29, 0x3b, 0x0a, 0x63, 0x6f, 0x6e, 0x73, 0x74,
    0x20, 0x7a, 0x3d, 0x64, 0x2e, 0x74, 0x69, 0x6d, 0x65, 0x7a, 0x6f, 0x6e,
    0x65, 0x7c, 0x7c, 0x27, 0x55, 0x54, 0x43, 0x27, 0x2c, 0x20, 0x73, 0x65,
    0x6c, 0x3d, 0x24, 0x28, 0x27, 0x74, 0x69, 0x6d, 0x65, 0x7a, 0x6f, 0x6e,
    0x65, 0x27, 0x29, 0x3b, 0x0a, 0x69, 0x66, 0x28, 0x21, 0x5b, 0x2e, 0x2e,
    0x2e, 0x73, 0x65, 0x6c, 0x2e, 0x6f, 0x70, 0x74, 0x69, 0x6f, 0x6e, 0x73,
    0x5d, 0x2e, 0x73, 0x6f, 0x6d, 0x65, 0x28, 0x6f, 0x3d, 0x3e, 0x6f, 0x2e,
    0x76, 0x61, 0x6c, 0x75, 0x65, 0x3d, 0x3d, 0x3d, 0x7a, 0x29, 0x29, 0x20,
    0x6f, 0x70, 0x74, 0x28, 0x73, 0x65, 0x6c, 0x2c, 0x20, 0x7a, 0x29, 0x3b,
    0x0a, 0x73, 0x65, 0x6c, 0x2e, 0x76, 0x61, 0x6c, 0x75, 0x65, 0x3d, 0x7a,
    0x3b, 0x0a, 0x7d, 0x0a, 0x61, 0x73, 0x79, 0x6e, 0x63, 0x20, 0x66, 0x75,
    0x6e, 0x63, 0x74, 0x69, 0x6f, 0x6e, 0x20, 0x74, 0x69, 0x6d, 0x65, 0x53,
    0x74, 0x61, 0x74, 0x75, 0x73, 0x28, 0x29, 0x20, 0x7b, 0x20, 0x63, 0x6f,
    0x6e, 0x73, 0x74, 0x20, 0x64, 0x3d, 0x61, 0x77, 0x61, 0x69, 0x74, 0x20,
    0x61, 0x70, 0x69, 0x28, 0x27, 0x2f, 0x61, 0x70, 0x69, 0x2f, 0x74, 0x69,
    0x6d, 0x65, 0x27, 0x29, 0x3b, 0x20, 0x64, 0x75, 0x6d, 0x70, 0x28, 0x27,
    0x74, 0x69, 0x6d, 0x65, 0x5f, 0x73, 0x74, 0x61, 0x74, 0x75, 0x73, 0x27,
    0x2c, 0x20, 0x64, 0x29, 0x3b, 0x20, 0x74, 0x69, 0x6d, 0x65, 0x53, 0x75,
    0x6d, 0x6d, 0x61, 0x72, 0x79, 0x28, 0x64, 0x29, 0x3b, 0x20, 0x72, 0x65,
    0x74, 0x75, 0x72, 0x6e, 0x20, 0x64, 0x3b, 0x20, 0x7d, 0x0a, 0x61, 0x73,
    0x79, 0x6e, 0x63, 0x20, 0x66, 0x75, 0x6e, 0x63, 0x74, 0x69, 0x6f, 0x6e,
    0x20, 0x77, 0x69, 0x66, 0x69, 0x53, 0x74, 0x61, 0x74, 0x75, 0x73, 0x28,
    0x29, 0x20, 0x7b, 0x0a, 0x63, 0x6f, 0x6e, 0x73, 0x74, 0x20, 0x64, 0x3d,
    0x61, 0x77, 0x61, 0x69, 0x74, 0x20, 0x61, 0x70, 0x69, 0x28, 0x27, 0x2f,
    0x61, 0x70, 0x69, 0x2f, 0x77, 0x69, 0x66, 0x69, 0x2f, 0x73, 0x74, 0x61,
    0x74, 0x75, 0x73, 0x27, 0x29, 0x3b, 0x20, 0x64, 0x75, 0x6d, 0x70, 0x28,
    0x27, 0x77, 0x69, 0x66, 0x69, 0x5f, 0x73, 0x74, 0x61, 0x74, 0x75, 0x73,
    0x27, 0x2c, 0x20, 0x64, 0x29, 0x3b, 0x20, 0x6e, 0x65, 0x74, 0x53, 0x75,
    0x6d, 0x6d, 0x61, 0x72, 0x79, 0x28, 0x64, 0x29, 0x3b, 0x0a, 0x69, 0x66,
    0x28, 0x64, 0x2e, 0x61, 0x70, 0x5f, 0x73, 0x73, 0x69, 0x64, 0x26, 0x26,
    0x21, 0x24, 0x28, 0x27, 0x61, 0x70, 0x5f, 0x73, 0x73, 0x69, 0x64, 0x27,
    0x29, 0x2e, 0x76, 0x61, 0x6c, 0x75, 0x65, 0x29, 0x20, 0x24, 0x28, 0x27,
    0x61, 0x70, 0x5f, 0x73, 0x73, 0x69, 0x64, 0x27, 0x29, 0x2e, 0x76, 0x61,
    0x6c, 0x75, 0x65, 0x3d, 0x64, 0x2e, 0x61, 0x70, 0x5f, 0x73, 0x73, 0x69,
    0x64, 0x3b, 0x0a, 0x69, 0x66, 0x28, 0x64, 0x2e, 0x61, 0x70, 0x5f, 0x63,
    0x68, 0x61, 0x6e, 0x6e, 0x65, 0x6c, 0x29, 0x20, 0x24, 0x28, 0x27, 0x61,
    0x70, 0x5f, 0x63, 0x68, 0x61, 0x6e, 0x6e, 0x65, 0x6c, 0x27, 0x29, 0x2e,
    0x76, 0x61, 0x6c, 0x75, 0x65, 0x3d, 0x64, 0x2e, 0x61, 0x70, 0x5f, 0x63,
    0x68, 0x61, 0x6e, 0x6e, 0x65, 0x6c, 0x3b, 0x0a, 0x24, 0x28, 0x27, 0x77,
    0x69, 0x66, 0x69, 0x5f, 0x73, 0x61, 0x76, 0x65, 0x64, 0x27, 0x29, 0x2e,
    0x74, 0x65, 0x78, 0x74, 0x43, 0x6f, 0x6e, 0x74, 0x65, 0x6e, 0x74, 0x3d,
    0x64, 0x2e, 0x73, 0x74, 0x61, 0x5f, 0x73, 0x73, 0x69, 0x64, 0x7c, 0x7c,
    0x27, 0x4e, 0x6f, 0x20, 0x73, 0x61, 0x76, 0x65, 0x64, 0x20, 0x6e, 0x65,
    0x74, 0x77, 0x6f, 0x72, 0x6b, 0x27, 0x3b, 0x0a, 0x72, 0x65, 0x74, 0x75,
    0x72, 0x6e, 0x20, 0x64, 0x3b, 0x0a, 0x7d, 0x0a, 0x61, 0x73, 0x79, 0x6e,
    0x63, 0x20, 0x66, 0x75, 0x6e, 0x63, 0x74, 0x69, 0x6f, 0x6e, 0x20, 0x72,
    0x65, 0x66, 0x72, 0x65, 0x73, 0x68, 0x28, 0x29, 0x20, 0x7b, 0x0a, 0x63,
    0x6f, 0x6e, 0x73, 0x74, 0x20, 0x76, 0x69, 0x65, 0x77, 0x3d, 0x61, 0x63,
    0x74, 0x69, 0x76, 0x65, 0x56, 0x69, 0x65, 0x77, 0x3b, 0x0a, 0x69, 0x66,
    0x28, 0x76, 0x69, 0x65, 0x77, 0x3d, 0x3d, 0x3d, 0x27, 0x61, 0x75, 0x74,
    0x6f, 0x6d, 0x61, 0x74, 0x69, 0x6f, 0x6e, 0x73, 0x27, 0x29, 0x20, 0x61,
    0x70, 0x70, 0x6c, 0x79, 0x43, 0x6f, 0x6e, 0x66, 0x69, 0x67, 0x28, 0x61,
    0x77, 0x61, 0x69, 0x74, 0x20, 0x61, 0x70, 0x69, 0x28, 0x27, 0x2f, 0x61,
    0x70, 0x69, 0x2f, 0x63, 0x6f, 0x6e, 0x66, 0x69, 0x67, 0x3f, 0x76, 0x69,
    0x65, 0x77, 0x3d, 0x6c, 0x69, 0x73, 0x74, 0x27, 0x29, 0x29, 0x3b, 0x0a,
    0x65, 0x6c, 0x73, 0x65, 0x20, 0x7b, 0x20, 0x61, 0x77, 0x61, 0x69, 0x74,
    0x20, 0x77, 0x69, 0x66, 0x69, 0x53, 0x74, 0x61, 0x74, 0x75, 0x73, 0x28,
    0x29, 0x3b, 0x20, 0x69, 0x66, 0x28, 0x24, 0x28, 0x27, 0x64, 0x65, 0x76,
    0x69, 0x63, 0x65, 0x5f, 0x73, 0x65, 0x74, 0x74, 0x69, 0x6e, 0x67, 0x73,
    0x27, 0x29, 0x2e, 0x6f, 0x70, 0x65, 0x6e, 0x29, 0x20, 0x61, 0x77, 0x61,
    0x69, 0x74, 0x20, 0x74, 0x69, 0x6d, 0x65, 0x53, 0x74, 0x61, 0x74, 0x75,
    0x73, 0x28, 0x29, 0x3b, 0x20, 0x69, 0x66, 0x28, 0x24, 0x28, 0x27, 0x64,
    0x69, 0x61, 0x67, 0x6e, 0x6f, 0x73, 0x74, 0x69, 0x63, 0x5f, 0x73, 0x65,
    0x74, 0x74, 0x69, 0x6e, 0x67, 0x73, 0x27, 0x29, 0x2e, 0x6f, 0x70, 0x65,
    0x6e, 0x29, 0x20, 0x7b, 0x20, 0x61, 0x77, 0x61, 0x69, 0x74, 0x20, 0x63,
    0x61, 0x70, 0x61, 0x62, 0x69, 0x6c, 0x69, 0x74, 0x69, 0x65, 0x73, 0x28,
    0x29, 0x3b, 0x20, 0x64, 0x75, 0x6d, 0x70, 0x28, 0x27, 0x73, 0x74, 0x61,
    0x74, 0x75, 0x73, 0x27, 0x2c, 0x20, 0x61, 0x77, 0x61, 0x69, 0x74, 0x20,
    0x61, 0x70, 0x69, 0x28, 0x27, 0x2f, 0x61, 0x70, 0x69, 0x2f, 0x73, 0x74,
    0x61, 0x74, 0x75, 0x73, 0x27, 0x29, 0x29, 0x3b, 0x20, 0x7d, 0x20, 0x7d,
    0x0a, 0x6c, 0x6f, 0x61, 0x64, 0x65, 0x64, 0x5b, 0x76, 0x69, 0x65, 0x77,
    0x5d, 0x3d, 0x74, 0x72, 0x75, 0x65, 0x3b, 0x0a, 0x69, 0x66, 0x28, 0x61,
    0x63, 0x74, 0x69, 0x76, 0x65, 0x56, 0x69, 0x65, 0x77, 0x21, 0x3d, 0x3d,
    0x76, 0x69, 0x65, 0x77, 0x26, 0x26, 0x21, 0x6c, 0x6f, 0x61, 0x64, 0x65,
    0x64, 0x5b, 0x61, 0x63, 0x74, 0x69, 0x76, 0x65, 0x56, 0x69, 0x65, 0x77,
    0x5d, 0x29, 0x20, 0x61, 0x77, 0x61, 0x69, 0x74, 0x20, 0x72, 0x65, 0x66,
    0x72, 0x65, 0x73, 0x68, 0x28, 0x29, 0x3b, 0x0a, 0x7d, 0x0a, 0x66, 0x75,
    0x6e, 0x63, 0x74, 0x69, 0x6f, 0x6e, 0x20, 0x6e, 0x61, 0x76, 0x69, 0x67,
    0x61, 0x74, 0x65, 0x28, 0x29, 0x20, 0x7b, 0x0a, 0x63, 0x6f, 0x6e, 0x73,
    0x74, 0x20, 0x72, 0x65, 0x71, 0x75, 0x65, 0x73, 0x74, 0x65, 0x64, 0x3d,
    0x77, 0x69, 0x6e, 0x64, 0x6f, 0x77, 0x2e, 0x6c, 0x6f, 0x63, 0x61, 0x74,
    0x69, 0x6f, 0x6e, 0x2e, 0x68, 0x61, 0x73, 0x68, 0x2e, 0x73, 0x6c, 0x69,
    0x63, 0x65, 0x28, 0x31, 0x29, 0x3b, 0x0a, 0x61, 0x63, 0x74, 0x69, 0x76,
    0x65, 0x56, 0x69, 0x65, 0x77, 0x3d, 0x5b, 0x27, 0x73, 0x65, 0x74, 0x74,
    0x69, 0x6e, 0x67, 0x73, 0x27, 0x2c, 0x27, 0x6e, 0x65, 0x74, 0x77, 0x6f,
    0x72, 0x6b, 0x27, 0x2c, 0x27, 0x64, 0x65, 0x76, 0x69, 0x63, 0x65, 0x27,
    0x2c, 0x27, 0x64, 0x69, 0x61, 0x67, 0x6e, 0x6f, 0x73, 0x74, 0x69, 0x63,
    0x73, 0x27, 0x5d, 0x2e, 0x69, 0x6e, 0x63, 0x6c, 0x75, 0x64, 0x65, 0x73,
    0x28, 0x72, 0x65, 0x71, 0x75, 0x65, 0x73, 0x74, 0x65, 0x64, 0x29, 0x3f,
    0x27, 0x73, 0x65, 0x74, 0x74, 0x69, 0x6e, 0x67, 0x73, 0x27, 0x3a, 0x27,
    0x61, 0x75, 0x74, 0x6f, 0x6d, 0x61, 0x74, 0x69, 0x6f, 0x6e, 0x73, 0x27,
    0x3b, 0x0a, 0x64, 0x6f, 0x63, 0x75, 0x6d, 0x65, 0x6e, 0x74, 0x2e, 0x71,
    0x75, 0x65, 0x72, 0x79, 0x53, 0x65, 0x6c, 0x65, 0x63, 0x74, 0x6f, 0x72,
    0x41, 0x6c, 0x6c, 0x28, 0x27, 0x5b, 0x64, 0x61, 0x74, 0x61, 0x2d, 0x70,
    0x61, 0x67, 0x65, 0x5d, 0x27, 0x29, 0x2e, 0x66, 0x6f, 0x72, 0x45, 0x61,
    0x63, 0x68, 0x28, 0x70, 0x3d, 0x3e, 0x70, 0x2e, 0x68, 0x69, 0x64, 0x64,
    0x65, 0x6e, 0x3d, 0x70, 0x2e, 0x64, 0x61, 0x74, 0x61, 0x73, 0x65, 0x74,
    0x2e, 0x70, 0x61, 0x67, 0x65, 0x21, 0x3d, 0x3d, 0x61, 0x63, 0x74, 0x69,
    0x76, 0x65, 0x56, 0x69, 0x65, 0x77, 0x29, 0x3b, 0x0a, 0x64, 0x6f, 0x63,
    0x75, 0x6d, 0x65, 0x6e, 0x74, 0x2e, 0x71, 0x75, 0x65, 0x72, 0x79, 0x53,
    0x65, 0x6c, 0x65, 0x63, 0x74, 0x6f, 0x72, 0x41, 0x6c, 0x6c, 0x28, 0x27,
    0x5b, 0x64, 0x61, 0x74, 0x61, 0x2d, 0x76, 0x69, 0x65, 0x77, 0x5d, 0x27,
    0x29, 0x2e, 0x66, 0x6f, 0x72, 0x45, 0x61, 0x63, 0x68, 0x28, 0x61, 0x3d,
    0x3e, 0x7b, 0x20, 0x69, 0x66, 0x28, 0x61, 0x2e, 0x64, 0x61, 0x74, 0x61,
    0x73, 0x65, 0x74, 0x2e, 0x76, 0x69, 0x65, 0x77, 0x3d, 0x3d, 0x3d, 0x61,
    0x63, 0x74, 0x69, 0x76, 0x65, 0x56, 0x69, 0x65, 0x77, 0x29, 0x20, 0x61,
    0x2e, 0x73, 0x65, 0x74, 0x41, 0x74, 0x74, 0x72, 0x69, 0x62, 0x75, 0x74,
    0x65, 0x28, 0x27, 0x61, 0x72, 0x69, 0x61, 0x2d, 0x63, 0x75, 0x72, 0x72,
    0x65, 0x6e, 0x74, 0x27, 0x2c, 0x27, 0x70, 0x61, 0x67, 0x65, 0x27, 0x29,
    0x3b, 0x20, 0x65, 0x6c, 0x73, 0x65, 0x20, 0x61, 0x2e, 0x72, 0x65, 0x6d,
    0x6f, 0x76, 0x65, 0x41, 0x74, 0x74, 0x72, 0x69, 0x62, 0x75, 0x74, 0x65,
    0x28, 0x27, 0x61, 0x72, 0x69, 0x61, 0x2d, 0x63, 0x75, 0x72, 0x72, 0x65,
    0x6e, 0x74, 0x27, 0x29, 0x3b, 0x20, 0x7d, 0x29, 0x3b, 0x0a, 0x24, 0x28,
    0x27, 0x70, 0x61, 0x67, 0x65, 0x5f, 0x74, 0x69, 0x74, 0x6c, 0x65, 0x27,
    0x29, 0x2e, 0x74, 0x65, 0x78, 0x74, 0x43, 0x6f, 0x6e, 0x74, 0x65, 0x6e,
    0x74, 0x3d, 0x61, 0x63, 0x74, 0x69, 0x76, 0x65, 0x56, 0x69, 0x65, 0x77,
    0x3d, 0x3d, 0x3d, 0x27, 0x73, 0x65, 0x74, 0x74, 0x69, 0x6e, 0x67, 0x73,
    0x27, 0x3f, 0x27, 0x53, 0x65, 0x74, 0x74, 0x69, 0x6e, 0x67, 0x73, 0x27,
    0x3a, 0x27, 0x41, 0x75, 0x74, 0x6f, 0x6d, 0x61, 0x74, 0x69, 0x6f, 0x6e,
    0x73, 0x27, 0x3b, 0x0a, 0x69, 0x66, 0x28, 0x75, 0x6e, 0x6c, 0x6f, 0x63,
    0x6b, 0x65, 0x64, 0x26, 0x26, 0x21, 0x70, 0x65, 0x6e, 0x64, 0x69, 0x6e,
    0x67, 0x26, 0x26, 0x21, 0x6c, 0x6f, 0x61, 0x64, 0x65, 0x64, 0x5b, 0x61,
    0x63, 0x74, 0x69, 0x76, 0x65, 0x56, 0x69, 0x65, 0x77, 0x5d, 0x29, 0x20,
    0x6f, 0x70, 0x28, 0x72, 0x65, 0x66, 0x72, 0x65, 0x73, 0x68, 0x2c, 0x20,
    0x27, 0x4c, 0x6f, 0x61, 0x64, 0x69, 0x6e, 0x67, 0xe2, 0x80, 0xa6, 0x27,
    0x29, 0x3b, 0x0a, 0x7d, 0x0a, 0x61, 0x73, 0x79, 0x6e, 0x63, 0x20, 0x66,
    0x75, 0x6e, 0x63, 0x74, 0x69, 0x6f, 0x6e, 0x20, 0x73, 0x65, 0x74, 0x57,
    0x69, 0x66, 0x69, 0x4d, 0x6f, 0x64, 0x65, 0x28, 0x6d, 0x6f, 0x64, 0x65,
    0x29, 0x20, 0x7b, 0x20, 0x61, 0x77, 0x61, 0x69, 0x74, 0x20, 0x61, 0x70,
    0x69, 0x28, 0x27, 0x2f, 0x61, 0x70, 0x69, 0x2f, 0x77, 0x69, 0x66, 0x69,
    0x2f, 0x6d, 0x6f, 0x64, 0x65, 0x27, 0x2c, 0x20, 0x7b, 0x6d, 0x65, 0x74,
    0x68, 0x6f, 0x64, 0x3a, 0x27, 0x50, 0x4f, 0x53, 0x54, 0x27, 0x2c, 0x62,
    0x6f, 0x64, 0x79, 0x3a, 0x4a, 0x53, 0x4f, 0x4e, 0x2e, 0x73, 0x74, 0x72,
    0x69, 0x6e, 0x67, 0x69, 0x66, 0x79, 0x28, 0x7b, 0x6d, 0x6f, 0x64, 0x65,
    0x7d, 0x29, 0x7d, 0x29, 0x3b, 0x20, 0x61, 0x77, 0x61, 0x69, 0x74, 0x20,
    0x77, 0x69, 0x66, 0x69, 0x53, 0x74, 0x61, 0x74, 0x75, 0x73, 0x28, 0x29,
    0x3b, 0x20, 0x7d, 0x0a, 0x24, 0x28, 0x27, 0x74, 0x61, 0x62, 0x5f, 0x77,
    0x69, 0x66, 0x69, 0x27, 0x29, 0x2e, 0x6f, 0x6e, 0x63, 0x6c, 0x69, 0x63,
    0x6b, 0x3d, 0x28, 0x29, 0x3d, 0x3e, 0x73, 0x68, 0x6f, 0x77, 0x4e, 0x65,
    0x74, 0x50, 0x61, 0x6e, 0x65, 0x6c, 0x28, 0x27, 0x77, 0x69, 0x66, 0x69,
    0x27, 0x29, 0x3b, 0x0a, 0x24, 0x28, 0x27, 0x74, 0x61, 0x62, 0x5f, 0x61,
    0x70, 0x27, 0x29, 0x2e, 0x6f, 0x6e, 0x63, 0x6c, 0x69, 0x63, 0x6b, 0x3d,
    0x28, 0x29, 0x3d, 0x3e, 0x73, 0x68, 0x6f, 0x77, 0x4e, 0x65, 0x74, 0x50,
    0x61, 0x6e, 0x65, 0x6c, 0x28, 0x27, 0x61, 0x70, 0x27, 0x29, 0x3b, 0x0a,
    0x24, 0x28, 0x27, 0x74, 0x61, 0x62, 0x5f, 0x6e, 0x65, 0x74, 0x5f, 0x73,
    0x74, 0x61, 0x74, 0x75, 0x73, 0x27, 0x29, 0x2e, 0x6f, 0x6e, 0x63, 0x6c,
    0x69, 0x63, 0x6b, 0x3d, 0x28, 0x29, 0x3d, 0x3e, 0x73, 0x68, 0x6f, 0x77,
    0x4e, 0x65, 0x74, 0x50, 0x61, 0x6e, 0x65, 0x6c, 0x28, 0x27, 0x6e, 0x65,
    0x74, 0x5f, 0x73, 0x74, 0x61, 0x74, 0x75, 0x73, 0x27, 0x29, 0x3b, 0x0a,
    0x24, 0x28, 0x27, 0x6d, 0x6f, 0x64, 0x65, 0x5f, 0x77, 0x69, 0x66, 0x69,
    0x27, 0x29, 0x2e, 0x6f, 0x6e, 0x63, 0x6c, 0x69, 0x63, 0x6b, 0x3d, 0x28,
    0x29, 0x3d, 0x3e, 0x6f, 0x70, 0x28, 0x28, 0x29, 0x3d, 0x3e, 0x73, 0x65,
    0x74, 0x57, 0x69, 0x66, 0x69, 0x4d, 0x6f, 0x64, 0x65, 0x28, 0x27, 0x77,
    0x69, 0x66, 0x69, 0x27, 0x29, 0x2c, 0x20, 0x27, 0x43, 0x68, 0x61, 0x6e,
    0x67, 0x69, 0x6e, 0x67, 0x20, 0x6d, 0x6f, 0x64, 0x65, 0xe2, 0x80, 0xa6,
    0x27, 0x29, 0x3b, 0x0a, 0x24, 0x28, 0x27, 0x6d, 0x6f, 0x64, 0x65, 0x5f,
    0x61, 0x70, 0x27, 0x29, 0x2e, 0x6f, 0x6e, 0x63, 0x6c, 0x69, 0x63, 0x6b,
    0x3d, 0x28, 0x29, 0x3d, 0x3e, 0x6f, 0x70, 0x28, 0x28, 0x29, 0x3d, 0x3e,
    0x73, 0x65, 0x74, 0x57, 0x69, 0x66, 0x69, 0x4d, 0x6f, 0x64, 0x65, 0x28,
    0x27, 0x61, 0x70, 0x27, 0x29, 0x2c, 0x20, 0x27, 0x43, 0x68, 0x61, 0x6e,
    0x67, 0x69, 0x6e, 0x67, 0x20, 0x6d, 0x6f, 0x64, 0x65, 0xe2, 0x80, 0xa6,
    0x27, 0x29, 0x3b, 0x0a, 0x24, 0x28, 0x27, 0x77, 0x69, 0x66, 0x69, 0x5f,
    0x72, 0x65, 0x63, 0x6f, 0x6e, 0x6e, 0x65, 0x63, 0x74, 0x27, 0x29, 0x2e,
    0x6f, 0x6e, 0x63, 0x6c, 0x69, 0x63, 0x6b, 0x3d, 0x24, 0x28, 0x27, 0x6d,
    0x6f, 0x64, 0x65, 0x5f, 0x77, 0x69, 0x66, 0x69, 0x27, 0x29, 0x2e, 0x6f,
    0x6e, 0x63, 0x6c, 0x69, 0x63, 0x6b, 0x3b, 0x0a, 0x24, 0x28, 0x27, 0x77,
    0x69, 0x66, 0x69, 0x5f, 0x73, 0x63, 0x61, 0x6e, 0x27, 0x29, 0x2e, 0x6f,
    0x6e, 0x63, 0x6c, 0x69, 0x63, 0x6b, 0x3d, 0x28, 0x29, 0x3d, 0x3e, 0x6f,
    0x70, 0x28, 0x61, 0x73, 0x79, 0x6e, 0x63, 0x20, 0x28, 0x29, 0x3d, 0x3e,
    0x7b, 0x20, 0x63, 0x6f, 0x6e, 0x73, 0x74, 0x20, 0x64, 0x3d, 0x61, 0x77,
    0x61, 0x69, 0x74, 0x20, 0x61, 0x70, 0x69, 0x28, 0x27, 0x2f, 0x61, 0x70,
    0x69, 0x2f, 0x77, 0x69, 0x66, 0x69, 0x2f, 0x73, 0x63, 0x61, 0x6e, 0x27,
    0x2c, 0x20, 0x7b, 0x6d, 0x65, 0x74, 0x68, 0x6f, 0x64, 0x3a, 0x27, 0x50,
    0x4f, 0x53, 0x54, 0x27, 0x7d, 0x29, 0x3b, 0x20, 0x72, 0x65, 0x6e, 0x64,
    0x65, 0x72, 0x4e, 0x65, 0x74, 0x77, 0x6f, 0x72, 0x6b, 0x73, 0x28, 0x64,
    0x2e, 0x6e, 0x65, 0x74, 0x77, 0x6f, 0x72, 0x6b, 0x73, 0x29, 0x3b, 0x20,
    0x72, 0x65, 0x74, 0x75, 0x72, 0x6e, 0x20, 0x64, 0x3b, 0x20, 0x7d, 0x2c,
    0x20, 0x27, 0x53, 0x63, 0x61, 0x6e, 0x6e, 0x69, 0x6e, 0x67, 0x20, 0x57,
    0x69, 0x2d, 0x46, 0x69, 0xe2, 0x80, 0xa6, 0x27, 0x29, 0x3b, 0x0a, 0x24,
    0x28, 0x27, 0x77, 0x69, 0x66, 0x69, 0x5f, 0x63, 0x6f, 0x6e, 0x6e, 0x65,
    0x63, 0x74, 0x27, 0x29, 0x2e, 0x6f, 0x6e, 0x63, 0x6c, 0x69, 0x63, 0x6b,
    0x3d, 0x28, 0x29, 0x3d, 0x3e, 0x6f, 0x70, 0x28, 0x61, 0x73, 0x79, 0x6e,
    0x63, 0x20, 0x28, 0x29, 0x3d, 0x3e, 0x7b, 0x0a, 0x69, 0x66, 0x28, 0x21,
    0x24, 0x28, 0x27, 0x77, 0x69, 0x66, 0x69, 0x5f, 0x73, 0x73, 0x69, 0x64,
    0x27, 0x29, 0x2e, 0x76, 0x61, 0x6c, 0x75, 0x65, 0x2e, 0x74, 0x72, 0x69,
    0x6d, 0x28, 0x29, 0x29, 0x20, 0x74, 0x68, 0x72, 0x6f, 0x77, 0x20, 0x6e,
    0x65, 0x77, 0x20, 0x45, 0x72, 0x72, 0x6f, 0x72, 0x28, 0x27, 0x45, 0x6e,
    0x74, 0x65, 0x72, 0x20, 0x61, 0x20, 0x6e, 0x65, 0x74, 0x77, 0x6f, 0x72,
    0x6b, 0x20, 0x6e, 0x61, 0x6d, 0x65, 0x2e, 0x27, 0x29, 0x3b, 0x0a, 0x63,
    0x6f, 0x6e, 0x73, 0x74, 0x20, 0x64, 0x3d, 0x61, 0x77, 0x61, 0x69, 0x74,
    0x20, 0x61, 0x70, 0x69, 0x28, 0x27, 0x2f, 0x61, 0x70, 0x69, 0x2f, 0x77,
    0x69, 0x66, 0x69, 0x2f, 0x63, 0x6f, 0x6e, 0x6e, 0x65, 0x63, 0x74, 0x27,
    0x2c, 0x20, 0x7b, 0x6d, 0x65, 0x74, 0x68, 0x6f, 0x64, 0x3a, 0x27, 0x50,
    0x4f, 0x53, 0x54, 0x27, 0x2c, 0x62, 0x6f, 0x64, 0x79, 0x3a, 0x4a, 0x53,
    0x4f, 0x4e, 0x2e, 0x73, 0x74, 0x72, 0x69, 0x6e, 0x67, 0x69, 0x66, 0x79,
    0x28, 0x7b, 0x73, 0x73, 0x69, 0x64, 0x3a, 0x24, 0x28, 0x27, 0x77, 0x69,
    0x66, 0x69, 0x5f, 0x73, 0x73, 0x69, 0x64, 0x27, 0x29, 0x2e, 0x76, 0x61,
    0x6c, 0x75, 0x65, 0x2c, 0x70, 0x61, 0x73, 0x73, 0x77, 0x6f, 0x72, 0x64,
    0x3a, 0x24, 0x28, 0x27, 0x77, 0x69, 0x66, 0x69, 0x5f, 0x70, 0x61, 0x73,
    0x73, 0x77, 0x6f, 0x72, 0x64, 0x27, 0x29, 0x2e, 0x76, 0x61, 0x6c, 0x75,
    0x65, 0x7d, 0x29, 0x7d, 0x29, 0x3b, 0x0a, 0x24, 0x28, 0x27, 0x77, 0x69,
    0x66, 0x69, 0x5f, 0x70, 0x61, 0x73, 0x73, 0x77, 0x6f, 0x72, 0x64, 0x27,
    0x29, 0x2e, 0x76, 0x61, 0x6c, 0x75, 0x65, 0x3d, 0x27, 0x27, 0x3b, 0x20,
    0x61, 0x77, 0x61, 0x69, 0x74, 0x20, 0x77, 0x69, 0x66, 0x69, 0x53, 0x74,
    0x61, 0x74, 0x75, 0x73, 0x28, 0x29, 0x3b, 0x20, 0x72, 0x65, 0x74, 0x75,
    0x72, 0x6e, 0x20, 0x64, 0x3b, 0x0a, 0x7d, 0x2c, 0x20, 0x27, 0x43, 0x6f,
    0x6e, 0x6e, 0x65, 0x63, 0x74, 0x69, 0x6e, 0x67, 0xe2, 0x80, 0xa6, 0x20,
    0x49, 0x66, 0x20, 0x64, 0x69, 0x73, 0x63, 0x6f, 0x6e, 0x6e, 0x65, 0x63,
    0x74, 0x65, 0x64, 0x2c, 0x20, 0x72, 0x65, 0x6f, 0x70, 0x65, 0x6e, 0x20,
    0x74, 0x68, 0x65, 0x20, 0x64, 0x65, 0x76, 0x69, 0x63, 0x65, 0x20, 0x55,
    0x52, 0x4c, 0x2e, 0x27, 0x29, 0x3b, 0x0a, 0x24, 0x28, 0x27, 0x77, 0x69,
    0x66, 0x69, 0x5f, 0x66, 0x6f, 0x72, 0x67, 0x65, 0x74, 0x27, 0x29, 0x2e,
    0x6f, 0x6e, 0x63, 0x6c, 0x69, 0x63, 0x6b, 0x3d, 0x28, 0x29, 0x3d, 0x3e,
    0x7b, 0x20, 0x69, 0x66, 0x28, 0x77, 0x69, 0x6e, 0x64, 0x6f, 0x77, 0x2e,
    0x63, 0x6f, 0x6e, 0x66, 0x69, 0x72, 0x6d, 0x28, 0x27, 0x46, 0x6f, 0x72,
    0x67, 0x65, 0x74, 0x20, 0x74, 0x68, 0x65, 0x20, 0x73, 0x61, 0x76, 0x65,
    0x64, 0x20, 0x57, 0x69, 0x2d, 0x46, 0x69, 0x20, 0x6e, 0x65, 0x74, 0x77,
    0x6f, 0x72, 0x6b, 0x20, 0x61, 0x6e, 0x64, 0x20, 0x70, 0x61, 0x73, 0x73,
    0x77, 0x6f, 0x72, 0x64, 0x3f, 0x27, 0x29, 0x29, 0x20, 0x72, 0x65, 0x74,
    0x75, 0x72, 0x6e, 0x20, 0x6f, 0x70, 0x28, 0x61, 0x73, 0x79, 0x6e, 0x63,
    0x20, 0x28, 0x29, 0x3d, 0x3e, 0x7b, 0x20, 0x63, 0x6f, 0x6e, 0x73, 0x74,
    0x20, 0x64, 0x3d, 0x61, 0x77, 0x61, 0x69, 0x74, 0x20, 0x61, 0x70, 0x69,
    0x28, 0x27, 0x2f, 0x61, 0x70, 0x69, 0x2f, 0x77, 0x69, 0x66, 0x69, 0x2f,
    0x66, 0x6f, 0x72, 0x67, 0x65, 0x74, 0x27, 0x2c, 0x20, 0x7b, 0x6d, 0x65,
    0x74, 0x68, 0x6f, 0x64, 0x3a, 0x27, 0x50, 0x4f, 0x53, 0x54, 0x27, 0x7d,
    0x29, 0x3b, 0x20, 0x61, 0x77, 0x61, 0x69, 0x74, 0x20, 0x77, 0x69, 0x66,
    0x69, 0x53, 0x74, 0x61, 0x74, 0x75, 0x73, 0x28, 0x29, 0x3b, 0x20, 0x72,
    0x65, 0x74, 0x75, 0x72, 0x6e, 0x20, 0x64, 0x3b, 0x20, 0x7d, 0x2c, 0x20,
    0x27, 0x46, 0x6f, 0x72, 0x67, 0x65, 0x74, 0x74, 0x69, 0x6e, 0x67, 0x20,
    0x6e, 0x65, 0x74, 0x77, 0x6f, 0x72, 0x6b, 0xe2, 0x80, 0xa6, 0x27, 0x29,
    0x3b, 0x20, 0x7d, 0x3b, 0x0a, 0x24, 0x28, 0x27, 0x61, 0x70, 0x5f, 0x73,
    0x74, 0x61, 0x72, 0x74, 0x27, 0x29, 0x2e, 0x6f, 0x6e, 0x63, 0x6c, 0x69,
    0x63, 0x6b, 0x3d, 0x28, 0x29, 0x3d, 0x3e, 0x6f, 0x70, 0x28, 0x61, 0x73,
    0x79, 0x6e, 0x63, 0x20, 0x28, 0x29, 0x3d, 0x3e, 0x7b, 0x20, 0x63, 0x6f,
    0x6e, 0x73, 0x74, 0x20, 0x64, 0x3d, 0x61, 0x77, 0x61, 0x69, 0x74, 0x20,
    0x61, 0x70, 0x69, 0x28, 0x27, 0x2f, 0x61, 0x70, 0x69, 0x2f, 0x77, 0x69,
    0x66, 0x69, 0x2f, 0x61, 0x70, 0x27, 0x2c, 0x20, 0x7b, 0x6d, 0x65, 0x74,
    0x68, 0x6f, 0x64, 0x3a, 0x27, 0x50, 0x4f, 0x53, 0x54, 0x27, 0x2c, 0x62,
    0x6f, 0x64, 0x79, 0x3a, 0x4a, 0x53, 0x4f, 0x4e, 0x2e, 0x73, 0x74, 0x72,
    0x69, 0x6e, 0x67, 0x69, 0x66, 0x79, 0x28, 0x7b, 0x73, 0x73, 0x69, 0x64,
    0x3a, 0x24, 0x28, 0x27, 0x61, 0x70, 0x5f, 0x73, 0x73, 0x69, 0x64, 0x27,
    0x29, 0x2e, 0x76, 0x61, 0x6c, 0x75, 0x65, 0x2c, 0x70, 0x61, 0x73, 0x73,
    0x77, 0x6f, 0x72, 0x64, 0x3a, 0x24, 0x28, 0x27, 0x61, 0x70, 0x5f, 0x70,
    0x61, 0x73, 0x73, 0x77, 0x6f, 0x72, 0x64, 0x27, 0x29, 0x2e, 0x76, 0x61,
    0x6c, 0x75, 0x65, 0x2c, 0x63, 0x68, 0x61, 0x6e, 0x6e, 0x65, 0x6c, 0x3a,
    0x2b, 0x24, 0x28, 0x27, 0x61, 0x70, 0x5f, 0x63, 0x68, 0x61, 0x6e, 0x6e,
    0x65, 0x6c, 0x27, 0x29, 0x2e, 0x76, 0x61, 0x6c, 0x75, 0x65, 0x7d, 0x29,
    0x7d, 0x29, 0x3b, 0x20, 0x24, 0x28, 0x27, 0x61, 0x70, 0x5f, 0x70, 0x61,
    0x73, 0x73, 0x77, 0x6f, 0x72, 0x64, 0x27, 0x29, 0x2e, 0x76, 0x61, 0x6c,
    0x75, 0x65, 0x3d, 0x27, 0x27, 0x3b, 0x20, 0x61, 0x77, 0x61, 0x69, 0x74,
    0x20, 0x77, 0x69, 0x66, 0x69, 0x53, 0x74, 0x61, 0x74, 0x75, 0x73, 0x28,
    0x29, 0x3b, 0x20, 0x72, 0x65, 0x74, 0x75, 0x72, 0x6e, 0x20, 0x64, 0x3b,
    0x20, 0x7d, 0x2c, 0x20, 0x27, 0x53, 0x74, 0x61, 0x72, 0x74, 0x69, 0x6e,
    0x67, 0x20, 0x68, 0x6f, 0x74, 0x73, 0x70, 0x6f, 0x74, 0xe2, 0x80, 0xa6,
    0x20, 0x43, 0x68, 0x61, 0x6e, 0x67, 0x69, 0x6e, 0x67, 0x20, 0x6e, 0x65,
    0x74, 0x77, 0x6f, 0x72, 0x6b, 0x73, 0x20, 0x6d, 0x61, 0x79, 0x20, 0x64,
    0x69, 0x73, 0x63, 0x6f, 0x6e, 0x6e, 0x65, 0x63, 0x74, 0x20, 0x74, 0x68,
    0x69, 0x73, 0x20, 0x70, 0x61, 0x67, 0x65, 0x2e, 0x27, 0x29, 0x3b, 0x0a,
    0x24, 0x28, 0x27, 0x72, 0x65, 0x66, 0x72, 0x65, 0x73, 0x68, 0x27, 0x29,
    0x2e, 0x6f, 0x6e, 0x63, 0x6c, 0x69, 0x63, 0x6b, 0x3d, 0x28, 0x29, 0x3d,
    0x3e, 0x6f, 0x70, 0x28, 0x72, 0x65, 0x66, 0x72, 0x65, 0x73, 0x68, 0x2c,
    0x20, 0x27, 0x52, 0x65, 0x66, 0x72, 0x65, 0x73, 0x68, 0x69, 0x6e, 0x67,
    0xe2, 0x80, 0xa6, 0x27, 0x29, 0x3b, 0x0a, 0x24, 0x28, 0x27, 0x6c, 0x6f,
    0x61, 0x64, 0x5f, 0x63, 0x6f, 0x6e, 0x66, 0x69, 0x67, 0x27, 0x29, 0x2e,
    0x6f, 0x6e, 0x63, 0x6c, 0x69, 0x63, 0x6b, 0x3d, 0x24, 0x28, 0x27, 0x65,
    0x78, 0x70, 0x6f, 0x72, 0x74, 0x5f, 0x63, 0x6f, 0x6e, 0x66, 0x69, 0x67,
    0x27, 0x29, 0x2e, 0x6f, 0x6e, 0x63, 0x6c, 0x69, 0x63, 0x6b, 0x3d, 0x28,
    0x29, 0x3d, 0x3e, 0x6f, 0x70, 0x28, 0x61, 0x73, 0x79, 0x6e, 0x63, 0x20,
    0x28, 0x29, 0x3d, 0x3e, 0x7b, 0x20, 0x63, 0x6f, 0x6e, 0x73, 0x74, 0x20,
    0x63, 0x3d, 0x61, 0x77, 0x61, 0x69, 0x74, 0x20, 0x61, 0x70, 0x69, 0x28,
    0x27, 0x2f, 0x61, 0x70, 0x69, 0x2f, 0x63, 0x6f, 0x6e, 0x66, 0x69, 0x67,
    0x27, 0x29, 0x3b, 0x20, 0x61, 0x70, 0x70, 0x6c, 0x79, 0x43, 0x6f, 0x6e,
    0x66, 0x69, 0x67, 0x28, 0x63, 0x29, 0x3b, 0x20, 0x24, 0x28, 0x27, 0x63,
    0x6f, 0x6e, 0x66, 0x69, 0x67, 0x5f, 0x6a, 0x73, 0x6f, 0x6e, 0x27, 0x29,
    0x2e, 0x76, 0x61, 0x6c, 0x75, 0x65, 0x3d, 0x4a, 0x53, 0x4f, 0x4e, 0x2e,
    0x73, 0x74, 0x72, 0x69, 0x6e, 0x67, 0x69, 0x66, 0x79, 0x28, 0x63, 0x2c,
    0x20, 0x6e, 0x75, 0x6c, 0x6c, 0x2c, 0x20, 0x32, 0x29, 0x3b, 0x20, 0x7d,
    0x2c, 0x20, 0x27, 0x4c, 0x6f, 0x61, 0x64, 0x69, 0x6e, 0x67, 0x20, 0x63,
    0x6f, 0x6e, 0x66, 0x69, 0x67, 0x75, 0x72, 0x61, 0x74, 0x69, 0x6f, 0x6e,
    0xe2, 0x80, 0xa6, 0x27, 0x29, 0x3b, 0x0a, 0x24, 0x28, 0x27, 0x73, 0x61,
    0x76, 0x65, 0x5f, 0x74, 0x69, 0x6d, 0x65, 0x27, 0x29, 0x2e, 0x6f, 0x6e,
    0x63, 0x6c, 0x69, 0x63, 0x6b, 0x3d, 0x28, 0x29, 0x3d, 0x3e, 0x6f, 0x70,
    0x28, 0x61, 0x73, 0x79, 0x6e, 0x63, 0x20, 0x28, 0x29, 0x3d, 0x3e, 0x7b,
    0x20, 0x63, 0x6f, 0x6e, 0x73, 0x74, 0x20, 0x64, 0x3d, 0x61, 0x77, 0x61,
    0x69, 0x74, 0x20, 0x61, 0x70, 0x69, 0x28, 0x27, 0x2f, 0x61, 0x70, 0x69,
    0x2f, 0x74, 0x69, 0x6d, 0x65, 0x27, 0x2c, 0x20, 0x7b, 0x6d, 0x65, 0x74,
    0x68, 0x6f, 0x64, 0x3a, 0x27, 0x50, 0x4f, 0x53, 0x54, 0x27, 0x2c, 0x62,
    0x6f, 0x64, 0x79, 0x3a, 0x4a, 0x53, 0x4f, 0x4e, 0x2e, 0x73, 0x74, 0x72,
    0x69, 0x6e, 0x67, 0x69, 0x66, 0x79, 0x28, 0x7b, 0x74, 0x69, 0x6d, 0x65,
    0x7a, 0x6f, 0x6e, 0x65, 0x3a, 0x24, 0x28, 0x27, 0x74, 0x69, 0x6d, 0x65,
    0x7a, 0x6f, 0x6e, 0x65, 0x27, 0x29, 0x2e, 0x76, 0x61, 0x6c, 0x75, 0x65,
    0x7d, 0x29, 0x7d, 0x29, 0x3b, 0x20, 0x64, 0x75, 0x6d, 0x70, 0x28, 0x27,
    0x74, 0x69, 0x6d, 0x65, 0x5f, 0x73, 0x74, 0x61, 0x74, 0x75, 0x73, 0x27,
    0x2c, 0x20, 0x64, 0x29, 0x3b, 0x20, 0x74, 0x69, 0x6d, 0x65, 0x53, 0x75,
    0x6d, 0x6d, 0x61, 0x72, 0x79, 0x28, 0x64, 0x29, 0x3b, 0x20, 0x72, 0x65,
    0x74, 0x75, 0x72, 0x6e, 0x20, 0x64, 0x3b, 0x20, 0x7d, 0x2c, 0x20, 0x27,
    0x53, 0x61, 0x76, 0x69, 0x6e, 0x67, 0x20, 0x74, 0x69, 0x6d, 0x65, 0x7a,
    0x6f, 0x6e, 0x65, 0xe2, 0x80, 0xa6, 0x27, 0x29, 0x3b, 0x0a, 0x24, 0x28,
    0x27, 0x73, 0x61, 0x76, 0x65, 0x5f, 0x63, 0x6f, 0x6e, 0x66, 0x69, 0x67,
    0x27, 0x29, 0x2e, 0x6f, 0x6e, 0x63, 0x6c, 0x69, 0x63, 0x6b, 0x3d, 0x28,
    0x29, 0x3d, 0x3e, 0x6f, 0x70, 0x28, 0x61, 0x73, 0x79, 0x6e, 0x63, 0x20,
    0x28, 0x29, 0x3d, 0x3e, 0x7b, 0x20, 0x63, 0x6f, 0x6e, 0x73, 0x74, 0x20,
    0x63, 0x3d, 0x65, 0x64, 0x69, 0x74, 0x65, 0x64, 0x43, 0x6f, 0x6e, 0x66,
    0x69, 0x67, 0x28, 0x29, 0x3b, 0x20, 0x63, 0x6f, 0x6e, 0x73, 0x74, 0x20,
    0x64, 0x3d, 0x61, 0x77, 0x61, 0x69, 0x74, 0x20, 0x61, 0x70, 0x69, 0x28,
    0x27, 0x2f, 0x61, 0x70, 0x69, 0x2f, 0x63, 0x6f, 0x6e, 0x66, 0x69, 0x67,
    0x27, 0x2c, 0x20, 0x7b, 0x6d, 0x65, 0x74, 0x68, 0x6f, 0x64, 0x3a, 0x27,
    0x50, 0x4f, 0x53, 0x54, 0x27, 0x2c, 0x62, 0x6f, 0x64, 0x79, 0x3a, 0x4a,
    0x53, 0x4f, 0x4e, 0x2e, 0x73, 0x74, 0x72, 0x69, 0x6e, 0x67, 0x69, 0x66,
    0x79, 0x28, 0x63, 0x29, 0x7d, 0x29, 0x3b, 0x20, 0x63, 0x2e, 0x72, 0x75,
    0x6c, 0x65, 0x73, 0x2e, 0x66, 0x6f, 0x72, 0x45, 0x61, 0x63, 0x68, 0x28,
    0x72, 0x3d, 0x3e, 0x72, 0x2e, 0x61, 0x63, 0x74, 0x69, 0x6f, 0x6e, 0x73,
    0x2e, 0x66, 0x6f, 0x72, 0x45, 0x61, 0x63, 0x68, 0x28, 0x61, 0x3d, 0x3e,
    0x7b, 0x20, 0x69, 0x66, 0x28, 0x61, 0x2e, 0x68, 0x74, 0x74, 0x70, 0x5f,
    0x62, 0x65, 0x61, 0x72, 0x65, 0x72, 0x5f, 0x74, 0x6f, 0x6b, 0x65, 0x6e,
    0x26, 0x26, 0x61, 0x2e, 0x68, 0x74, 0x74, 0x70, 0x5f, 0x62, 0x65, 0x61,
    0x72, 0x65, 0x72, 0x5f, 0x74, 0x6f, 0x6b, 0x65, 0x6e, 0x21, 0x3d, 0x3d,
    0x27, 0x65, 0x6d, 0x70, 0x74, 0x79, 0x27, 0x29, 0x20, 0x61, 0x2e, 0x68,
    0x74, 0x74, 0x70, 0x5f, 0x62, 0x65, 0x61, 0x72, 0x65, 0x72, 0x5f, 0x74,
    0x6f, 0x6b, 0x65, 0x6e, 0x3d, 0x27, 0x6d, 0x61, 0x73, 0x6b, 0x65, 0x64,
    0x27, 0x3b, 0x20, 0x7d, 0x29, 0x29, 0x3b, 0x20, 0x61, 0x70, 0x70, 0x6c,
    0x79, 0x43, 0x6f, 0x6e, 0x66, 0x69, 0x67, 0x28, 0x63, 0x29, 0x3b, 0x20,
    0x24, 0x28, 0x27, 0x68, 0x74, 0x74, 0x70, 0x5f, 0x62, 0x65, 0x61, 0x72,
    0x65, 0x72, 0x5f, 0x74, 0x6f, 0x6b, 0x65, 0x6e, 0x27, 0x29, 0x2e, 0x76,
    0x61, 0x6c, 0x75, 0x65, 0x3d, 0x27, 0x27, 0x3b, 0x20, 0x24, 0x28, 0x27,
    0x72, 0x75, 0x6c, 0x65, 0x5f, 0x65, 0x64, 0x69, 0x74, 0x6f, 0x72, 0x27,
    0x29, 0x2e, 0x63, 0x6c, 0x6f, 0x73, 0x65, 0x28, 0x29, 0x3b, 0x20, 0x61,
    0x70, 0x70, 0x6c, 0x79, 0x43, 0x6f, 0x6e, 0x66, 0x69, 0x67, 0x28, 0x61,
    0x77, 0x61, 0x69, 0x74, 0x20, 0x61, 0x70, 0x69, 0x28, 0x27, 0x2f, 0x61,
    0x70, 0x69, 0x2f, 0x63, 0x6f, 0x6e, 0x66, 0x69, 0x67, 0x27, 0x29, 0x29,
    0x3b, 0x20, 0x72, 0x65, 0x74, 0x75, 0x72, 0x6e, 0x20, 0x64, 0x3b, 0x20,
    0x7d, 0x2c, 0x20, 0x27, 0x53, 0x61, 0x76, 0x69, 0x6e, 0x67, 0x20, 0x61,
    0x75, 0x74, 0x6f, 0x6d, 0x61, 0x74, 0x69, 0x6f, 0x6e, 0xe2, 0x80, 0xa6,
    0x27, 0x29, 0x3b, 0x0a, 0x24, 0x28, 0x27, 0x69, 0x6d, 0x70, 0x6f, 0x72,
    0x74, 0x5f, 0x63, 0x6f, 0x6e, 0x66, 0x69, 0x67, 0x27, 0x29, 0x2e, 0x6f,
    0x6e, 0x63, 0x6c, 0x69, 0x63, 0x6b, 0x3d, 0x28, 0x29, 0x3d, 0x3e, 0x7b,
    0x20, 0x69, 0x66, 0x28, 0x77, 0x69, 0x6e, 0x64, 0x6f, 0x77, 0x2e, 0x63,
    0x6f, 0x6e, 0x66, 0x69, 0x72, 0x6d, 0x28, 0x27, 0x52, 0x65, 0x70, 0x6c,
    0x61, 0x63, 0x65, 0x20, 0x61, 0x6c, 0x6c, 0x20, 0x72, 0x75, 0x6c, 0x65,
    0x73, 0x20, 0x77, 0x69, 0x74, 0x68, 0x20, 0x74, 0x68, 0x69, 0x73, 0x20,
    0x4a, 0x53, 0x4f, 0x4e, 0x20, 0x63, 0x6f, 0x6e, 0x66, 0x69, 0x67, 0x75,
    0x72, 0x61, 0x74, 0x69, 0x6f, 0x6e, 0x3f, 0x27, 0x29, 0x29, 0x20, 0x72,
    0x65, 0x74, 0x75, 0x72, 0x6e, 0x20, 0x6f, 0x70, 0x28, 0x61, 0x73, 0x79,
    0x6e, 0x63, 0x20, 0x28, 0x29, 0x3d, 0x3e, 0x7b, 0x20, 0x4a, 0x53, 0x4f,
    0x4e, 0x2e, 0x70, 0x61, 0x72, 0x73, 0x65, 0x28, 0x24, 0x28, 0x27, 0x63,
    0x6f, 0x6e, 0x66, 0x69, 0x67, 0x5f, 0x6a, 0x73, 0x6f, 0x6e, 0x27, 0x29,
    0x2e, 0x76, 0x61, 0x6c, 0x75, 0x65, 0x29, 0x3b, 0x20, 0x63, 0x6f, 0x6e,
    0x73, 0x74, 0x20, 0x64, 0x3d, 0x61, 0x77, 0x61, 0x69, 0x74, 0x20, 0x61,
    0x70, 0x69, 0x28, 0x27, 0x2f, 0x61, 0x70, 0x69, 0x2f, 0x63, 0x6f, 0x6e,
    0x66, 0x69, 0x67, 0x27, 0x2c, 0x20, 0x7b, 0x6d, 0x65, 0x74, 0x68, 0x6f,
    0x64, 0x3a, 0x27, 0x50, 0x4f, 0x53, 0x54, 0x27, 0x2c, 0x62, 0x6f, 0x64,
    0x79, 0x3a, 0x24, 0x28, 0x27, 0x63, 0x6f, 0x6e, 0x66, 0x69, 0x67, 0x5f,
    0x6a, 0x73, 0x6f, 0x6e, 0x27, 0x29, 0x2e, 0x76, 0x61, 0x6c, 0x75, 0x65,
    0x7d, 0x29, 0x3b, 0x20, 0x63, 0x6f, 0x6e, 0x73, 0x74, 0x20, 0x63, 0x3d,
    0x61, 0x77, 0x61, 0x69, 0x74, 0x20, 0x61, 0x70, 0x69, 0x28, 0x27, 0x2f,
    0x61, 0x70, 0x69, 0x2f, 0x63, 0x6f, 0x6e, 0x66, 0x69, 0x67, 0x27, 0x29,
    0x3b, 0x20, 0x61, 0x70, 0x70, 0x6c, 0x79, 0x43, 0x6f, 0x6e, 0x66, 0x69,
    0x67, 0x28, 0x63, 0x29, 0x3b, 0x20, 0x24, 0x28, 0x27, 0x63, 0x6f, 0x6e,
    0x66, 0x69, 0x67, 0x5f, 0x6a, 0x73, 0x6f, 0x6e, 0x27, 0x29, 0x2e, 0x76,
    0x61, 0x6c, 0x75, 0x65, 0x3d, 0x4a, 0x53, 0x4f, 0x4e, 0x2e, 0x73, 0x74,
    0x72, 0x69, 0x6e, 0x67, 0x69, 0x66, 0x79, 0x28, 0x63, 0x2c, 0x20, 0x6e,
    0x75, 0x6c, 0x6c, 0x2c, 0x20, 0x32, 0x29, 0x3b, 0x20, 0x72, 0x65, 0x74,
    0x75, 0x72, 0x6e, 0x20, 0x64, 0x3b, 0x20, 0x7d, 0x2c, 0x20, 0x27, 0x49,
    0x6d, 0x70, 0x6f, 0x72, 0x74, 0x69, 0x6e, 0x67, 0xe2, 0x80, 0xa6, 0x27,
    0x29, 0x3b, 0x20, 0x7d, 0x3b, 0x0a, 0x24, 0x28, 0x27, 0x74, 0x65, 0x73,
    0x74, 0x5f, 0x72, 0x75, 0x6c, 0x65, 0x27, 0x29, 0x2e, 0x6f, 0x6e, 0x63,
    0x6c, 0x69, 0x63, 0x6b, 0x3d, 0x28, 0x29, 0x3d, 0x3e, 0x6f, 0x70, 0x28,
    0x61, 0x73, 0x79, 0x6e, 0x63, 0x20, 0x28, 0x29, 0x3d, 0x3e, 0x7b, 0x20,
    0x63, 0x6f, 0x6e, 0x73, 0x74, 0x20, 0x64, 0x3d, 0x61, 0x77, 0x61, 0x69,
    0x74, 0x20, 0x61, 0x70, 0x69, 0x28, 0x27, 0x2f, 0x61, 0x70, 0x69, 0x2f,
    0x72, 0x75, 0x6c, 0x65, 0x73, 0x2f, 0x74, 0x65, 0x73, 0x74, 0x27, 0x2c,
    0x20, 0x7b, 0x6d, 0x65, 0x74, 0x68, 0x6f, 0x64, 0x3a, 0x27, 0x50, 0x4f,
    0x53, 0x54, 0x27, 0x7d, 0x29, 0x3b, 0x20, 0x64, 0x75, 0x6d, 0x70, 0x28,
    0x27, 0x73, 0x74, 0x61, 0x74, 0x75, 0x73, 0x27, 0x2c, 0x20, 0x64, 0x29,
    0x3b, 0x20, 0x72, 0x65, 0x74, 0x75, 0x72, 0x6e, 0x20, 0x64, 0x3b, 0x20,
    0x7d, 0x2c, 0x20, 0x27, 0x54, 0x65, 0x73, 0x74, 0x69, 0x6e, 0x67, 0x20,
    0x73, 0x61, 0x76, 0x65, 0x64, 0x20, 0x61, 0x63, 0x74, 0x69, 0x6f, 0x6e,
    0xe2, 0x80, 0xa6, 0x27, 0x29, 0x3b, 0x0a, 0x24, 0x28, 0x27, 0x67, 0x70,
    0x69, 0x6f, 0x5f, 0x74, 0x65, 0x73, 0x74, 0x27, 0x29, 0x2e, 0x6f, 0x6e,
    0x63, 0x6c, 0x69, 0x63, 0x6b, 0x3d, 0x28, 0x29, 0x3d, 0x3e, 0x6f, 0x70,
    0x28, 0x61, 0x73, 0x79, 0x6e, 0x63, 0x20, 0x28, 0x29, 0x3d, 0x3e, 0x7b,
    0x20, 0x63, 0x6f, 0x6e, 0x73, 0x74, 0x20, 0x64, 0x3d, 0x61, 0x77, 0x61,
    0x69, 0x74, 0x20, 0x61, 0x70, 0x69, 0x28, 0x27, 0x2f, 0x61, 0x70, 0x69,
    0x2f, 0x67, 0x70, 0x69, 0x6f, 0x2f, 0x74, 0x65, 0x73, 0x74, 0x27, 0x2c,
    0x20, 0x7b, 0x6d, 0x65, 0x74, 0x68, 0x6f, 0x64, 0x3a, 0x27, 0x50, 0x4f,
    0x53, 0x54, 0x27, 0x2c, 0x62, 0x6f, 0x64, 0x79, 0x3a, 0x4a, 0x53, 0x4f,
    0x4e, 0x2e, 0x73, 0x74, 0x72, 0x69, 0x6e, 0x67, 0x69, 0x66, 0x79, 0x28,
    0x7b, 0x73, 0x6f, 0x75, 0x72, 0x63, 0x65, 0x3a, 0x24, 0x28, 0x27, 0x73,
    0x6f, 0x75, 0x72, 0x63, 0x65, 0x27, 0x29, 0x2e, 0x76, 0x61, 0x6c, 0x75,
    0x65, 0x2c, 0x67, 0x70, 0x69, 0x6f, 0x5f, 0x70, 0x69, 0x6e, 0x3a, 0x2b,
    0x24, 0x28, 0x27, 0x67, 0x70, 0x69, 0x6f, 0x5f, 0x70, 0x69, 0x6e, 0x27,
    0x29, 0x2e, 0x76, 0x61, 0x6c, 0x75, 0x65, 0x2c, 0x67, 0x70, 0x69, 0x6f,
    0x5f, 0x70, 0x72, 0x6f, 0x66, 0x69, 0x6c, 0x65, 0x3a, 0x24, 0x28, 0x27,
    0x67, 0x70, 0x69, 0x6f, 0x5f, 0x70, 0x72, 0x6f, 0x66, 0x69, 0x6c, 0x65,
    0x27, 0x29, 0x2e, 0x76, 0x61, 0x6c, 0x75, 0x65, 0x2c, 0x67, 0x70, 0x69,
    0x6f, 0x5f, 0x64, 0x65, 0x62, 0x6f, 0x75, 0x6e, 0x63, 0x65, 0x5f, 0x6d,
    0x73, 0x3a, 0x2b, 0x24, 0x28, 0x27, 0x67, 0x70, 0x69, 0x6f, 0x5f, 0x64,
    0x65, 0x62, 0x6f, 0x75, 0x6e, 0x63, 0x65, 0x5f, 0x6d, 0x73, 0x27, 0x29,
    0x2e, 0x76, 0x61, 0x6c, 0x75, 0x65, 0x2c, 0x67, 0x70, 0x69, 0x6f, 0x5f,
    0x61, 0x63, 0x74, 0x69, 0x76, 0x65, 0x5f, 0x6c, 0x6f, 0x77, 0x3a, 0x24,
    0x28, 0x27, 0x67, 0x70, 0x69, 0x6f, 0x5f, 0x61, 0x63, 0x74, 0x69, 0x76,
    0x65, 0x5f, 0x6c, 0x6f, 0x77, 0x27, 0x29, 0x2e, 0x63, 0x68, 0x65, 0x63,
    0x6b, 0x65, 0x64, 0x7d, 0x29, 0x7d, 0x29, 0x3b, 0x20, 0x64, 0x75, 0x6d,
    0x70, 0x28, 0x27, 0x73, 0x74, 0x61, 0x74, 0x75, 0x73, 0x27, 0x2c, 0x20,
    0x64, 0x29, 0x3b, 0x20, 0x72, 0x65, 0x74, 0x75, 0x72, 0x6e, 0x20, 0x64,
    0x3b, 0x20, 0x7d, 0x2c, 0x20, 0x27, 0x43, 0x68, 0x65, 0x63, 0x6b, 0x69,
    0x6e, 0x67, 0x20, 0x47, 0x50, 0x49, 0x4f, 0xe2, 0x80, 0xa6, 0x27, 0x29,
    0x3b, 0x0a, 0x24, 0x28, 0x27, 0x68, 0x61, 0x74, 0x5f, 0x70, 0x72, 0x6f,
    0x62, 0x65, 0x27, 0x29, 0x2e, 0x6f, 0x6e, 0x63, 0x6c, 0x69, 0x63, 0x6b,
    0x3d, 0x28, 0x29, 0x3d, 0x3e, 0x6f, 0x70, 0x28, 0x61, 0x73, 0x79, 0x6e,
    0x63, 0x20, 0x28, 0x29, 0x3d, 0x3e, 0x7b, 0x20, 0x63, 0x6f, 0x6e, 0x73,
    0x74, 0x20, 0x64, 0x3d, 0x61, 0x77, 0x61, 0x69, 0x74, 0x20, 0x61, 0x70,
    0x69, 0x28, 0x27, 0x2f, 0x61, 0x70, 0x69, 0x2f, 0x68, 0x61, 0x74, 0x2f,
    0x70, 0x72, 0x6f, 0x62, 0x65, 0x27, 0x2c, 0x20, 0x7b, 0x6d, 0x65, 0x74,
    0x68, 0x6f, 0x64, 0x3a, 0x27, 0x50, 0x4f, 0x53, 0x54, 0x27, 0x2c, 0x62,
    0x6f, 0x64, 0x79, 0x3a, 0x4a, 0x53, 0x4f, 0x4e, 0x2e, 0x73, 0x74, 0x72,
    0x69, 0x6e, 0x67, 0x69, 0x66, 0x79, 0x28, 0x7b, 0x73, 0x6f, 0x75, 0x72,
    0x63, 0x65, 0x3a, 0x24, 0x28, 0x27, 0x68, 0x61, 0x74, 0x5f, 0x73, 0x6f,
    0x75, 0x72, 0x63, 0x65, 0x27, 0x29, 0x2e, 0x76, 0x61, 0x6c, 0x75, 0x65,
    0x7d, 0x29, 0x7d, 0x29, 0x3b, 0x20, 0x64, 0x75, 0x6d, 0x70, 0x28, 0x27,
    0x68, 0x61, 0x74, 0x5f, 0x73, 0x74, 0x61, 0x74, 0x75, 0x73, 0x27, 0x2c,
    0x20, 0x64, 0x29, 0x3b, 0x20, 0x72, 0x65, 0x74, 0x75, 0x72, 0x6e, 0x20,
    0x64, 0x3b, 0x20, 0x7d, 0x2c, 0x20, 0x27, 0x50, 0x72, 0x6f, 0x62, 0x69,
    0x6e, 0x67, 0x20, 0x48, 0x41, 0x54, 0xe2, 0x80, 0xa6, 0x27, 0x29, 0x3b,
    0x0a, 0x24, 0x28, 0x27, 0x73, 0x6f, 0x75, 0x72, 0x63, 0x65, 0x27, 0x29,
    0x2e, 0x6f, 0x6e, 0x63, 0x68, 0x61, 0x6e, 0x67, 0x65, 0x3d, 0x24, 0x28,
    0x27, 0x61, 0x63, 0x74, 0x69, 0x6f, 0x6e, 0x27, 0x29, 0x2e, 0x6f, 0x6e,
    0x63, 0x68, 0x61, 0x6e, 0x67, 0x65, 0x3d, 0x72, 0x75, 0x6c, 0x65, 0x46,
    0x69, 0x65, 0x6c, 0x64, 0x73, 0x3b, 0x0a, 0x24, 0x28, 0x27, 0x6e, 0x65,
    0x77, 0x5f, 0x61, 0x75, 0x74, 0x6f, 0x6d, 0x61, 0x74, 0x69, 0x6f, 0x6e,
    0x27, 0x29, 0x2e, 0x6f, 0x6e, 0x63, 0x6c, 0x69, 0x63, 0x6b, 0x3d, 0x28,
    0x29, 0x3d, 0x3e, 0x6f, 0x70, 0x28, 0x28, 0x29, 0x3d, 0x3e, 0x6c, 0x6f,
    0x61, 0x64, 0x45, 0x64, 0x69, 0x74, 0x6f, 0x72, 0x28, 0x29, 0x2c, 0x20,
    0x27, 0x4f, 0x70, 0x65, 0x6e, 0x69, 0x6e, 0x67, 0x20, 0x65, 0x64, 0x69,
    0x74, 0x6f, 0x72, 0xe2, 0x80, 0xa6, 0x27, 0x29, 0x3b, 0x0a, 0x24, 0x28,
    0x27, 0x63, 0x61, 0x6e, 0x63, 0x65, 0x6c, 0x5f, 0x65, 0x64, 0x69, 0x74,
    0x6f, 0x72, 0x27, 0x29, 0x2e, 0x6f, 0x6e, 0x63, 0x6c, 0x69, 0x63, 0x6b,
    0x3d, 0x28, 0x29, 0x3d, 0x3e, 0x24, 0x28, 0x27, 0x72, 0x75, 0x6c, 0x65,
    0x5f, 0x65, 0x64, 0x69, 0x74, 0x6f, 0x72, 0x27, 0x29, 0x2e, 0x63, 0x6c,
    0x6f, 0x73, 0x65, 0x28, 0x29, 0x3b, 0x0a, 0x24, 0x28, 0x27, 0x72, 0x75,
    0x6c, 0x65, 0x5f, 0x65, 0x64, 0x69, 0x74, 0x6f, 0x72, 0x27, 0x29, 0x2e,
    0x6f, 0x6e, 0x63, 0x6c, 0x6f, 0x73, 0x65, 0x3d, 0x28, 0x29, 0x3d, 0x3e,
    0x7b, 0x20, 0x65, 0x64, 0x69, 0x74, 0x49, 0x6e, 0x64, 0x65, 0x78, 0x3d,
    0x2d, 0x31, 0x3b, 0x20, 0x24, 0x28, 0x27, 0x68, 0x74, 0x74, 0x70, 0x5f,
    0x62, 0x65, 0x61, 0x72, 0x65, 0x72, 0x5f, 0x74, 0x6f, 0x6b, 0x65, 0x6e,
    0x27, 0x29, 0x2e, 0x76, 0x61, 0x6c, 0x75, 0x65, 0x3d, 0x27, 0x27, 0x3b,
    0x20, 0x7d, 0x3b, 0x0a, 0x24, 0x28, 0x27, 0x72, 0x75, 0x6c, 0x65, 0x5f,
    0x65, 0x64, 0x69, 0x74, 0x6f, 0x72, 0x27, 0x29, 0x2e, 0x6f, 0x6e, 0x63,
    0x61, 0x6e, 0x63, 0x65, 0x6c, 0x3d, 0x65, 0x3d, 0x3e, 0x7b, 0x20, 0x69,
    0x66, 0x28, 0x70, 0x65, 0x6e, 0x64, 0x69, 0x6e, 0x67, 0x29, 0x20, 0x65,
    0x2e, 0x70, 0x72, 0x65, 0x76, 0x65, 0x6e, 0x74, 0x44, 0x65, 0x66, 0x61,
    0x75, 0x6c, 0x74, 0x28, 0x29, 0x3b, 0x20, 0x7d, 0x3b, 0x0a, 0x24, 0x28,
    0x27, 0x64, 0x65, 0x76, 0x69, 0x63, 0x65, 0x5f, 0x73, 0x65, 0x74, 0x74,
    0x69, 0x6e, 0x67, 0x73, 0x27, 0x29, 0x2e, 0x6f, 0x6e, 0x74, 0x6f, 0x67,
    0x67, 0x6c, 0x65, 0x3d, 0x28, 0x29, 0x3d, 0x3e, 0x7b, 0x20, 0x69, 0x66,
    0x28, 0x75, 0x6e, 0x6c, 0x6f, 0x63, 0x6b, 0x65, 0x64, 0x26, 0x26, 0x24,
    0x28, 0x27, 0x64, 0x65, 0x76, 0x69, 0x63, 0x65, 0x5f, 0x73, 0x65, 0x74,
    0x74, 0x69, 0x6e, 0x67, 0x73, 0x27, 0x29, 0x2e, 0x6f, 0x70, 0x65, 0x6e,
    0x29, 0x20, 0x6f, 0x70, 0x28, 0x74, 0x69, 0x6d, 0x65, 0x53, 0x74, 0x61,
    0x74, 0x75, 0x73, 0x2c, 0x20, 0x27, 0x4c, 0x6f, 0x61, 0x64, 0x69, 0x6e,
    0x67, 0x20, 0x74, 0x69, 0x6d, 0x65, 0xe2, 0x80, 0xa6, 0x27, 0x29, 0x3b,
    0x20, 0x7d, 0x3b, 0x0a, 0x24, 0x28, 0x27, 0x64, 0x69, 0x61, 0x67, 0x6e,
    0x6f, 0x73, 0x74, 0x69, 0x63, 0x5f, 0x73, 0x65, 0x74, 0x74, 0x69, 0x6e,
    0x67, 0x73, 0x27, 0x29, 0x2e, 0x6f, 0x6e, 0x74, 0x6f, 0x67, 0x67, 0x6c,
    0x65, 0x3d, 0x28, 0x29, 0x3d, 0x3e, 0x7b, 0x20, 0x69, 0x66, 0x28, 0x75,
    0x6e, 0x6c, 0x6f, 0x63, 0x6b, 0x65, 0x64, 0x26, 0x26, 0x24, 0x28, 0x27,
    0x64, 0x69, 0x61, 0x67, 0x6e, 0x6f, 0x73, 0x74, 0x69, 0x63, 0x5f, 0x73,
    0x65, 0x74, 0x74, 0x69, 0x6e, 0x67, 0x73, 0x27, 0x29, 0x2e, 0x6f, 0x70,
    0x65, 0x6e, 0x29, 0x20, 0x6f, 0x70, 0x28, 0x61, 0x73, 0x79, 0x6e, 0x63,
    0x20, 0x28, 0x29, 0x3d, 0x3e, 0x7b, 0x20, 0x61, 0x77, 0x61, 0x69, 0x74,
    0x20, 0x63, 0x61, 0x70, 0x61, 0x62, 0x69, 0x6c, 0x69, 0x74, 0x69, 0x65,
    0x73, 0x28, 0x29, 0x3b, 0x20, 0x64, 0x75, 0x6d, 0x70, 0x28, 0x27, 0x73,
    0x74, 0x61, 0x74, 0x75, 0x73, 0x27, 0x2c, 0x20, 0x61, 0x77, 0x61, 0x69,
    0x74, 0x20, 0x61, 0x70, 0x69, 0x28, 0x27, 0x2f, 0x61, 0x70, 0x69, 0x2f,
    0x73, 0x74, 0x61, 0x74, 0x75, 0x73, 0x27, 0x29, 0x29, 0x3b, 0x20, 0x7d,
    0x2c, 0x20, 0x27, 0x4c, 0x6f, 0x61, 0x64, 0x69, 0x6e, 0x67, 0x20, 0x64,
    0x69, 0x61, 0x67, 0x6e, 0x6f, 0x73, 0x74, 0x69, 0x63, 0x73, 0xe2, 0x80,
    0xa6, 0x27, 0x29, 0x3b, 0x20, 0x7d, 0x3b, 0x0a, 0x24, 0x28, 0x27, 0x75,
    0x6e, 0x6c, 0x6f, 0x63, 0x6b, 0x5f, 0x66, 0x6f, 0x72, 0x6d, 0x27, 0x29,
    0x2e, 0x6f, 0x6e, 0x73, 0x75, 0x62, 0x6d, 0x69, 0x74, 0x3d, 0x65, 0x3d,
    0x3e, 0x7b, 0x20, 0x65, 0x2e, 0x70, 0x72, 0x65, 0x76, 0x65, 0x6e, 0x74,
    0x44, 0x65, 0x66, 0x61, 0x75, 0x6c, 0x74, 0x28, 0x29, 0x3b, 0x20, 0x72,
    0x65, 0x74, 0x75, 0x72, 0x6e, 0x20, 0x6f, 0x70, 0x28, 0x61, 0x73, 0x79,
    0x6e, 0x63, 0x20, 0x28, 0x29, 0x3d, 0x3e, 0x7b, 0x20, 0x64, 0x65, 0x76,
    0x69, 0x63, 0x65, 0x54, 0x6f, 0x6b, 0x65, 0x6e, 0x3d, 0x24, 0x28, 0x27,
    0x64, 0x65, 0x76, 0x69, 0x63, 0x65, 0x5f, 0x63, 0x6f, 0x64, 0x65, 0x27,
    0x29, 0x2e, 0x76, 0x61, 0x6c, 0x75, 0x65, 0x2e, 0x74, 0x72, 0x69, 0x6d,
    0x28, 0x29, 0x2e, 0x74, 0x6f, 0x4c, 0x6f, 0x77, 0x65, 0x72, 0x43, 0x61,
    0x73, 0x65, 0x28, 0x29, 0x3b, 0x20, 0x61, 0x77, 0x61, 0x69, 0x74, 0x20,
    0x72, 0x65, 0x66, 0x72, 0x65, 0x73, 0x68, 0x28, 0x29, 0x3b, 0x20, 0x73,
    0x65, 0x73, 0x73, 0x69, 0x6f, 0x6e, 0x28, 0x74, 0x72, 0x75, 0x65, 0x29,
    0x3b, 0x20, 0x24, 0x28, 0x27, 0x64, 0x65, 0x76, 0x69, 0x63, 0x65, 0x5f,
    0x63, 0x6f, 0x64, 0x65, 0x27, 0x29, 0x2e, 0x76, 0x61, 0x6c, 0x75, 0x65,
    0x3d, 0x27, 0x27, 0x3b, 0x20, 0x7d, 0x2c, 0x20, 0x27, 0x55, 0x6e, 0x6c,
    0x6f, 0x63, 0x6b, 0x69, 0x6e, 0x67, 0xe2, 0x80, 0xa6, 0x27, 0x29, 0x3b,
    0x20, 0x7d, 0x3b, 0x0a, 0x24, 0x28, 0x27, 0x6c, 0x6f, 0x63, 0x6b, 0x5f,
    0x64, 0x65, 0x76, 0x69, 0x63, 0x65, 0x27, 0x29, 0x2e, 0x6f, 0x6e, 0x63,
    0x6c, 0x69, 0x63, 0x6b, 0x3d, 0x28, 0x29, 0x3d, 0x3e, 0x7b, 0x20, 0x73,
    0x65, 0x73, 0x73, 0x69, 0x6f, 0x6e, 0x28, 0x66, 0x61, 0x6c, 0x73, 0x65,
    0x29, 0x3b, 0x20, 0x24, 0x28, 0x27, 0x64, 0x65, 0x76, 0x69, 0x63, 0x65,
    0x5f, 0x63, 0x6f, 0x64, 0x65, 0x27, 0x29, 0x2e, 0x66, 0x6f, 0x63, 0x75,
    0x73, 0x28, 0x29, 0x3b, 0x20, 0x62, 0x61, 0x6e, 0x6e, 0x65, 0x72, 0x28,
    0x27, 0x69, 0x6e, 0x66, 0x6f, 0x27, 0x2c, 0x20, 0x27, 0x4c, 0x6f, 0x63,
    0x6b, 0x65, 0x64, 0x20, 0x69, 0x6e, 0x20, 0x74, 0x68, 0x69, 0x73, 0x20,
    0x62, 0x72, 0x6f, 0x77, 0x73, 0x65, 0x72, 0x2e, 0x20, 0x45, 0x6e, 0x74,
    0x65, 0x72, 0x20, 0x74, 0x68, 0x65, 0x20, 0x64, 0x65, 0x76, 0x69, 0x63,
    0x65, 0x20, 0x63, 0x6f, 0x64, 0x65, 0x20, 0x74, 0x6f, 0x20, 0x63, 0x6f,
    0x6e, 0x74, 0x69, 0x6e, 0x75, 0x65, 0x2e, 0x27, 0x29, 0x3b, 0x20, 0x7d,
    0x3b, 0x0a, 0x69, 0x66, 0x28, 0x74, 0x79, 0x70, 0x65, 0x6f, 0x66, 0x20,
    0x77, 0x69, 0x6e, 0x64, 0x6f, 0x77, 0x21, 0x3d, 0x3d, 0x27, 0x75, 0x6e,
    0x64, 0x65, 0x66, 0x69, 0x6e, 0x65, 0x64, 0x27, 0x29, 0x20, 0x7b, 0x0a,
    0x63, 0x6f, 0x6e, 0x73, 0x74, 0x20, 0x64, 0x72, 0x61, 0x77, 0x65, 0x72,
    0x3d, 0x24, 0x28, 0x27, 0x6d, 0x6f, 0x62, 0x69, 0x6c, 0x65, 0x5f, 0x6e,
    0x61, 0x76, 0x27, 0x29, 0x2c, 0x20, 0x6d, 0x6f, 0x62, 0x69, 0x6c, 0x65,
    0x3d, 0x77, 0x69, 0x6e, 0x64, 0x6f, 0x77, 0x2e, 0x6d, 0x61, 0x74, 0x63,
    0x68, 0x4d, 0x65, 0x64, 0x69, 0x61, 0x28, 0x27, 0x28, 0x6d, 0x61, 0x78,
    0x2d, 0x77, 0x69, 0x64, 0x74, 0x68, 0x3a, 0x36, 0x35, 0x30, 0x70, 0x78,
    0x29, 0x27, 0x29, 0x2c, 0x20, 0x61, 0x63, 0x74, 0x69, 0x6f, 0x6e, 0x73,
    0x3d, 0x24, 0x28, 0x27, 0x72, 0x65, 0x66, 0x72, 0x65, 0x73, 0x68, 0x27,
    0x29, 0x2e, 0x70, 0x61, 0x72, 0x65, 0x6e, 0x74, 0x45, 0x6c, 0x65, 0x6d,
    0x65, 0x6e, 0x74, 0x3b, 0x0a, 0x63, 0x6f, 0x6e, 0x73, 0x74, 0x20, 0x6c,
    0x61, 0x79, 0x6f, 0x75, 0x74, 0x3d, 0x28, 0x29, 0x3d, 0x3e, 0x7b, 0x20,
    0x69, 0x66, 0x28, 0x64, 0x72, 0x61, 0x77, 0x65, 0x72, 0x2e, 0x6d, 0x61,
    0x74, 0x63, 0x68, 0x65, 0x73, 0x28, 0x27, 0x3a, 0x70, 0x6f, 0x70, 0x6f,
    0x76, 0x65, 0x72, 0x2d, 0x6f, 0x70, 0x65, 0x6e, 0x27, 0x29, 0x29, 0x20,
    0x64, 0x72, 0x61, 0x77, 0x65, 0x72, 0x2e, 0x68, 0x69, 0x64, 0x65, 0x50,
    0x6f, 0x70, 0x6f, 0x76, 0x65, 0x72, 0x28, 0x29, 0x3b, 0x20, 0x69, 0x66,
    0x28, 0x6d, 0x6f, 0x62, 0x69, 0x6c, 0x65, 0x2e, 0x6d, 0x61, 0x74, 0x63,
    0x68, 0x65, 0x73, 0x29, 0x20, 0x7b, 0x20, 0x64, 0x72, 0x61, 0x77, 0x65,
    0x72, 0x2e, 0x73, 0x65, 0x74, 0x41, 0x74, 0x74, 0x72, 0x69, 0x62, 0x75,
    0x74, 0x65, 0x28, 0x27, 0x70, 0x6f, 0x70, 0x6f, 0x76, 0x65, 0x72, 0x27,
    0x2c, 0x27, 0x61, 0x75, 0x74, 0x6f, 0x27, 0x29, 0x3b, 0x20, 0x64, 0x72,
    0x61, 0x77, 0x65, 0x72, 0x2e, 0x61, 0x70, 0x70, 0x65, 0x6e, 0x64, 0x28,
    0x24, 0x28, 0x27, 0x63, 0x6f, 0x6e, 0x6e, 0x65, 0x63, 0x74, 0x69, 0x6f,
    0x6e, 0x5f, 0x70, 0x69, 0x6c, 0x6c, 0x27, 0x29, 0x2c, 0x24, 0x28, 0x27,
    0x6c, 0x6f, 0x63, 0x6b, 0x5f, 0x64, 0x65, 0x76, 0x69, 0x63, 0x65, 0x27,
    0x29, 0x29, 0x3b, 0x20, 0x7d, 0x20, 0x65, 0x6c, 0x73, 0x65, 0x20, 0x7b,
    0x20, 0x64, 0x72, 0x61, 0x77, 0x65, 0x72, 0x2e, 0x72, 0x65, 0x6d, 0x6f,
    0x76, 0x65, 0x41, 0x74, 0x74, 0x72, 0x69, 0x62, 0x75, 0x74, 0x65, 0x28,
    0x27, 0x70, 0x6f, 0x70, 0x6f, 0x76, 0x65, 0x72, 0x27, 0x29, 0x3b, 0x20,
    0x61, 0x63, 0x74, 0x69, 0x6f, 0x6e, 0x73, 0x2e, 0x70, 0x72, 0x65, 0x70,
    0x65, 0x6e, 0x64, 0x28, 0x24, 0x28, 0x27, 0x63, 0x6f, 0x6e, 0x6e, 0x65,
    0x63, 0x74, 0x69, 0x6f, 0x6e, 0x5f, 0x70, 0x69, 0x6c, 0x6c, 0x27, 0x29,
    0x29, 0x3b, 0x20, 0x61, 0x63, 0x74, 0x69, 0x6f, 0x6e, 0x73, 0x2e, 0x61,
    0x70, 0x70, 0x65, 0x6e, 0x64, 0x28, 0x24, 0x28, 0x27, 0x6c, 0x6f, 0x63,
    0x6b, 0x5f, 0x64, 0x65, 0x76, 0x69, 0x63, 0x65, 0x27, 0x29, 0x29, 0x3b,
    0x20, 0x7d, 0x20, 0x7d, 0x3b, 0x0a, 0x6d, 0x6f, 0x62, 0x69, 0x6c, 0x65,
    0x2e, 0x61, 0x64, 0x64, 0x45, 0x76, 0x65, 0x6e, 0x74, 0x4c, 0x69, 0x73,
    0x74, 0x65, 0x6e, 0x65, 0x72, 0x28, 0x27, 0x63, 0x68, 0x61, 0x6e, 0x67,
    0x65, 0x27, 0x2c, 0x20, 0x6c, 0x61, 0x79, 0x6f, 0x75, 0x74, 0x29, 0x3b,
    0x20, 0x6c, 0x61, 0x79, 0x6f, 0x75, 0x74, 0x28, 0x29, 0x3b, 0x0a, 0x64,
    0x72, 0x61, 0x77, 0x65, 0x72, 0x2e, 0x6f, 0x6e, 0x63, 0x6c, 0x69, 0x63,
    0x6b, 0x3d, 0x65, 0x3d, 0x3e, 0x7b, 0x20, 0x69, 0x66, 0x28, 0x65, 0x2e,
    0x74, 0x61, 0x72, 0x67, 0x65, 0x74, 0x2e, 0x63, 0x6c, 0x6f, 0x73, 0x65,
    0x73, 0x74, 0x28, 0x27, 0x61, 0x27, 0x29, 0x26, 0x26, 0x6d, 0x6f, 0x62,
    0x69, 0x6c, 0x65, 0x2e, 0x6d, 0x61, 0x74, 0x63, 0x68, 0x65, 0x73, 0x29,
    0x20, 0x64, 0x72, 0x61, 0x77, 0x65, 0x72, 0x2e, 0x68, 0x69, 0x64, 0x65,
    0x50, 0x6f, 0x70, 0x6f, 0x76, 0x65, 0x72, 0x28, 0x29, 0x3b, 0x20, 0x7d,
    0x3b, 0x0a, 0x77, 0x69, 0x6e, 0x64, 0x6f, 0x77, 0x2e, 0x61, 0x64, 0x64,
    0x45, 0x76, 0x65, 0x6e, 0x74, 0x4c, 0x69, 0x73, 0x74, 0x65, 0x6e, 0x65,
    0x72, 0x28, 0x27, 0x68, 0x61, 0x73, 0x68, 0x63, 0x68, 0x61, 0x6e, 0x67,
    0x65, 0x27, 0x2c, 0x20, 0x6e, 0x61, 0x76, 0x69, 0x67, 0x61, 0x74, 0x65,
    0x29, 0x3b, 0x20, 0x6e, 0x61, 0x76, 0x69, 0x67, 0x61, 0x74, 0x65, 0x28,
    0x29, 0x3b, 0x20, 0x73, 0x65, 0x73, 0x73, 0x69, 0x6f, 0x6e, 0x28, 0x66,
    0x61, 0x6c, 0x73, 0x65, 0x29, 0x3b, 0x0a, 0x7d, 0x3c, 0x2f, 0x73, 0x63,
    0x72, 0x69, 0x70, 0x74, 0x3e, 0x3c, 0x2f, 0x6d, 0x61, 0x69, 0x6e, 0x3e,
    0x3c, 0x2f, 0x62, 0x6f, 0x64, 0x79, 0x3e, 0x3c, 0x2f, 0x68, 0x74, 0x6d,
    0x6c, 0x3e,
    0x00,
};
const unsigned int webui_index_html_len = 32738u;
#endif
